[ INFO] 2026-08-02 01:16:28 [time 34869 ms] [JavaFX Application Thread] GameController [lambda$new$1 Line: 104] - Choosen ship 1
[DEBUG] 2026-08-02 01:16:28 [time 35176 ms] [JavaFX Application Thread] GameController [lambda$addEventListeners$0 Line: 59] - angle: 172.00252652819617, rotatedangle: 262.0025265281962
[DEBUG] 2026-08-02 01:16:28 [time 35183 ms] [JavaFX Application Thread] GameController [lambda$addEventListeners$0 Line: 59] - angle: 171.86991204549042, rotatedangle: 261.8699120454904
[DEBUG] 2026-08-02 01:16:28 [time 35191 ms] [JavaFX Application Thread] GameController [lambda$addEventListeners$0 Line: 59] - angle: 170.04934355208684, rotatedangle: 260.04934355208684
[DEBUG] 2026-08-02 01:16:28 [time 35200 ms] [JavaFX Application Thread] GameController [lambda$addEventListeners$0 Line: 59] - angle: 169.60267281332847, rotatedangle: 259.60267281332847
[DEBUG] 2026-08-02 01:16:28 [time 35208 ms] [JavaFX Application Thread] GameController [lambda$addEventListeners$0 Line: 59] - angle: 168.89615082807953, rotatedangle: 258.8961508280795
[DEBUG] 2026-08-02 01:16:28 [time 35215 ms] [JavaFX Application Thread] GameController [lambda$addEventListeners$0 Line: 59] - angle: 167.94322761463587, rotatedangle: 257.9432276146359
[DEBUG] 2026-08-02 01:16:28 [time 35224 ms] [JavaFX Application Thread] GameController [lambda$addEventListeners$0 Line: 59] - angle: 167.471182005386, rotatedangle: 257.471182005386
[DEBUG] 2026-08-02 01:16:28 [time 35232 ms] [JavaFX Application Thread] GameController [lambda$addEventListeners$0 Line: 59] - angle: 166.25093346594966, rotatedangle: 256.25093346594963
[DEBUG] 2026-08-02 01:16:28 [time 35240 ms] [JavaFX Application Thread] GameController [lambda$addEventListeners$0 Line: 59] - angle: 165.66458281753765, rotatedangle: 255.66458281753765
[DEBUG] 2026-08-02 01:16:28 [time 35249 ms] [JavaFX Application Thread] GameController [lambda$addEventListeners$0 Line: 59] - angle: 165.02715523235958, rotatedangle: 255.02715523235958
[DEBUG] 2026-08-02 01:16:28 [time 35257 ms] [JavaFX Application Thread] GameController [lambda$addEventListeners$0 Line: 59] - angle: 164.51148606423266, rotatedangle: 254.51148606423266
[DEBUG] 2026-08-02 01:16:28 [time 35265 ms] [JavaFX Application Thread] GameController [lambda$addEventListeners$0 Line: 59] - angle: 163.7676493388438, rotatedangle: 253.7676493388438
[DEBUG] 2026-08-02 01:16:28 [time 35273 ms] [JavaFX Application Thread] GameController [lambda$addEventListeners$0 Line: 59] - angle: 163.16253472341393, rotatedangle: 253.16253472341393
[DEBUG] 2026-08-02 01:16:28 [time 35281 ms] [JavaFX Application Thread] GameController [lambda$addEventListeners$0 Line: 59] - angle: 162.51201008599242, rotatedangle: 252.51201008599242
[DEBUG] 2026-08-02 01:16:28 [time 35289 ms] [JavaFX Application Thread] GameController [lambda$addEventListeners$0 Line: 59] - angle: 161.81094673166066, rotatedangle: 251.81094673166066
[DEBUG] 2026-08-02 01:16:28 [time 35297 ms] [JavaFX Application Thread] GameController [lambda$addEventListeners$0 Line: 59] - angle: 161.05349531049094, rotatedangle: 251.05349531049094
[DEBUG] 2026-08-02 01:16:28 [time 35306 ms] [JavaFX Application Thread] GameController [lambda$addEventListeners$0 Line: 59] - angle: 161.3010092125208, rotatedangle: 251.3010092125208
[DEBUG] 2026-08-02 01:16:28 [time 35314 ms] [JavaFX Application Thread] GameController [lambda$addEventListeners$0 Line: 59] - angle: 160.46334506187162, rotatedangle: 250.46334506187162
[DEBUG] 2026-08-02 01:16:28 [time 35322 ms] [JavaFX Application Thread] GameController [lambda$addEventListeners$0 Line: 59] - angle: 160.70997130503568, rotatedangle: 250.70997130503568
[DEBUG] 2026-08-02 01:16:28 [time 35331 ms] [JavaFX Application Thread] GameController [lambda$addEventListeners$0 Line: 59] - angle: 160.4077444126696, rotatedangle: 250.4077444126696
[DEBUG] 2026-08-02 01:16:28 [time 35338 ms] [JavaFX Application Thread] GameController [lambda$addEventListeners$0 Line: 59] - angle: 160.97436701911772, rotatedangle: 250.97436701911772
[DEBUG] 2026-08-02 01:16:28 [time 35347 ms] [JavaFX Application Thread] GameController [lambda$addEventListeners$0 Line: 59] - angle: 160.34616704106963, rotatedangle: 250.34616704106963
[DEBUG] 2026-08-02 01:16:28 [time 35355 ms] [JavaFX Application Thread] GameController [lambda$addEventListeners$0 Line: 59] - angle: 160.9422954898717, rotatedangle: 250.9422954898717
[DEBUG] 2026-08-02 01:16:28 [time 35363 ms] [JavaFX Application Thread] GameController [lambda$addEventListeners$0 Line: 59] - angle: 161.87818752467265, rotatedangle: 251.87818752467265
[DEBUG] 2026-08-02 01:16:28 [time 35372 ms] [JavaFX Application Thread] GameController [lambda$addEventListeners$0 Line: 59] - angle: 161.565051177078, rotatedangle: 251.565051177078
[DEBUG] 2026-08-02 01:16:28 [time 35380 ms] [JavaFX Application Thread] GameController [lambda$addEventListeners$0 Line: 59] - angle: 163.4955895580197, rotatedangle: 253.4955895580197
[DEBUG] 2026-08-02 01:16:28 [time 35389 ms] [JavaFX Application Thread] GameController [lambda$addEventListeners$0 Line: 59] - angle: 163.20160853704974, rotatedangle: 253.20160853704974
[DEBUG] 2026-08-02 01:16:28 [time 35397 ms] [JavaFX Application Thread] GameController [lambda$addEventListeners$0 Line: 59] - angle: 165.203195569169, rotatedangle: 255.203195569169
[DEBUG] 2026-08-02 01:16:28 [time 35405 ms] [JavaFX Application Thread] GameController [lambda$addEventListeners$0 Line: 59] - angle: 166.21838338843975, rotatedangle: 256.21838338843975
[DEBUG] 2026-08-02 01:16:28 [time 35413 ms] [JavaFX Application Thread] GameController [lambda$addEventListeners$0 Line: 59] - angle: 168.055842308415, rotatedangle: 258.055842308415
[DEBUG] 2026-08-02 01:16:28 [time 35422 ms] [JavaFX Application Thread] GameController [lambda$addEventListeners$0 Line: 59] - angle: 169.11447294534128, rotatedangle: 259.1144729453413
[DEBUG] 2026-08-02 01:16:28 [time 35430 ms] [JavaFX Application Thread] GameController [lambda$addEventListeners$0 Line: 59] - angle: 171.08509239804008, rotatedangle: 261.08509239804005
[DEBUG] 2026-08-02 01:16:28 [time 35438 ms] [JavaFX Application Thread] GameController [lambda$addEventListeners$0 Line: 59] - angle: 173.15724589288288, rotatedangle: 263.1572458928829
[DEBUG] 2026-08-02 01:16:28 [time 35446 ms] [JavaFX Application Thread] GameController [lambda$addEventListeners$0 Line: 59] - angle: 174.053100909376, rotatedangle: 264.053100909376
[DEBUG] 2026-08-02 01:16:28 [time 35455 ms] [JavaFX Application Thread] GameController [lambda$addEventListeners$0 Line: 59] - angle: 176.26858530985228, rotatedangle: 266.26858530985226
[DEBUG] 2026-08-02 01:16:28 [time 35463 ms] [JavaFX Application Thread] GameController [lambda$addEventListeners$0 Line: 59] - angle: 179.9999796682669, rotatedangle: 269.99997966826686
[DEBUG] 2026-08-02 01:16:28 [time 35472 ms] [JavaFX Application Thread] GameController [lambda$addEventListeners$0 Line: 59] - angle: -178.6361140764397, rotatedangle: -88.6361140764397
[DEBUG] 2026-08-02 01:16:28 [time 35480 ms] [JavaFX Application Thread] GameController [lambda$addEventListeners$0 Line: 59] - angle: -175.60127064558606, rotatedangle: -85.60127064558606
[DEBUG] 2026-08-02 01:16:28 [time 35488 ms] [JavaFX Application Thread] GameController [lambda$addEventListeners$0 Line: 59] - angle: -172.0928167806314, rotatedangle: -82.09281678063141
[DEBUG] 2026-08-02 01:16:28 [time 35496 ms] [JavaFX Application Thread] GameController [lambda$addEventListeners$0 Line: 59] - angle: -169.6951022410751, rotatedangle: -79.69510224107509
[DEBUG] 2026-08-02 01:16:28 [time 35502 ms] [JavaFX Application Thread] GameController [lambda$addEventListeners$0 Line: 59] - angle: -165.52970589993413, rotatedangle: -75.52970589993413
[DEBUG] 2026-08-02 01:16:28 [time 35510 ms] [JavaFX Application Thread] GameController [lambda$addEventListeners$0 Line: 59] - angle: -162.18109188199836, rotatedangle: -72.18109188199836
[DEBUG] 2026-08-02 01:16:28 [time 35518 ms] [JavaFX Application Thread] GameController [lambda$addEventListeners$0 Line: 59] - angle: -154.44009669921405, rotatedangle: -64.44009669921405
[DEBUG] 2026-08-02 01:16:28 [time 35527 ms] [JavaFX Application Thread] GameController [lambda$addEventListeners$0 Line: 59] - angle: -146.97619390394487, rotatedangle: -56.976193903944875
[DEBUG] 2026-08-02 01:16:28 [time 35535 ms] [JavaFX Application Thread] GameController [lambda$addEventListeners$0 Line: 59] - angle: -135.0, rotatedangle: -45.0
[DEBUG] 2026-08-02 01:16:28 [time 35547 ms] [JavaFX Application Thread] GameController [lambda$addEventListeners$0 Line: 59] - angle: -125.21759296819272, rotatedangle: -35.21759296819272
[DEBUG] 2026-08-02 01:16:28 [time 35551 ms] [JavaFX Application Thread] GameController [lambda$addEventListeners$0 Line: 59] - angle: -116.56503174896439, rotatedangle: -26.565031748964387
[DEBUG] 2026-08-02 01:16:28 [time 35559 ms] [JavaFX Application Thread] GameController [lambda$addEventListeners$0 Line: 59] - angle: -106.69929636904139, rotatedangle: -16.69929636904139
[DEBUG] 2026-08-02 01:16:28 [time 35567 ms] [JavaFX Application Thread] GameController [lambda$addEventListeners$0 Line: 59] - angle: -97.7652440460483, rotatedangle: -7.765244046048295
[DEBUG] 2026-08-02 01:16:28 [time 35576 ms] [JavaFX Application Thread] GameController [lambda$addEventListeners$0 Line: 59] - angle: -92.48951663176145, rotatedangle: -2.4895166317614468
[DEBUG] 2026-08-02 01:16:28 [time 35584 ms] [JavaFX Application Thread] GameController [lambda$addEventListeners$0 Line: 59] - angle: -85.42607874009914, rotatedangle: 4.573921259900857
[DEBUG] 2026-08-02 01:16:28 [time 35593 ms] [JavaFX Application Thread] GameController [lambda$addEventListeners$0 Line: 59] - angle: -79.11447294534128, rotatedangle: 10.885527054658724
[DEBUG] 2026-08-02 01:16:28 [time 35601 ms] [JavaFX Application Thread] GameController [lambda$addEventListeners$0 Line: 59] - angle: -75.96377857236196, rotatedangle: 14.03622142763804
[DEBUG] 2026-08-02 01:16:28 [time 35609 ms] [JavaFX Application Thread] GameController [lambda$addEventListeners$0 Line: 59] - angle: -72.75855956558853, rotatedangle: 17.241440434411473
[DEBUG] 2026-08-02 01:16:28 [time 35617 ms] [JavaFX Application Thread] GameController [lambda$addEventListeners$0 Line: 59] - angle: -69.86368030239841, rotatedangle: 20.136319697601593
[DEBUG] 2026-08-02 01:16:28 [time 35626 ms] [JavaFX Application Thread] GameController [lambda$addEventListeners$0 Line: 59] - angle: -67.24900973088803, rotatedangle: 22.750990269111966
[DEBUG] 2026-08-02 01:16:28 [time 35634 ms] [JavaFX Application Thread] GameController [lambda$addEventListeners$0 Line: 59] - angle: -65.556025259198, rotatedangle: 24.443974740802005
[DEBUG] 2026-08-02 01:16:28 [time 35642 ms] [JavaFX Application Thread] GameController [lambda$addEventListeners$0 Line: 59] - angle: -65.43280978913872, rotatedangle: 24.567190210861284
[DEBUG] 2026-08-02 01:16:28 [time 35650 ms] [JavaFX Application Thread] GameController [lambda$addEventListeners$0 Line: 59] - angle: -63.43496825100248, rotatedangle: 26.56503174899752
[DEBUG] 2026-08-02 01:16:28 [time 35658 ms] [JavaFX Application Thread] GameController [lambda$addEventListeners$0 Line: 59] - angle: -62.850318302216834, rotatedangle: 27.149681697783166
[DEBUG] 2026-08-02 01:16:28 [time 35666 ms] [JavaFX Application Thread] GameController [lambda$addEventListeners$0 Line: 59] - angle: -62.878722139843916, rotatedangle: 27.121277860156084
[DEBUG] 2026-08-02 01:16:29 [time 35674 ms] [JavaFX Application Thread] GameController [lambda$addEventListeners$0 Line: 59] - angle: -63.43490719126254, rotatedangle: 26.56509280873746
[DEBUG] 2026-08-02 01:16:29 [time 35682 ms] [JavaFX Application Thread] GameController [lambda$addEventListeners$0 Line: 59] - angle: -64.9830831230976, rotatedangle: 25.0169168769024
[DEBUG] 2026-08-02 01:16:29 [time 35695 ms] [JavaFX Application Thread] GameController [lambda$addEventListeners$0 Line: 59] - angle: -65.462280071179, rotatedangle: 24.537719928821005
[DEBUG] 2026-08-02 01:16:29 [time 35699 ms] [JavaFX Application Thread] GameController [lambda$addEventListeners$0 Line: 59] - angle: -65.92450174492117, rotatedangle: 24.075498255078827
[DEBUG] 2026-08-02 01:16:29 [time 35707 ms] [JavaFX Application Thread] GameController [lambda$addEventListeners$0 Line: 59] - angle: -69.19323007230128, rotatedangle: 20.806769927698724
[DEBUG] 2026-08-02 01:16:29 [time 35715 ms] [JavaFX Application Thread] GameController [lambda$addEventListeners$0 Line: 59] - angle: -72.58205950254474, rotatedangle: 17.417940497455263
[DEBUG] 2026-08-02 01:16:29 [time 35723 ms] [JavaFX Application Thread] GameController [lambda$addEventListeners$0 Line: 59] - angle: -77.24246783912332, rotatedangle: 12.757532160876679
[DEBUG] 2026-08-02 01:16:29 [time 35731 ms] [JavaFX Application Thread] GameController [lambda$addEventListeners$0 Line: 59] - angle: -84.61067034752924, rotatedangle: 5.389329652470764
[DEBUG] 2026-08-02 01:16:29 [time 35739 ms] [JavaFX Application Thread] GameController [lambda$addEventListeners$0 Line: 59] - angle: -94.15964229371265, rotatedangle: -4.1596422937126505
[DEBUG] 2026-08-02 01:16:29 [time 35747 ms] [JavaFX Application Thread] GameController [lambda$addEventListeners$0 Line: 59] - angle: -111.80139441282164, rotatedangle: -21.801394412821637
[DEBUG] 2026-08-02 01:16:29 [time 35756 ms] [JavaFX Application Thread] GameController [lambda$addEventListeners$0 Line: 59] - angle: -125.80334673564482, rotatedangle: -35.80334673564482
[DEBUG] 2026-08-02 01:16:29 [time 35764 ms] [JavaFX Application Thread] GameController [lambda$addEventListeners$0 Line: 59] - angle: -142.07893565463547, rotatedangle: -52.07893565463547
[DEBUG] 2026-08-02 01:16:29 [time 35772 ms] [JavaFX Application Thread] GameController [lambda$addEventListeners$0 Line: 59] - angle: -145.42072390468286, rotatedangle: -55.42072390468286
[DEBUG] 2026-08-02 01:16:29 [time 35780 ms] [JavaFX Application Thread] GameController [lambda$addEventListeners$0 Line: 59] - angle: -149.49563989102808, rotatedangle: -59.49563989102808
[DEBUG] 2026-08-02 01:16:29 [time 35789 ms] [JavaFX Application Thread] GameController [lambda$addEventListeners$0 Line: 59] - angle: -150.73880880051968, rotatedangle: -60.73880880051968
[DEBUG] 2026-08-02 01:16:29 [time 35797 ms] [JavaFX Application Thread] GameController [lambda$addEventListeners$0 Line: 59] - angle: -151.04278439432855, rotatedangle: -61.04278439432855
[DEBUG] 2026-08-02 01:16:29 [time 35805 ms] [JavaFX Application Thread] GameController [lambda$addEventListeners$0 Line: 59] - angle: -151.92751306414706, rotatedangle: -61.927513064147064
[DEBUG] 2026-08-02 01:16:29 [time 35813 ms] [JavaFX Application Thread] GameController [lambda$addEventListeners$0 Line: 59] - angle: -151.8937361083484, rotatedangle: -61.893736108348406
[DEBUG] 2026-08-02 01:16:29 [time 35821 ms] [JavaFX Application Thread] GameController [lambda$addEventListeners$0 Line: 59] - angle: -152.07397348905184, rotatedangle: -62.07397348905184
[DEBUG] 2026-08-02 01:16:29 [time 35830 ms] [JavaFX Application Thread] GameController [lambda$addEventListeners$0 Line: 59] - angle: -151.62620226166985, rotatedangle: -61.626202261669846
[DEBUG] 2026-08-02 01:16:29 [time 35838 ms] [JavaFX Application Thread] GameController [lambda$addEventListeners$0 Line: 59] - angle: -151.53764578576795, rotatedangle: -61.53764578576795
[DEBUG] 2026-08-02 01:16:29 [time 35847 ms] [JavaFX Application Thread] GameController [lambda$addEventListeners$0 Line: 59] - angle: -151.3050994966676, rotatedangle: -61.305099496667594
[DEBUG] 2026-08-02 01:16:29 [time 35855 ms] [JavaFX Application Thread] GameController [lambda$addEventListeners$0 Line: 59] - angle: -151.30509562065657, rotatedangle: -61.30509562065657
[ INFO] 2026-08-02 01:16:29 [time 36340 ms] [JavaFX Application Thread] PlayerShip [updateAndCollidePlayerShip Line: 598] - PlayerShip collided with enemy ship
[ INFO] 2026-08-02 01:16:29 [time 36348 ms] [JavaFX Application Thread] PlayerShip [updateAndCollidePlayerShip Line: 673] - Remaining Life: 2
[DEBUG] 2026-08-02 01:16:30 [time 36985 ms] [JavaFX Application Thread] GameController [lambda$addEventListeners$0 Line: 59] - angle: -151.30510270183194, rotatedangle: -61.30510270183194
[DEBUG] 2026-08-02 01:16:30 [time 36993 ms] [JavaFX Application Thread] GameController [lambda$addEventListeners$0 Line: 59] - angle: -150.65694715618747, rotatedangle: -60.65694715618747
[DEBUG] 2026-08-02 01:16:30 [time 37001 ms] [JavaFX Application Thread] GameController [lambda$addEventListeners$0 Line: 59] - angle: -149.562754763968, rotatedangle: -59.562754763968
[DEBUG] 2026-08-02 01:16:30 [time 37009 ms] [JavaFX Application Thread] GameController [lambda$addEventListeners$0 Line: 59] - angle: -148.5431780952961, rotatedangle: -58.5431780952961
[DEBUG] 2026-08-02 01:16:30 [time 37017 ms] [JavaFX Application Thread] GameController [lambda$addEventListeners$0 Line: 59] - angle: -145.7945408102096, rotatedangle: -55.79454081020961
[DEBUG] 2026-08-02 01:16:30 [time 37025 ms] [JavaFX Application Thread] GameController [lambda$addEventListeners$0 Line: 59] - angle: -144.1623470457217, rotatedangle: -54.1623470457217
[DEBUG] 2026-08-02 01:16:30 [time 37033 ms] [JavaFX Application Thread] GameController [lambda$addEventListeners$0 Line: 59] - angle: -137.9288581996931, rotatedangle: -47.92885819969311
[DEBUG] 2026-08-02 01:16:30 [time 37042 ms] [JavaFX Application Thread] GameController [lambda$addEventListeners$0 Line: 59] - angle: -136.1232941461517, rotatedangle: -46.12329414615169
[DEBUG] 2026-08-02 01:16:30 [time 37049 ms] [JavaFX Application Thread] GameController [lambda$addEventListeners$0 Line: 59] - angle: -130.31409144741897, rotatedangle: -40.314091447418974
[DEBUG] 2026-08-02 01:16:30 [time 37058 ms] [JavaFX Application Thread] GameController [lambda$addEventListeners$0 Line: 59] - angle: -125.42577038735685, rotatedangle: -35.42577038735685
[DEBUG] 2026-08-02 01:16:30 [time 37065 ms] [JavaFX Application Thread] GameController [lambda$addEventListeners$0 Line: 59] - angle: -120.3321832043083, rotatedangle: -30.332183204308294
[DEBUG] 2026-08-02 01:16:30 [time 37074 ms] [JavaFX Application Thread] GameController [lambda$addEventListeners$0 Line: 59] - angle: -113.96250069152215, rotatedangle: -23.962500691522152
[DEBUG] 2026-08-02 01:16:30 [time 37082 ms] [JavaFX Application Thread] GameController [lambda$addEventListeners$0 Line: 59] - angle: -108.04781508202565, rotatedangle: -18.04781508202565
[DEBUG] 2026-08-02 01:16:30 [time 37090 ms] [JavaFX Application Thread] GameController [lambda$addEventListeners$0 Line: 59] - angle: -106.2849277599785, rotatedangle: -16.2849277599785
[DEBUG] 2026-08-02 01:16:30 [time 37099 ms] [JavaFX Application Thread] GameController [lambda$addEventListeners$0 Line: 59] - angle: -102.18364504419117, rotatedangle: -12.183645044191167
[DEBUG] 2026-08-02 01:16:30 [time 37107 ms] [JavaFX Application Thread] GameController [lambda$addEventListeners$0 Line: 59] - angle: -98.49856724025086, rotatedangle: -8.498567240250864
[DEBUG] 2026-08-02 01:16:30 [time 37115 ms] [JavaFX Application Thread] GameController [lambda$addEventListeners$0 Line: 59] - angle: -96.63250341858674, rotatedangle: -6.632503418586737
[DEBUG] 2026-08-02 01:16:30 [time 37123 ms] [JavaFX Application Thread] GameController [lambda$addEventListeners$0 Line: 59] - angle: -94.65334994325303, rotatedangle: -4.653349943253033
[DEBUG] 2026-08-02 01:16:30 [time 37131 ms] [JavaFX Application Thread] GameController [lambda$addEventListeners$0 Line: 59] - angle: -93.99092250923759, rotatedangle: -3.990922509237592
[DEBUG] 2026-08-02 01:16:30 [time 37139 ms] [JavaFX Application Thread] GameController [lambda$addEventListeners$0 Line: 59] - angle: -92.66299015034049, rotatedangle: -2.662990150340491
[DEBUG] 2026-08-02 01:16:30 [time 37147 ms] [JavaFX Application Thread] GameController [lambda$addEventListeners$0 Line: 59] - angle: -92.66300076606716, rotatedangle: -2.6630007660671566
[DEBUG] 2026-08-02 01:16:30 [time 37156 ms] [JavaFX Application Thread] GameController [lambda$addEventListeners$0 Line: 59] - angle: -91.9978700571596, rotatedangle: -1.9978700571596022
[DEBUG] 2026-08-02 01:16:30 [time 37164 ms] [JavaFX Application Thread] GameController [lambda$addEventListeners$0 Line: 59] - angle: -91.99788965579017, rotatedangle: -1.9978896557901749
[DEBUG] 2026-08-02 01:16:30 [time 37172 ms] [JavaFX Application Thread] GameController [lambda$addEventListeners$0 Line: 59] - angle: -91.33222977794807, rotatedangle: -1.332229777948072
[DEBUG] 2026-08-02 01:16:30 [time 37180 ms] [JavaFX Application Thread] GameController [lambda$addEventListeners$0 Line: 59] - angle: -91.3322297779481, rotatedangle: -1.3322297779481005
[DEBUG] 2026-08-02 01:16:30 [time 37188 ms] [JavaFX Application Thread] GameController [lambda$addEventListeners$0 Line: 59] - angle: -91.33222977794807, rotatedangle: -1.332229777948072
[DEBUG] 2026-08-02 01:16:30 [time 37196 ms] [JavaFX Application Thread] GameController [lambda$addEventListeners$0 Line: 59] - angle: -90.65855310975768, rotatedangle: -0.6585531097576762
[DEBUG] 2026-08-02 01:16:30 [time 37205 ms] [JavaFX Application Thread] GameController [lambda$addEventListeners$0 Line: 59] - angle: -90.65106015446734, rotatedangle: -0.6510601544673449
[DEBUG] 2026-08-02 01:16:30 [time 37213 ms] [JavaFX Application Thread] GameController [lambda$addEventListeners$0 Line: 59] - angle: -90.0, rotatedangle: 0.0
[DEBUG] 2026-08-02 01:16:30 [time 37221 ms] [JavaFX Application Thread] GameController [lambda$addEventListeners$0 Line: 59] - angle: -89.36340642403653, rotatedangle: 0.6365935759634738
[DEBUG] 2026-08-02 01:16:30 [time 37230 ms] [JavaFX Application Thread] GameController [lambda$addEventListeners$0 Line: 59] - angle: -88.7546260283604, rotatedangle: 1.2453739716395944
[DEBUG] 2026-08-02 01:16:30 [time 37239 ms] [JavaFX Application Thread] GameController [lambda$addEventListeners$0 Line: 59] - angle: -88.1523994278552, rotatedangle: 1.847600572144799
[DEBUG] 2026-08-02 01:16:30 [time 37246 ms] [JavaFX Application Thread] GameController [lambda$addEventListeners$0 Line: 59] - angle: -86.98721249581666, rotatedangle: 3.0127875041833363
[DEBUG] 2026-08-02 01:16:30 [time 37255 ms] [JavaFX Application Thread] GameController [lambda$addEventListeners$0 Line: 59] - angle: -86.46044083145004, rotatedangle: 3.539559168549957
[DEBUG] 2026-08-02 01:16:30 [time 37264 ms] [JavaFX Application Thread] GameController [lambda$addEventListeners$0 Line: 59] - angle: -85.38008741894278, rotatedangle: 4.619912581057221
[DEBUG] 2026-08-02 01:16:30 [time 37272 ms] [JavaFX Application Thread] GameController [lambda$addEventListeners$0 Line: 59] - angle: -84.90787399183365, rotatedangle: 5.092126008166346
[DEBUG] 2026-08-02 01:16:30 [time 37280 ms] [JavaFX Application Thread] GameController [lambda$addEventListeners$0 Line: 59] - angle: -84.45469191626105, rotatedangle: 5.545308083738945
[DEBUG] 2026-08-02 01:16:30 [time 37288 ms] [JavaFX Application Thread] GameController [lambda$addEventListeners$0 Line: 59] - angle: -84.01940047523655, rotatedangle: 5.9805995247634485
[DEBUG] 2026-08-02 01:16:30 [time 37296 ms] [JavaFX Application Thread] GameController [lambda$addEventListeners$0 Line: 59] - angle: -83.60103439846957, rotatedangle: 6.398965601530435
[DEBUG] 2026-08-02 01:16:30 [time 37304 ms] [JavaFX Application Thread] GameController [lambda$addEventListeners$0 Line: 59] - angle: -83.19869402748905, rotatedangle: 6.801305972510946
[DEBUG] 2026-08-02 01:16:30 [time 37314 ms] [JavaFX Application Thread] GameController [lambda$addEventListeners$0 Line: 59] - angle: -82.74680339643174, rotatedangle: 7.253196603568256
[DEBUG] 2026-08-02 01:16:30 [time 37322 ms] [JavaFX Application Thread] GameController [lambda$addEventListeners$0 Line: 59] - angle: -82.87497500452804, rotatedangle: 7.125024995471961
[DEBUG] 2026-08-02 01:16:30 [time 37330 ms] [JavaFX Application Thread] GameController [lambda$addEventListeners$0 Line: 59] - angle: -82.8749836510982, rotatedangle: 7.125016348901795
[DEBUG] 2026-08-02 01:16:30 [time 37338 ms] [JavaFX Application Thread] GameController [lambda$addEventListeners$0 Line: 59] - angle: -82.43858018444682, rotatedangle: 7.5614198155531795
[DEBUG] 2026-08-02 01:16:30 [time 37343 ms] [JavaFX Application Thread] GameController [lambda$addEventListeners$0 Line: 59] - angle: -82.43857157233303, rotatedangle: 7.561428427666968
[DEBUG] 2026-08-02 01:16:30 [time 37352 ms] [JavaFX Application Thread] GameController [lambda$addEventListeners$0 Line: 59] - angle: -82.50413581370451, rotatedangle: 7.495864186295492
[DEBUG] 2026-08-02 01:16:30 [time 37360 ms] [JavaFX Application Thread] GameController [lambda$addEventListeners$0 Line: 59] - angle: -82.01067969888425, rotatedangle: 7.989320301115754
[DEBUG] 2026-08-02 01:16:30 [time 37376 ms] [JavaFX Application Thread] GameController [lambda$addEventListeners$0 Line: 59] - angle: -82.0106667683239, rotatedangle: 7.989333231676099
[ INFO] 2026-08-02 01:16:32 [time 39349 ms] [JavaFX Application Thread] PlayerShip [updateAndCollidePlayerShip Line: 598] - PlayerShip collided with enemy ship
[ INFO] 2026-08-02 01:16:32 [time 39353 ms] [JavaFX Application Thread] PlayerShip [updateAndCollidePlayerShip Line: 673] - Remaining Life: 1
[DEBUG] 2026-08-02 01:16:32 [time 39623 ms] [JavaFX Application Thread] PlayerShip [moveTop Line: 149] - Moving Top
[DEBUG] 2026-08-02 01:16:32 [time 39631 ms] [JavaFX Application Thread] PlayerShip [moveTop Line: 149] - Moving Top
[DEBUG] 2026-08-02 01:16:32 [time 39640 ms] [JavaFX Application Thread] PlayerShip [moveTop Line: 149] - Moving Top
[DEBUG] 2026-08-02 01:16:32 [time 39648 ms] [JavaFX Application Thread] PlayerShip [moveTop Line: 149] - Moving Top
[DEBUG] 2026-08-02 01:16:32 [time 39656 ms] [JavaFX Application Thread] PlayerShip [moveTop Line: 149] - Moving Top
[DEBUG] 2026-08-02 01:16:32 [time 39665 ms] [JavaFX Application Thread] PlayerShip [moveTop Line: 149] - Moving Top
[DEBUG] 2026-08-02 01:16:33 [time 39673 ms] [JavaFX Application Thread] PlayerShip [moveTop Line: 149] - Moving Top
[DEBUG] 2026-08-02 01:16:33 [time 39681 ms] [JavaFX Application Thread] PlayerShip [moveTop Line: 149] - Moving Top
[DEBUG] 2026-08-02 01:16:33 [time 39690 ms] [JavaFX Application Thread] PlayerShip [moveTop Line: 149] - Moving Top
[DEBUG] 2026-08-02 01:16:33 [time 39698 ms] [JavaFX Application Thread] PlayerShip [moveTop Line: 149] - Moving Top
[DEBUG] 2026-08-02 01:16:33 [time 39706 ms] [JavaFX Application Thread] PlayerShip [moveTop Line: 149] - Moving Top
[DEBUG] 2026-08-02 01:16:33 [time 39715 ms] [JavaFX Application Thread] PlayerShip [moveTop Line: 149] - Moving Top
[DEBUG] 2026-08-02 01:16:33 [time 39723 ms] [JavaFX Application Thread] PlayerShip [moveTop Line: 149] - Moving Top
[DEBUG] 2026-08-02 01:16:33 [time 39731 ms] [JavaFX Application Thread] PlayerShip [moveTop Line: 149] - Moving Top
[DEBUG] 2026-08-02 01:16:33 [time 39740 ms] [JavaFX Application Thread] PlayerShip [moveTop Line: 149] - Moving Top
[DEBUG] 2026-08-02 01:16:33 [time 39748 ms] [JavaFX Application Thread] PlayerShip [moveTop Line: 149] - Moving Top
[DEBUG] 2026-08-02 01:16:33 [time 39757 ms] [JavaFX Application Thread] PlayerShip [moveTop Line: 149] - Moving Top
[DEBUG] 2026-08-02 01:16:33 [time 39765 ms] [JavaFX Application Thread] PlayerShip [moveTop Line: 149] - Moving Top
[DEBUG] 2026-08-02 01:16:33 [time 39773 ms] [JavaFX Application Thread] PlayerShip [moveTop Line: 149] - Moving Top
[DEBUG] 2026-08-02 01:16:33 [time 39781 ms] [JavaFX Application Thread] PlayerShip [moveTop Line: 149] - Moving Top
[DEBUG] 2026-08-02 01:16:33 [time 39790 ms] [JavaFX Application Thread] PlayerShip [moveTop Line: 149] - Moving Top
[DEBUG] 2026-08-02 01:16:33 [time 39798 ms] [JavaFX Application Thread] PlayerShip [moveLeft Line: 139] - Moving Left
[DEBUG] 2026-08-02 01:16:33 [time 39799 ms] [JavaFX Application Thread] PlayerShip [moveTop Line: 149] - Moving Top
[DEBUG] 2026-08-02 01:16:33 [time 39806 ms] [JavaFX Application Thread] PlayerShip [moveLeft Line: 139] - Moving Left
[DEBUG] 2026-08-02 01:16:33 [time 39807 ms] [JavaFX Application Thread] PlayerShip [moveTop Line: 149] - Moving Top
[DEBUG] 2026-08-02 01:16:33 [time 39815 ms] [JavaFX Application Thread] PlayerShip [moveLeft Line: 139] - Moving Left
[DEBUG] 2026-08-02 01:16:33 [time 39815 ms] [JavaFX Application Thread] PlayerShip [moveTop Line: 149] - Moving Top
[DEBUG] 2026-08-02 01:16:33 [time 39823 ms] [JavaFX Application Thread] PlayerShip [moveLeft Line: 139] - Moving Left
[DEBUG] 2026-08-02 01:16:33 [time 39823 ms] [JavaFX Application Thread] PlayerShip [moveTop Line: 149] - Moving Top
[DEBUG] 2026-08-02 01:16:33 [time 39831 ms] [JavaFX Application Thread] PlayerShip [moveLeft Line: 139] - Moving Left
[DEBUG] 2026-08-02 01:16:33 [time 39832 ms] [JavaFX Application Thread] PlayerShip [moveTop Line: 149] - Moving Top
[DEBUG] 2026-08-02 01:16:33 [time 39840 ms] [JavaFX Application Thread] PlayerShip [moveLeft Line: 139] - Moving Left
[DEBUG] 2026-08-02 01:16:33 [time 39848 ms] [JavaFX Application Thread] PlayerShip [moveLeft Line: 139] - Moving Left
[DEBUG] 2026-08-02 01:16:33 [time 39856 ms] [JavaFX Application Thread] PlayerShip [moveLeft Line: 139] - Moving Left
[DEBUG] 2026-08-02 01:16:33 [time 39864 ms] [JavaFX Application Thread] PlayerShip [moveLeft Line: 139] - Moving Left
[DEBUG] 2026-08-02 01:16:33 [time 39872 ms] [JavaFX Application Thread] PlayerShip [moveLeft Line: 139] - Moving Left
[DEBUG] 2026-08-02 01:16:33 [time 39881 ms] [JavaFX Application Thread] PlayerShip [moveLeft Line: 139] - Moving Left
[DEBUG] 2026-08-02 01:16:33 [time 39889 ms] [JavaFX Application Thread] PlayerShip [moveLeft Line: 139] - Moving Left
[DEBUG] 2026-08-02 01:16:33 [time 39898 ms] [JavaFX Application Thread] PlayerShip [moveLeft Line: 139] - Moving Left
[DEBUG] 2026-08-02 01:16:33 [time 39906 ms] [JavaFX Application Thread] PlayerShip [moveLeft Line: 139] - Moving Left
[DEBUG] 2026-08-02 01:16:33 [time 39914 ms] [JavaFX Application Thread] PlayerShip [moveLeft Line: 139] - Moving Left
[DEBUG] 2026-08-02 01:16:33 [time 39923 ms] [JavaFX Application Thread] PlayerShip [moveLeft Line: 139] - Moving Left
[DEBUG] 2026-08-02 01:16:33 [time 39931 ms] [JavaFX Application Thread] PlayerShip [moveLeft Line: 139] - Moving Left
[DEBUG] 2026-08-02 01:16:33 [time 39939 ms] [JavaFX Application Thread] PlayerShip [moveLeft Line: 139] - Moving Left
[DEBUG] 2026-08-02 01:16:33 [time 39948 ms] [JavaFX Application Thread] PlayerShip [moveLeft Line: 139] - Moving Left
[DEBUG] 2026-08-02 01:16:33 [time 39956 ms] [JavaFX Application Thread] PlayerShip [moveLeft Line: 139] - Moving Left
[DEBUG] 2026-08-02 01:16:33 [time 39964 ms] [JavaFX Application Thread] PlayerShip [moveLeft Line: 139] - Moving Left
[DEBUG] 2026-08-02 01:16:33 [time 39973 ms] [JavaFX Application Thread] PlayerShip [moveLeft Line: 139] - Moving Left
[DEBUG] 2026-08-02 01:16:33 [time 39981 ms] [JavaFX Application Thread] PlayerShip [moveLeft Line: 139] - Moving Left
[DEBUG] 2026-08-02 01:16:33 [time 39989 ms] [JavaFX Application Thread] PlayerShip [moveLeft Line: 139] - Moving Left
[DEBUG] 2026-08-02 01:16:33 [time 39998 ms] [JavaFX Application Thread] PlayerShip [moveLeft Line: 139] - Moving Left
[DEBUG] 2026-08-02 01:16:33 [time 40006 ms] [JavaFX Application Thread] PlayerShip [moveLeft Line: 139] - Moving Left
[DEBUG] 2026-08-02 01:16:33 [time 40014 ms] [JavaFX Application Thread] PlayerShip [moveLeft Line: 139] - Moving Left
[DEBUG] 2026-08-02 01:16:33 [time 40023 ms] [JavaFX Application Thread] PlayerShip [moveLeft Line: 139] - Moving Left
[DEBUG] 2026-08-02 01:16:33 [time 40031 ms] [JavaFX Application Thread] PlayerShip [moveLeft Line: 139] - Moving Left
[DEBUG] 2026-08-02 01:16:33 [time 40040 ms] [JavaFX Application Thread] PlayerShip [moveLeft Line: 139] - Moving Left
[DEBUG] 2026-08-02 01:16:33 [time 40089 ms] [JavaFX Application Thread] PlayerShip [moveRight Line: 144] - Moving Right
[DEBUG] 2026-08-02 01:16:33 [time 40098 ms] [JavaFX Application Thread] PlayerShip [moveRight Line: 144] - Moving Right
[DEBUG] 2026-08-02 01:16:33 [time 40106 ms] [JavaFX Application Thread] PlayerShip [moveRight Line: 144] - Moving Right
[DEBUG] 2026-08-02 01:16:33 [time 40114 ms] [JavaFX Application Thread] PlayerShip [moveRight Line: 144] - Moving Right
[DEBUG] 2026-08-02 01:16:33 [time 40123 ms] [JavaFX Application Thread] PlayerShip [moveRight Line: 144] - Moving Right
[DEBUG] 2026-08-02 01:16:33 [time 40131 ms] [JavaFX Application Thread] PlayerShip [moveRight Line: 144] - Moving Right
[DEBUG] 2026-08-02 01:16:33 [time 40139 ms] [JavaFX Application Thread] PlayerShip [moveRight Line: 144] - Moving Right
[DEBUG] 2026-08-02 01:16:33 [time 40148 ms] [JavaFX Application Thread] PlayerShip [moveRight Line: 144] - Moving Right
[DEBUG] 2026-08-02 01:16:33 [time 40156 ms] [JavaFX Application Thread] PlayerShip [moveRight Line: 144] - Moving Right
[DEBUG] 2026-08-02 01:16:33 [time 40164 ms] [JavaFX Application Thread] PlayerShip [moveRight Line: 144] - Moving Right
[DEBUG] 2026-08-02 01:16:33 [time 40173 ms] [JavaFX Application Thread] PlayerShip [moveRight Line: 144] - Moving Right
[DEBUG] 2026-08-02 01:16:33 [time 40181 ms] [JavaFX Application Thread] PlayerShip [moveRight Line: 144] - Moving Right
[DEBUG] 2026-08-02 01:16:33 [time 40189 ms] [JavaFX Application Thread] PlayerShip [moveRight Line: 144] - Moving Right
[DEBUG] 2026-08-02 01:16:33 [time 40198 ms] [JavaFX Application Thread] PlayerShip [moveRight Line: 144] - Moving Right
[DEBUG] 2026-08-02 01:16:33 [time 40206 ms] [JavaFX Application Thread] PlayerShip [moveRight Line: 144] - Moving Right
[DEBUG] 2026-08-02 01:16:33 [time 40214 ms] [JavaFX Application Thread] PlayerShip [moveRight Line: 144] - Moving Right
[DEBUG] 2026-08-02 01:16:33 [time 40223 ms] [JavaFX Application Thread] PlayerShip [moveRight Line: 144] - Moving Right
[DEBUG] 2026-08-02 01:16:33 [time 40231 ms] [JavaFX Application Thread] PlayerShip [moveRight Line: 144] - Moving Right
[DEBUG] 2026-08-02 01:16:33 [time 40240 ms] [JavaFX Application Thread] PlayerShip [moveRight Line: 144] - Moving Right
[DEBUG] 2026-08-02 01:16:33 [time 40248 ms] [JavaFX Application Thread] PlayerShip [moveRight Line: 144] - Moving Right
[DEBUG] 2026-08-02 01:16:33 [time 40256 ms] [JavaFX Application Thread] PlayerShip [moveRight Line: 144] - Moving Right
[DEBUG] 2026-08-02 01:16:33 [time 40265 ms] [JavaFX Application Thread] PlayerShip [moveRight Line: 144] - Moving Right
[DEBUG] 2026-08-02 01:16:33 [time 40273 ms] [JavaFX Application Thread] PlayerShip [moveRight Line: 144] - Moving Right
[DEBUG] 2026-08-02 01:16:33 [time 40281 ms] [JavaFX Application Thread] PlayerShip [moveRight Line: 144] - Moving Right
[DEBUG] 2026-08-02 01:16:33 [time 40289 ms] [JavaFX Application Thread] PlayerShip [moveRight Line: 144] - Moving Right
[DEBUG] 2026-08-02 01:16:33 [time 40298 ms] [JavaFX Application Thread] PlayerShip [moveRight Line: 144] - Moving Right
[DEBUG] 2026-08-02 01:16:33 [time 40306 ms] [JavaFX Application Thread] PlayerShip [moveRight Line: 144] - Moving Right
[DEBUG] 2026-08-02 01:16:33 [time 40315 ms] [JavaFX Application Thread] PlayerShip [moveRight Line: 144] - Moving Right
[DEBUG] 2026-08-02 01:16:33 [time 40323 ms] [JavaFX Application Thread] PlayerShip [moveRight Line: 144] - Moving Right
[DEBUG] 2026-08-02 01:16:33 [time 40331 ms] [JavaFX Application Thread] PlayerShip [moveRight Line: 144] - Moving Right
[DEBUG] 2026-08-02 01:16:33 [time 40340 ms] [JavaFX Application Thread] PlayerShip [moveRight Line: 144] - Moving Right
[DEBUG] 2026-08-02 01:16:33 [time 40348 ms] [JavaFX Application Thread] PlayerShip [moveRight Line: 144] - Moving Right
[DEBUG] 2026-08-02 01:16:33 [time 40356 ms] [JavaFX Application Thread] PlayerShip [moveRight Line: 144] - Moving Right
[DEBUG] 2026-08-02 01:16:33 [time 40364 ms] [JavaFX Application Thread] PlayerShip [moveRight Line: 144] - Moving Right
[DEBUG] 2026-08-02 01:16:33 [time 40373 ms] [JavaFX Application Thread] PlayerShip [moveRight Line: 144] - Moving Right
[DEBUG] 2026-08-02 01:16:33 [time 40381 ms] [JavaFX Application Thread] PlayerShip [moveRight Line: 144] - Moving Right
[DEBUG] 2026-08-02 01:16:33 [time 40389 ms] [JavaFX Application Thread] PlayerShip [moveRight Line: 144] - Moving Right
[DEBUG] 2026-08-02 01:16:33 [time 40398 ms] [JavaFX Application Thread] PlayerShip [moveRight Line: 144] - Moving Right
[DEBUG] 2026-08-02 01:16:33 [time 40406 ms] [JavaFX Application Thread] PlayerShip [moveRight Line: 144] - Moving Right
[DEBUG] 2026-08-02 01:16:33 [time 40415 ms] [JavaFX Application Thread] PlayerShip [moveRight Line: 144] - Moving Right
[DEBUG] 2026-08-02 01:16:33 [time 40423 ms] [JavaFX Application Thread] PlayerShip [moveRight Line: 144] - Moving Right
[DEBUG] 2026-08-02 01:16:33 [time 40431 ms] [JavaFX Application Thread] PlayerShip [moveRight Line: 144] - Moving Right
[DEBUG] 2026-08-02 01:16:33 [time 40440 ms] [JavaFX Application Thread] PlayerShip [moveRight Line: 144] - Moving Right
[DEBUG] 2026-08-02 01:16:33 [time 40448 ms] [JavaFX Application Thread] PlayerShip [moveRight Line: 144] - Moving Right
[DEBUG] 2026-08-02 01:16:33 [time 40456 ms] [JavaFX Application Thread] PlayerShip [moveRight Line: 144] - Moving Right
[DEBUG] 2026-08-02 01:16:33 [time 40465 ms] [JavaFX Application Thread] PlayerShip [moveRight Line: 144] - Moving Right
[DEBUG] 2026-08-02 01:16:33 [time 40473 ms] [JavaFX Application Thread] PlayerShip [moveRight Line: 144] - Moving Right
[DEBUG] 2026-08-02 01:16:33 [time 40481 ms] [JavaFX Application Thread] PlayerShip [moveRight Line: 144] - Moving Right
[DEBUG] 2026-08-02 01:16:33 [time 40490 ms] [JavaFX Application Thread] PlayerShip [moveRight Line: 144] - Moving Right
[DEBUG] 2026-08-02 01:16:33 [time 40498 ms] [JavaFX Application Thread] PlayerShip [moveRight Line: 144] - Moving Right
[DEBUG] 2026-08-02 01:16:33 [time 40506 ms] [JavaFX Application Thread] PlayerShip [moveRight Line: 144] - Moving Right
[DEBUG] 2026-08-02 01:16:33 [time 40514 ms] [JavaFX Application Thread] PlayerShip [moveRight Line: 144] - Moving Right
[DEBUG] 2026-08-02 01:16:33 [time 40523 ms] [JavaFX Application Thread] PlayerShip [moveRight Line: 144] - Moving Right
[DEBUG] 2026-08-02 01:16:33 [time 40531 ms] [JavaFX Application Thread] PlayerShip [moveRight Line: 144] - Moving Right
[DEBUG] 2026-08-02 01:16:33 [time 40540 ms] [JavaFX Application Thread] PlayerShip [moveRight Line: 144] - Moving Right
[DEBUG] 2026-08-02 01:16:33 [time 40548 ms] [JavaFX Application Thread] PlayerShip [moveRight Line: 144] - Moving Right
[DEBUG] 2026-08-02 01:16:33 [time 40556 ms] [JavaFX Application Thread] PlayerShip [moveRight Line: 144] - Moving Right
[DEBUG] 2026-08-02 01:16:33 [time 40565 ms] [JavaFX Application Thread] PlayerShip [moveRight Line: 144] - Moving Right
[DEBUG] 2026-08-02 01:16:33 [time 40573 ms] [JavaFX Application Thread] PlayerShip [moveRight Line: 144] - Moving Right
[DEBUG] 2026-08-02 01:16:33 [time 40581 ms] [JavaFX Application Thread] PlayerShip [moveRight Line: 144] - Moving Right
[DEBUG] 2026-08-02 01:16:33 [time 40589 ms] [JavaFX Application Thread] PlayerShip [moveRight Line: 144] - Moving Right
[DEBUG] 2026-08-02 01:16:33 [time 40598 ms] [JavaFX Application Thread] PlayerShip [moveRight Line: 144] - Moving Right
[DEBUG] 2026-08-02 01:16:33 [time 40606 ms] [JavaFX Application Thread] PlayerShip [moveRight Line: 144] - Moving Right
[DEBUG] 2026-08-02 01:16:33 [time 40614 ms] [JavaFX Application Thread] PlayerShip [moveRight Line: 144] - Moving Right
[DEBUG] 2026-08-02 01:16:33 [time 40623 ms] [JavaFX Application Thread] PlayerShip [moveRight Line: 144] - Moving Right
[DEBUG] 2026-08-02 01:16:33 [time 40631 ms] [JavaFX Application Thread] PlayerShip [moveRight Line: 144] - Moving Right
[DEBUG] 2026-08-02 01:16:33 [time 40639 ms] [JavaFX Application Thread] PlayerShip [moveRight Line: 144] - Moving Right
[DEBUG] 2026-08-02 01:16:33 [time 40648 ms] [JavaFX Application Thread] PlayerShip [moveRight Line: 144] - Moving Right
[DEBUG] 2026-08-02 01:16:33 [time 40656 ms] [JavaFX Application Thread] PlayerShip [moveRight Line: 144] - Moving Right
[DEBUG] 2026-08-02 01:16:33 [time 40664 ms] [JavaFX Application Thread] PlayerShip [moveRight Line: 144] - Moving Right
[DEBUG] 2026-08-02 01:16:34 [time 40673 ms] [JavaFX Application Thread] PlayerShip [moveRight Line: 144] - Moving Right
[DEBUG] 2026-08-02 01:16:34 [time 40681 ms] [JavaFX Application Thread] PlayerShip [moveRight Line: 144] - Moving Right
[DEBUG] 2026-08-02 01:16:34 [time 40690 ms] [JavaFX Application Thread] PlayerShip [moveRight Line: 144] - Moving Right
[DEBUG] 2026-08-02 01:16:34 [time 40698 ms] [JavaFX Application Thread] PlayerShip [moveRight Line: 144] - Moving Right
[DEBUG] 2026-08-02 01:16:34 [time 40706 ms] [JavaFX Application Thread] PlayerShip [moveRight Line: 144] - Moving Right
[DEBUG] 2026-08-02 01:16:34 [time 40714 ms] [JavaFX Application Thread] PlayerShip [moveRight Line: 144] - Moving Right
[DEBUG] 2026-08-02 01:16:34 [time 40723 ms] [JavaFX Application Thread] PlayerShip [moveRight Line: 144] - Moving Right
[DEBUG] 2026-08-02 01:16:34 [time 40731 ms] [JavaFX Application Thread] PlayerShip [moveRight Line: 144] - Moving Right
[DEBUG] 2026-08-02 01:16:34 [time 40739 ms] [JavaFX Application Thread] PlayerShip [moveRight Line: 144] - Moving Right
[DEBUG] 2026-08-02 01:16:34 [time 40748 ms] [JavaFX Application Thread] PlayerShip [moveRight Line: 144] - Moving Right
[DEBUG] 2026-08-02 01:16:34 [time 40756 ms] [JavaFX Application Thread] PlayerShip [moveRight Line: 144] - Moving Right
[DEBUG] 2026-08-02 01:16:34 [time 40764 ms] [JavaFX Application Thread] PlayerShip [moveRight Line: 144] - Moving Right
[DEBUG] 2026-08-02 01:16:34 [time 40773 ms] [JavaFX Application Thread] PlayerShip [moveRight Line: 144] - Moving Right
[DEBUG] 2026-08-02 01:16:34 [time 40781 ms] [JavaFX Application Thread] PlayerShip [moveRight Line: 144] - Moving Right
[DEBUG] 2026-08-02 01:16:34 [time 40789 ms] [JavaFX Application Thread] PlayerShip [moveRight Line: 144] - Moving Right
[DEBUG] 2026-08-02 01:16:34 [time 40798 ms] [JavaFX Application Thread] PlayerShip [moveRight Line: 144] - Moving Right
[DEBUG] 2026-08-02 01:16:34 [time 40806 ms] [JavaFX Application Thread] PlayerShip [moveRight Line: 144] - Moving Right
[DEBUG] 2026-08-02 01:16:34 [time 40814 ms] [JavaFX Application Thread] PlayerShip [moveRight Line: 144] - Moving Right
[DEBUG] 2026-08-02 01:16:34 [time 40823 ms] [JavaFX Application Thread] PlayerShip [moveRight Line: 144] - Moving Right
[DEBUG] 2026-08-02 01:16:34 [time 40831 ms] [JavaFX Application Thread] PlayerShip [moveRight Line: 144] - Moving Right
[DEBUG] 2026-08-02 01:16:34 [time 40831 ms] [JavaFX Application Thread] PlayerShip [moveBottom Line: 154] - Moving Bottom
[DEBUG] 2026-08-02 01:16:34 [time 40839 ms] [JavaFX Application Thread] PlayerShip [moveRight Line: 144] - Moving Right
[DEBUG] 2026-08-02 01:16:34 [time 40840 ms] [JavaFX Application Thread] PlayerShip [moveBottom Line: 154] - Moving Bottom
[DEBUG] 2026-08-02 01:16:34 [time 40848 ms] [JavaFX Application Thread] PlayerShip [moveRight Line: 144] - Moving Right
[DEBUG] 2026-08-02 01:16:34 [time 40848 ms] [JavaFX Application Thread] PlayerShip [moveBottom Line: 154] - Moving Bottom
[DEBUG] 2026-08-02 01:16:34 [time 40856 ms] [JavaFX Application Thread] PlayerShip [moveRight Line: 144] - Moving Right
[DEBUG] 2026-08-02 01:16:34 [time 40857 ms] [JavaFX Application Thread] PlayerShip [moveBottom Line: 154] - Moving Bottom
[DEBUG] 2026-08-02 01:16:34 [time 40865 ms] [JavaFX Application Thread] PlayerShip [moveRight Line: 144] - Moving Right
[DEBUG] 2026-08-02 01:16:34 [time 40865 ms] [JavaFX Application Thread] PlayerShip [moveBottom Line: 154] - Moving Bottom
[DEBUG] 2026-08-02 01:16:34 [time 40873 ms] [JavaFX Application Thread] PlayerShip [moveRight Line: 144] - Moving Right
[DEBUG] 2026-08-02 01:16:34 [time 40873 ms] [JavaFX Application Thread] PlayerShip [moveBottom Line: 154] - Moving Bottom
[DEBUG] 2026-08-02 01:16:34 [time 40881 ms] [JavaFX Application Thread] PlayerShip [moveRight Line: 144] - Moving Right
[DEBUG] 2026-08-02 01:16:34 [time 40881 ms] [JavaFX Application Thread] PlayerShip [moveBottom Line: 154] - Moving Bottom
[DEBUG] 2026-08-02 01:16:34 [time 40890 ms] [JavaFX Application Thread] PlayerShip [moveRight Line: 144] - Moving Right
[DEBUG] 2026-08-02 01:16:34 [time 40890 ms] [JavaFX Application Thread] PlayerShip [moveBottom Line: 154] - Moving Bottom
[DEBUG] 2026-08-02 01:16:34 [time 40898 ms] [JavaFX Application Thread] PlayerShip [moveRight Line: 144] - Moving Right
[DEBUG] 2026-08-02 01:16:34 [time 40898 ms] [JavaFX Application Thread] PlayerShip [moveBottom Line: 154] - Moving Bottom
[DEBUG] 2026-08-02 01:16:34 [time 40906 ms] [JavaFX Application Thread] PlayerShip [moveRight Line: 144] - Moving Right
[DEBUG] 2026-08-02 01:16:34 [time 40906 ms] [JavaFX Application Thread] PlayerShip [moveBottom Line: 154] - Moving Bottom
[DEBUG] 2026-08-02 01:16:34 [time 40914 ms] [JavaFX Application Thread] PlayerShip [moveRight Line: 144] - Moving Right
[DEBUG] 2026-08-02 01:16:34 [time 40915 ms] [JavaFX Application Thread] PlayerShip [moveBottom Line: 154] - Moving Bottom
[DEBUG] 2026-08-02 01:16:34 [time 40923 ms] [JavaFX Application Thread] PlayerShip [moveRight Line: 144] - Moving Right
[DEBUG] 2026-08-02 01:16:34 [time 40923 ms] [JavaFX Application Thread] PlayerShip [moveBottom Line: 154] - Moving Bottom
[DEBUG] 2026-08-02 01:16:34 [time 40931 ms] [JavaFX Application Thread] PlayerShip [moveRight Line: 144] - Moving Right
[DEBUG] 2026-08-02 01:16:34 [time 40931 ms] [JavaFX Application Thread] PlayerShip [moveBottom Line: 154] - Moving Bottom
[DEBUG] 2026-08-02 01:16:34 [time 40939 ms] [JavaFX Application Thread] PlayerShip [moveRight Line: 144] - Moving Right
[DEBUG] 2026-08-02 01:16:34 [time 40940 ms] [JavaFX Application Thread] PlayerShip [moveBottom Line: 154] - Moving Bottom
[DEBUG] 2026-08-02 01:16:34 [time 40948 ms] [JavaFX Application Thread] PlayerShip [moveRight Line: 144] - Moving Right
[DEBUG] 2026-08-02 01:16:34 [time 40948 ms] [JavaFX Application Thread] PlayerShip [moveBottom Line: 154] - Moving Bottom
[DEBUG] 2026-08-02 01:16:34 [time 40956 ms] [JavaFX Application Thread] PlayerShip [moveRight Line: 144] - Moving Right
[DEBUG] 2026-08-02 01:16:34 [time 40956 ms] [JavaFX Application Thread] PlayerShip [moveBottom Line: 154] - Moving Bottom
[DEBUG] 2026-08-02 01:16:34 [time 40964 ms] [JavaFX Application Thread] PlayerShip [moveRight Line: 144] - Moving Right
[DEBUG] 2026-08-02 01:16:34 [time 40965 ms] [JavaFX Application Thread] PlayerShip [moveBottom Line: 154] - Moving Bottom
[DEBUG] 2026-08-02 01:16:34 [time 40973 ms] [JavaFX Application Thread] PlayerShip [moveRight Line: 144] - Moving Right
[DEBUG] 2026-08-02 01:16:34 [time 40973 ms] [JavaFX Application Thread] PlayerShip [moveBottom Line: 154] - Moving Bottom
[DEBUG] 2026-08-02 01:16:34 [time 40980 ms] [JavaFX Application Thread] PlayerShip [moveRight Line: 144] - Moving Right
[DEBUG] 2026-08-02 01:16:34 [time 40981 ms] [JavaFX Application Thread] PlayerShip [moveBottom Line: 154] - Moving Bottom
[DEBUG] 2026-08-02 01:16:34 [time 40990 ms] [JavaFX Application Thread] PlayerShip [moveRight Line: 144] - Moving Right
[DEBUG] 2026-08-02 01:16:34 [time 40990 ms] [JavaFX Application Thread] PlayerShip [moveBottom Line: 154] - Moving Bottom
[DEBUG] 2026-08-02 01:16:34 [time 40998 ms] [JavaFX Application Thread] PlayerShip [moveRight Line: 144] - Moving Right
[DEBUG] 2026-08-02 01:16:34 [time 40998 ms] [JavaFX Application Thread] PlayerShip [moveBottom Line: 154] - Moving Bottom
[DEBUG] 2026-08-02 01:16:34 [time 41006 ms] [JavaFX Application Thread] PlayerShip [moveRight Line: 144] - Moving Right
[DEBUG] 2026-08-02 01:16:34 [time 41006 ms] [JavaFX Application Thread] PlayerShip [moveBottom Line: 154] - Moving Bottom
[DEBUG] 2026-08-02 01:16:34 [time 41015 ms] [JavaFX Application Thread] PlayerShip [moveBottom Line: 154] - Moving Bottom
[DEBUG] 2026-08-02 01:16:34 [time 41023 ms] [JavaFX Application Thread] PlayerShip [moveBottom Line: 154] - Moving Bottom
[DEBUG] 2026-08-02 01:16:34 [time 41031 ms] [JavaFX Application Thread] PlayerShip [moveBottom Line: 154] - Moving Bottom
[DEBUG] 2026-08-02 01:16:34 [time 41040 ms] [JavaFX Application Thread] PlayerShip [moveBottom Line: 154] - Moving Bottom
[DEBUG] 2026-08-02 01:16:34 [time 41048 ms] [JavaFX Application Thread] PlayerShip [moveBottom Line: 154] - Moving Bottom
[DEBUG] 2026-08-02 01:16:34 [time 41056 ms] [JavaFX Application Thread] PlayerShip [moveBottom Line: 154] - Moving Bottom
[DEBUG] 2026-08-02 01:16:34 [time 41065 ms] [JavaFX Application Thread] PlayerShip [moveBottom Line: 154] - Moving Bottom
[DEBUG] 2026-08-02 01:16:34 [time 41073 ms] [JavaFX Application Thread] PlayerShip [moveBottom Line: 154] - Moving Bottom
[DEBUG] 2026-08-02 01:16:34 [time 41081 ms] [JavaFX Application Thread] PlayerShip [moveBottom Line: 154] - Moving Bottom
[DEBUG] 2026-08-02 01:16:34 [time 41089 ms] [JavaFX Application Thread] PlayerShip [moveBottom Line: 154] - Moving Bottom
[DEBUG] 2026-08-02 01:16:34 [time 41098 ms] [JavaFX Application Thread] PlayerShip [moveBottom Line: 154] - Moving Bottom
[DEBUG] 2026-08-02 01:16:34 [time 41106 ms] [JavaFX Application Thread] PlayerShip [moveBottom Line: 154] - Moving Bottom
[DEBUG] 2026-08-02 01:16:34 [time 41114 ms] [JavaFX Application Thread] PlayerShip [moveBottom Line: 154] - Moving Bottom
[DEBUG] 2026-08-02 01:16:34 [time 41123 ms] [JavaFX Application Thread] PlayerShip [moveBottom Line: 154] - Moving Bottom
[DEBUG] 2026-08-02 01:16:34 [time 41131 ms] [JavaFX Application Thread] PlayerShip [moveBottom Line: 154] - Moving Bottom
[DEBUG] 2026-08-02 01:16:34 [time 41139 ms] [JavaFX Application Thread] PlayerShip [moveBottom Line: 154] - Moving Bottom
[DEBUG] 2026-08-02 01:16:34 [time 41148 ms] [JavaFX Application Thread] PlayerShip [moveBottom Line: 154] - Moving Bottom
[DEBUG] 2026-08-02 01:16:34 [time 41156 ms] [JavaFX Application Thread] PlayerShip [moveBottom Line: 154] - Moving Bottom
[DEBUG] 2026-08-02 01:16:34 [time 41164 ms] [JavaFX Application Thread] PlayerShip [moveLeft Line: 139] - Moving Left
[DEBUG] 2026-08-02 01:16:34 [time 41165 ms] [JavaFX Application Thread] PlayerShip [moveBottom Line: 154] - Moving Bottom
[DEBUG] 2026-08-02 01:16:34 [time 41173 ms] [JavaFX Application Thread] PlayerShip [moveLeft Line: 139] - Moving Left
[DEBUG] 2026-08-02 01:16:34 [time 41173 ms] [JavaFX Application Thread] PlayerShip [moveBottom Line: 154] - Moving Bottom
[DEBUG] 2026-08-02 01:16:34 [time 41181 ms] [JavaFX Application Thread] PlayerShip [moveLeft Line: 139] - Moving Left
[DEBUG] 2026-08-02 01:16:34 [time 41181 ms] [JavaFX Application Thread] PlayerShip [moveBottom Line: 154] - Moving Bottom
[DEBUG] 2026-08-02 01:16:34 [time 41189 ms] [JavaFX Application Thread] PlayerShip [moveLeft Line: 139] - Moving Left
[DEBUG] 2026-08-02 01:16:34 [time 41190 ms] [JavaFX Application Thread] PlayerShip [moveBottom Line: 154] - Moving Bottom
[DEBUG] 2026-08-02 01:16:34 [time 41198 ms] [JavaFX Application Thread] PlayerShip [moveLeft Line: 139] - Moving Left
[DEBUG] 2026-08-02 01:16:34 [time 41198 ms] [JavaFX Application Thread] PlayerShip [moveBottom Line: 154] - Moving Bottom
[DEBUG] 2026-08-02 01:16:34 [time 41206 ms] [JavaFX Application Thread] PlayerShip [moveLeft Line: 139] - Moving Left
[DEBUG] 2026-08-02 01:16:34 [time 41206 ms] [JavaFX Application Thread] PlayerShip [moveBottom Line: 154] - Moving Bottom
[DEBUG] 2026-08-02 01:16:34 [time 41214 ms] [JavaFX Application Thread] PlayerShip [moveLeft Line: 139] - Moving Left
[DEBUG] 2026-08-02 01:16:34 [time 41214 ms] [JavaFX Application Thread] PlayerShip [moveBottom Line: 154] - Moving Bottom
[DEBUG] 2026-08-02 01:16:34 [time 41223 ms] [JavaFX Application Thread] PlayerShip [moveLeft Line: 139] - Moving Left
[DEBUG] 2026-08-02 01:16:34 [time 41223 ms] [JavaFX Application Thread] PlayerShip [moveBottom Line: 154] - Moving Bottom
[DEBUG] 2026-08-02 01:16:34 [time 41231 ms] [JavaFX Application Thread] PlayerShip [moveLeft Line: 139] - Moving Left
[DEBUG] 2026-08-02 01:16:34 [time 41231 ms] [JavaFX Application Thread] PlayerShip [moveBottom Line: 154] - Moving Bottom
[DEBUG] 2026-08-02 01:16:34 [time 41239 ms] [JavaFX Application Thread] PlayerShip [moveLeft Line: 139] - Moving Left
[DEBUG] 2026-08-02 01:16:34 [time 41239 ms] [JavaFX Application Thread] PlayerShip [moveBottom Line: 154] - Moving Bottom
[DEBUG] 2026-08-02 01:16:34 [time 41248 ms] [JavaFX Application Thread] PlayerShip [moveLeft Line: 139] - Moving Left
[DEBUG] 2026-08-02 01:16:34 [time 41248 ms] [JavaFX Application Thread] PlayerShip [moveBottom Line: 154] - Moving Bottom
[DEBUG] 2026-08-02 01:16:34 [time 41256 ms] [JavaFX Application Thread] PlayerShip [moveLeft Line: 139] - Moving Left
[DEBUG] 2026-08-02 01:16:34 [time 41256 ms] [JavaFX Application Thread] PlayerShip [moveBottom Line: 154] - Moving Bottom
[DEBUG] 2026-08-02 01:16:34 [time 41264 ms] [JavaFX Application Thread] PlayerShip [moveLeft Line: 139] - Moving Left
[DEBUG] 2026-08-02 01:16:34 [time 41264 ms] [JavaFX Application Thread] PlayerShip [moveBottom Line: 154] - Moving Bottom
[DEBUG] 2026-08-02 01:16:34 [time 41273 ms] [JavaFX Application Thread] PlayerShip [moveLeft Line: 139] - Moving Left
[DEBUG] 2026-08-02 01:16:34 [time 41273 ms] [JavaFX Application Thread] PlayerShip [moveBottom Line: 154] - Moving Bottom
[DEBUG] 2026-08-02 01:16:34 [time 41281 ms] [JavaFX Application Thread] PlayerShip [moveLeft Line: 139] - Moving Left
[DEBUG] 2026-08-02 01:16:34 [time 41281 ms] [JavaFX Application Thread] PlayerShip [moveBottom Line: 154] - Moving Bottom
[DEBUG] 2026-08-02 01:16:34 [time 41289 ms] [JavaFX Application Thread] PlayerShip [moveLeft Line: 139] - Moving Left
[DEBUG] 2026-08-02 01:16:34 [time 41289 ms] [JavaFX Application Thread] PlayerShip [moveBottom Line: 154] - Moving Bottom
[DEBUG] 2026-08-02 01:16:34 [time 41298 ms] [JavaFX Application Thread] PlayerShip [moveLeft Line: 139] - Moving Left
[DEBUG] 2026-08-02 01:16:34 [time 41298 ms] [JavaFX Application Thread] PlayerShip [moveBottom Line: 154] - Moving Bottom
[DEBUG] 2026-08-02 01:16:34 [time 41306 ms] [JavaFX Application Thread] PlayerShip [moveLeft Line: 139] - Moving Left
[DEBUG] 2026-08-02 01:16:34 [time 41306 ms] [JavaFX Application Thread] PlayerShip [moveBottom Line: 154] - Moving Bottom
[DEBUG] 2026-08-02 01:16:34 [time 41314 ms] [JavaFX Application Thread] PlayerShip [moveLeft Line: 139] - Moving Left
[DEBUG] 2026-08-02 01:16:34 [time 41315 ms] [JavaFX Application Thread] PlayerShip [moveBottom Line: 154] - Moving Bottom
[DEBUG] 2026-08-02 01:16:34 [time 41323 ms] [JavaFX Application Thread] PlayerShip [moveLeft Line: 139] - Moving Left
[DEBUG] 2026-08-02 01:16:34 [time 41323 ms] [JavaFX Application Thread] PlayerShip [moveBottom Line: 154] - Moving Bottom
[DEBUG] 2026-08-02 01:16:34 [time 41331 ms] [JavaFX Application Thread] PlayerShip [moveLeft Line: 139] - Moving Left
[DEBUG] 2026-08-02 01:16:34 [time 41331 ms] [JavaFX Application Thread] PlayerShip [moveBottom Line: 154] - Moving Bottom
[DEBUG] 2026-08-02 01:16:34 [time 41339 ms] [JavaFX Application Thread] PlayerShip [moveLeft Line: 139] - Moving Left
[DEBUG] 2026-08-02 01:16:34 [time 41340 ms] [JavaFX Application Thread] PlayerShip [moveBottom Line: 154] - Moving Bottom
[DEBUG] 2026-08-02 01:16:34 [time 41348 ms] [JavaFX Application Thread] PlayerShip [moveLeft Line: 139] - Moving Left
[DEBUG] 2026-08-02 01:16:34 [time 41348 ms] [JavaFX Application Thread] PlayerShip [moveBottom Line: 154] - Moving Bottom
[DEBUG] 2026-08-02 01:16:34 [time 41356 ms] [JavaFX Application Thread] PlayerShip [moveLeft Line: 139] - Moving Left
[DEBUG] 2026-08-02 01:16:34 [time 41356 ms] [JavaFX Application Thread] PlayerShip [moveBottom Line: 154] - Moving Bottom
[DEBUG] 2026-08-02 01:16:34 [time 41364 ms] [JavaFX Application Thread] PlayerShip [moveLeft Line: 139] - Moving Left
[DEBUG] 2026-08-02 01:16:34 [time 41365 ms] [JavaFX Application Thread] PlayerShip [moveBottom Line: 154] - Moving Bottom
[DEBUG] 2026-08-02 01:16:34 [time 41373 ms] [JavaFX Application Thread] PlayerShip [moveLeft Line: 139] - Moving Left
[DEBUG] 2026-08-02 01:16:34 [time 41373 ms] [JavaFX Application Thread] PlayerShip [moveBottom Line: 154] - Moving Bottom
[DEBUG] 2026-08-02 01:16:34 [time 41381 ms] [JavaFX Application Thread] PlayerShip [moveLeft Line: 139] - Moving Left
[DEBUG] 2026-08-02 01:16:34 [time 41381 ms] [JavaFX Application Thread] PlayerShip [moveBottom Line: 154] - Moving Bottom
[DEBUG] 2026-08-02 01:16:34 [time 41389 ms] [JavaFX Application Thread] PlayerShip [moveLeft Line: 139] - Moving Left
[DEBUG] 2026-08-02 01:16:34 [time 41390 ms] [JavaFX Application Thread] PlayerShip [moveBottom Line: 154] - Moving Bottom
[DEBUG] 2026-08-02 01:16:34 [time 41398 ms] [JavaFX Application Thread] PlayerShip [moveLeft Line: 139] - Moving Left
[DEBUG] 2026-08-02 01:16:34 [time 41398 ms] [JavaFX Application Thread] PlayerShip [moveBottom Line: 154] - Moving Bottom
[DEBUG] 2026-08-02 01:16:34 [time 41406 ms] [JavaFX Application Thread] PlayerShip [moveLeft Line: 139] - Moving Left
[DEBUG] 2026-08-02 01:16:34 [time 41406 ms] [JavaFX Application Thread] PlayerShip [moveBottom Line: 154] - Moving Bottom
[DEBUG] 2026-08-02 01:16:34 [time 41414 ms] [JavaFX Application Thread] PlayerShip [moveLeft Line: 139] - Moving Left
[DEBUG] 2026-08-02 01:16:34 [time 41415 ms] [JavaFX Application Thread] PlayerShip [moveBottom Line: 154] - Moving Bottom
[DEBUG] 2026-08-02 01:16:34 [time 41423 ms] [JavaFX Application Thread] PlayerShip [moveLeft Line: 139] - Moving Left
[DEBUG] 2026-08-02 01:16:34 [time 41423 ms] [JavaFX Application Thread] PlayerShip [moveBottom Line: 154] - Moving Bottom
[DEBUG] 2026-08-02 01:16:34 [time 41431 ms] [JavaFX Application Thread] PlayerShip [moveLeft Line: 139] - Moving Left
[DEBUG] 2026-08-02 01:16:34 [time 41431 ms] [JavaFX Application Thread] PlayerShip [moveBottom Line: 154] - Moving Bottom
[DEBUG] 2026-08-02 01:16:34 [time 41440 ms] [JavaFX Application Thread] PlayerShip [moveLeft Line: 139] - Moving Left
[DEBUG] 2026-08-02 01:16:34 [time 41440 ms] [JavaFX Application Thread] PlayerShip [moveBottom Line: 154] - Moving Bottom
[DEBUG] 2026-08-02 01:16:34 [time 41448 ms] [JavaFX Application Thread] PlayerShip [moveLeft Line: 139] - Moving Left
[DEBUG] 2026-08-02 01:16:34 [time 41448 ms] [JavaFX Application Thread] PlayerShip [moveBottom Line: 154] - Moving Bottom
[DEBUG] 2026-08-02 01:16:34 [time 41456 ms] [JavaFX Application Thread] PlayerShip [moveLeft Line: 139] - Moving Left
[DEBUG] 2026-08-02 01:16:34 [time 41456 ms] [JavaFX Application Thread] PlayerShip [moveBottom Line: 154] - Moving Bottom
[DEBUG] 2026-08-02 01:16:34 [time 41465 ms] [JavaFX Application Thread] PlayerShip [moveLeft Line: 139] - Moving Left
[DEBUG] 2026-08-02 01:16:34 [time 41473 ms] [JavaFX Application Thread] PlayerShip [moveLeft Line: 139] - Moving Left
[DEBUG] 2026-08-02 01:16:34 [time 41481 ms] [JavaFX Application Thread] PlayerShip [moveLeft Line: 139] - Moving Left
[DEBUG] 2026-08-02 01:16:34 [time 41490 ms] [JavaFX Application Thread] PlayerShip [moveLeft Line: 139] - Moving Left
[DEBUG] 2026-08-02 01:16:34 [time 41498 ms] [JavaFX Application Thread] PlayerShip [moveLeft Line: 139] - Moving Left
[DEBUG] 2026-08-02 01:16:34 [time 41506 ms] [JavaFX Application Thread] PlayerShip [moveLeft Line: 139] - Moving Left
[DEBUG] 2026-08-02 01:16:34 [time 41515 ms] [JavaFX Application Thread] PlayerShip [moveLeft Line: 139] - Moving Left
[DEBUG] 2026-08-02 01:16:34 [time 41522 ms] [JavaFX Application Thread] PlayerShip [moveLeft Line: 139] - Moving Left
[DEBUG] 2026-08-02 01:16:34 [time 41531 ms] [JavaFX Application Thread] PlayerShip [moveLeft Line: 139] - Moving Left
[DEBUG] 2026-08-02 01:16:34 [time 41539 ms] [JavaFX Application Thread] PlayerShip [moveLeft Line: 139] - Moving Left
[DEBUG] 2026-08-02 01:16:34 [time 41548 ms] [JavaFX Application Thread] PlayerShip [moveLeft Line: 139] - Moving Left
[DEBUG] 2026-08-02 01:16:34 [time 41556 ms] [JavaFX Application Thread] PlayerShip [moveLeft Line: 139] - Moving Left
[DEBUG] 2026-08-02 01:16:34 [time 41564 ms] [JavaFX Application Thread] PlayerShip [moveLeft Line: 139] - Moving Left
[DEBUG] 2026-08-02 01:16:34 [time 41573 ms] [JavaFX Application Thread] PlayerShip [moveLeft Line: 139] - Moving Left
[DEBUG] 2026-08-02 01:16:34 [time 41581 ms] [JavaFX Application Thread] PlayerShip [moveLeft Line: 139] - Moving Left
[DEBUG] 2026-08-02 01:16:34 [time 41589 ms] [JavaFX Application Thread] PlayerShip [moveLeft Line: 139] - Moving Left
[DEBUG] 2026-08-02 01:16:34 [time 41598 ms] [JavaFX Application Thread] PlayerShip [moveLeft Line: 139] - Moving Left
[DEBUG] 2026-08-02 01:16:34 [time 41606 ms] [JavaFX Application Thread] PlayerShip [moveLeft Line: 139] - Moving Left
[DEBUG] 2026-08-02 01:16:34 [time 41614 ms] [JavaFX Application Thread] PlayerShip [moveLeft Line: 139] - Moving Left
[DEBUG] 2026-08-02 01:16:34 [time 41623 ms] [JavaFX Application Thread] PlayerShip [moveLeft Line: 139] - Moving Left
[DEBUG] 2026-08-02 01:16:34 [time 41631 ms] [JavaFX Application Thread] PlayerShip [moveLeft Line: 139] - Moving Left
[DEBUG] 2026-08-02 01:16:34 [time 41639 ms] [JavaFX Application Thread] PlayerShip [moveLeft Line: 139] - Moving Left
[DEBUG] 2026-08-02 01:16:34 [time 41648 ms] [JavaFX Application Thread] PlayerShip [moveLeft Line: 139] - Moving Left
[DEBUG] 2026-08-02 01:16:34 [time 41656 ms] [JavaFX Application Thread] PlayerShip [moveLeft Line: 139] - Moving Left
[DEBUG] 2026-08-02 01:16:34 [time 41664 ms] [JavaFX Application Thread] PlayerShip [moveLeft Line: 139] - Moving Left
[DEBUG] 2026-08-02 01:16:35 [time 41673 ms] [JavaFX Application Thread] PlayerShip [moveLeft Line: 139] - Moving Left
[DEBUG] 2026-08-02 01:16:35 [time 41681 ms] [JavaFX Application Thread] PlayerShip [moveLeft Line: 139] - Moving Left
[DEBUG] 2026-08-02 01:16:35 [time 41689 ms] [JavaFX Application Thread] PlayerShip [moveLeft Line: 139] - Moving Left
[DEBUG] 2026-08-02 01:16:35 [time 41698 ms] [JavaFX Application Thread] PlayerShip [moveLeft Line: 139] - Moving Left
[DEBUG] 2026-08-02 01:16:35 [time 41706 ms] [JavaFX Application Thread] PlayerShip [moveLeft Line: 139] - Moving Left
[DEBUG] 2026-08-02 01:16:35 [time 41714 ms] [JavaFX Application Thread] PlayerShip [moveLeft Line: 139] - Moving Left
[DEBUG] 2026-08-02 01:16:35 [time 41723 ms] [JavaFX Application Thread] PlayerShip [moveLeft Line: 139] - Moving Left
[DEBUG] 2026-08-02 01:16:35 [time 41731 ms] [JavaFX Application Thread] PlayerShip [moveLeft Line: 139] - Moving Left
[DEBUG] 2026-08-02 01:16:35 [time 41739 ms] [JavaFX Application Thread] PlayerShip [moveLeft Line: 139] - Moving Left
[DEBUG] 2026-08-02 01:16:35 [time 41748 ms] [JavaFX Application Thread] PlayerShip [moveLeft Line: 139] - Moving Left
[DEBUG] 2026-08-02 01:16:35 [time 41756 ms] [JavaFX Application Thread] PlayerShip [moveLeft Line: 139] - Moving Left
[DEBUG] 2026-08-02 01:16:35 [time 41764 ms] [JavaFX Application Thread] PlayerShip [moveLeft Line: 139] - Moving Left
[DEBUG] 2026-08-02 01:16:35 [time 41773 ms] [JavaFX Application Thread] PlayerShip [moveLeft Line: 139] - Moving Left
[DEBUG] 2026-08-02 01:16:35 [time 41781 ms] [JavaFX Application Thread] PlayerShip [moveLeft Line: 139] - Moving Left
[DEBUG] 2026-08-02 01:16:35 [time 41789 ms] [JavaFX Application Thread] PlayerShip [moveLeft Line: 139] - Moving Left
[DEBUG] 2026-08-02 01:16:35 [time 41798 ms] [JavaFX Application Thread] PlayerShip [moveLeft Line: 139] - Moving Left
[DEBUG] 2026-08-02 01:16:35 [time 41806 ms] [JavaFX Application Thread] PlayerShip [moveLeft Line: 139] - Moving Left
[DEBUG] 2026-08-02 01:16:35 [time 41814 ms] [JavaFX Application Thread] PlayerShip [moveLeft Line: 139] - Moving Left
[DEBUG] 2026-08-02 01:16:35 [time 41823 ms] [JavaFX Application Thread] PlayerShip [moveLeft Line: 139] - Moving Left
[DEBUG] 2026-08-02 01:16:35 [time 41831 ms] [JavaFX Application Thread] PlayerShip [moveLeft Line: 139] - Moving Left
[DEBUG] 2026-08-02 01:16:35 [time 41839 ms] [JavaFX Application Thread] PlayerShip [moveLeft Line: 139] - Moving Left
[DEBUG] 2026-08-02 01:16:35 [time 41848 ms] [JavaFX Application Thread] PlayerShip [moveLeft Line: 139] - Moving Left
[DEBUG] 2026-08-02 01:16:35 [time 41856 ms] [JavaFX Application Thread] PlayerShip [moveLeft Line: 139] - Moving Left
[DEBUG] 2026-08-02 01:16:35 [time 41864 ms] [JavaFX Application Thread] PlayerShip [moveLeft Line: 139] - Moving Left
[DEBUG] 2026-08-02 01:16:35 [time 41873 ms] [JavaFX Application Thread] PlayerShip [moveLeft Line: 139] - Moving Left
[DEBUG] 2026-08-02 01:16:35 [time 41881 ms] [JavaFX Application Thread] PlayerShip [moveLeft Line: 139] - Moving Left
[DEBUG] 2026-08-02 01:16:35 [time 41889 ms] [JavaFX Application Thread] PlayerShip [moveLeft Line: 139] - Moving Left
[DEBUG] 2026-08-02 01:16:35 [time 41898 ms] [JavaFX Application Thread] PlayerShip [moveLeft Line: 139] - Moving Left
[DEBUG] 2026-08-02 01:16:35 [time 41898 ms] [JavaFX Application Thread] PlayerShip [moveTop Line: 149] - Moving Top
[DEBUG] 2026-08-02 01:16:35 [time 41906 ms] [JavaFX Application Thread] PlayerShip [moveLeft Line: 139] - Moving Left
[DEBUG] 2026-08-02 01:16:35 [time 41906 ms] [JavaFX Application Thread] PlayerShip [moveTop Line: 149] - Moving Top
[DEBUG] 2026-08-02 01:16:35 [time 41914 ms] [JavaFX Application Thread] PlayerShip [moveLeft Line: 139] - Moving Left
[DEBUG] 2026-08-02 01:16:35 [time 41914 ms] [JavaFX Application Thread] PlayerShip [moveTop Line: 149] - Moving Top
[DEBUG] 2026-08-02 01:16:35 [time 41923 ms] [JavaFX Application Thread] PlayerShip [moveLeft Line: 139] - Moving Left
[DEBUG] 2026-08-02 01:16:35 [time 41923 ms] [JavaFX Application Thread] PlayerShip [moveTop Line: 149] - Moving Top
[DEBUG] 2026-08-02 01:16:35 [time 41931 ms] [JavaFX Application Thread] PlayerShip [moveLeft Line: 139] - Moving Left
[DEBUG] 2026-08-02 01:16:35 [time 41931 ms] [JavaFX Application Thread] PlayerShip [moveTop Line: 149] - Moving Top
[DEBUG] 2026-08-02 01:16:35 [time 41940 ms] [JavaFX Application Thread] PlayerShip [moveLeft Line: 139] - Moving Left
[DEBUG] 2026-08-02 01:16:35 [time 41940 ms] [JavaFX Application Thread] PlayerShip [moveTop Line: 149] - Moving Top
[DEBUG] 2026-08-02 01:16:35 [time 41948 ms] [JavaFX Application Thread] PlayerShip [moveLeft Line: 139] - Moving Left
[DEBUG] 2026-08-02 01:16:35 [time 41948 ms] [JavaFX Application Thread] PlayerShip [moveTop Line: 149] - Moving Top
[DEBUG] 2026-08-02 01:16:35 [time 41956 ms] [JavaFX Application Thread] PlayerShip [moveLeft Line: 139] - Moving Left
[DEBUG] 2026-08-02 01:16:35 [time 41956 ms] [JavaFX Application Thread] PlayerShip [moveTop Line: 149] - Moving Top
[DEBUG] 2026-08-02 01:16:35 [time 41964 ms] [JavaFX Application Thread] PlayerShip [moveLeft Line: 139] - Moving Left
[DEBUG] 2026-08-02 01:16:35 [time 41964 ms] [JavaFX Application Thread] PlayerShip [moveTop Line: 149] - Moving Top
[DEBUG] 2026-08-02 01:16:35 [time 41973 ms] [JavaFX Application Thread] PlayerShip [moveLeft Line: 139] - Moving Left
[DEBUG] 2026-08-02 01:16:35 [time 41973 ms] [JavaFX Application Thread] PlayerShip [moveTop Line: 149] - Moving Top
[DEBUG] 2026-08-02 01:16:35 [time 41981 ms] [JavaFX Application Thread] PlayerShip [moveLeft Line: 139] - Moving Left
[DEBUG] 2026-08-02 01:16:35 [time 41981 ms] [JavaFX Application Thread] PlayerShip [moveTop Line: 149] - Moving Top
[DEBUG] 2026-08-02 01:16:35 [time 41989 ms] [JavaFX Application Thread] PlayerShip [moveLeft Line: 139] - Moving Left
[DEBUG] 2026-08-02 01:16:35 [time 41989 ms] [JavaFX Application Thread] PlayerShip [moveTop Line: 149] - Moving Top
[DEBUG] 2026-08-02 01:16:35 [time 41998 ms] [JavaFX Application Thread] PlayerShip [moveLeft Line: 139] - Moving Left
[DEBUG] 2026-08-02 01:16:35 [time 41998 ms] [JavaFX Application Thread] PlayerShip [moveTop Line: 149] - Moving Top
[DEBUG] 2026-08-02 01:16:35 [time 42006 ms] [JavaFX Application Thread] PlayerShip [moveLeft Line: 139] - Moving Left
[DEBUG] 2026-08-02 01:16:35 [time 42006 ms] [JavaFX Application Thread] PlayerShip [moveTop Line: 149] - Moving Top
[DEBUG] 2026-08-02 01:16:35 [time 42014 ms] [JavaFX Application Thread] PlayerShip [moveLeft Line: 139] - Moving Left
[DEBUG] 2026-08-02 01:16:35 [time 42015 ms] [JavaFX Application Thread] PlayerShip [moveTop Line: 149] - Moving Top
[DEBUG] 2026-08-02 01:16:35 [time 42023 ms] [JavaFX Application Thread] PlayerShip [moveTop Line: 149] - Moving Top
[DEBUG] 2026-08-02 01:16:35 [time 42031 ms] [JavaFX Application Thread] PlayerShip [moveTop Line: 149] - Moving Top
[DEBUG] 2026-08-02 01:16:35 [time 42039 ms] [JavaFX Application Thread] PlayerShip [moveTop Line: 149] - Moving Top
[DEBUG] 2026-08-02 01:16:35 [time 42048 ms] [JavaFX Application Thread] PlayerShip [moveTop Line: 149] - Moving Top
[DEBUG] 2026-08-02 01:16:35 [time 42056 ms] [JavaFX Application Thread] PlayerShip [moveTop Line: 149] - Moving Top
[DEBUG] 2026-08-02 01:16:35 [time 42065 ms] [JavaFX Application Thread] PlayerShip [moveTop Line: 149] - Moving Top
[DEBUG] 2026-08-02 01:16:35 [time 42073 ms] [JavaFX Application Thread] PlayerShip [moveTop Line: 149] - Moving Top
[DEBUG] 2026-08-02 01:16:35 [time 42081 ms] [JavaFX Application Thread] PlayerShip [moveTop Line: 149] - Moving Top
[DEBUG] 2026-08-02 01:16:35 [time 42089 ms] [JavaFX Application Thread] PlayerShip [moveTop Line: 149] - Moving Top
[DEBUG] 2026-08-02 01:16:35 [time 42098 ms] [JavaFX Application Thread] PlayerShip [moveTop Line: 149] - Moving Top
[DEBUG] 2026-08-02 01:16:35 [time 42106 ms] [JavaFX Application Thread] PlayerShip [moveRight Line: 144] - Moving Right
[DEBUG] 2026-08-02 01:16:35 [time 42106 ms] [JavaFX Application Thread] PlayerShip [moveTop Line: 149] - Moving Top
[DEBUG] 2026-08-02 01:16:35 [time 42114 ms] [JavaFX Application Thread] PlayerShip [moveRight Line: 144] - Moving Right
[DEBUG] 2026-08-02 01:16:35 [time 42115 ms] [JavaFX Application Thread] PlayerShip [moveTop Line: 149] - Moving Top
[DEBUG] 2026-08-02 01:16:35 [time 42123 ms] [JavaFX Application Thread] PlayerShip [moveRight Line: 144] - Moving Right
[DEBUG] 2026-08-02 01:16:35 [time 42123 ms] [JavaFX Application Thread] PlayerShip [moveTop Line: 149] - Moving Top
[DEBUG] 2026-08-02 01:16:35 [time 42131 ms] [JavaFX Application Thread] PlayerShip [moveRight Line: 144] - Moving Right
[DEBUG] 2026-08-02 01:16:35 [time 42131 ms] [JavaFX Application Thread] PlayerShip [moveTop Line: 149] - Moving Top
[DEBUG] 2026-08-02 01:16:35 [time 42139 ms] [JavaFX Application Thread] PlayerShip [moveRight Line: 144] - Moving Right
[DEBUG] 2026-08-02 01:16:35 [time 42140 ms] [JavaFX Application Thread] PlayerShip [moveTop Line: 149] - Moving Top
[DEBUG] 2026-08-02 01:16:35 [time 42148 ms] [JavaFX Application Thread] PlayerShip [moveRight Line: 144] - Moving Right
[DEBUG] 2026-08-02 01:16:35 [time 42148 ms] [JavaFX Application Thread] PlayerShip [moveTop Line: 149] - Moving Top
[DEBUG] 2026-08-02 01:16:35 [time 42156 ms] [JavaFX Application Thread] PlayerShip [moveRight Line: 144] - Moving Right
[DEBUG] 2026-08-02 01:16:35 [time 42164 ms] [JavaFX Application Thread] PlayerShip [moveRight Line: 144] - Moving Right
[DEBUG] 2026-08-02 01:16:35 [time 42173 ms] [JavaFX Application Thread] PlayerShip [moveRight Line: 144] - Moving Right
[DEBUG] 2026-08-02 01:16:35 [time 42181 ms] [JavaFX Application Thread] PlayerShip [moveRight Line: 144] - Moving Right
[DEBUG] 2026-08-02 01:16:35 [time 42189 ms] [JavaFX Application Thread] PlayerShip [moveRight Line: 144] - Moving Right
[DEBUG] 2026-08-02 01:16:35 [time 42198 ms] [JavaFX Application Thread] PlayerShip [moveRight Line: 144] - Moving Right
[DEBUG] 2026-08-02 01:16:35 [time 42206 ms] [JavaFX Application Thread] PlayerShip [moveRight Line: 144] - Moving Right
[DEBUG] 2026-08-02 01:16:35 [time 42214 ms] [JavaFX Application Thread] PlayerShip [moveRight Line: 144] - Moving Right
[DEBUG] 2026-08-02 01:16:35 [time 42223 ms] [JavaFX Application Thread] PlayerShip [moveRight Line: 144] - Moving Right
[DEBUG] 2026-08-02 01:16:35 [time 42231 ms] [JavaFX Application Thread] PlayerShip [moveRight Line: 144] - Moving Right
[DEBUG] 2026-08-02 01:16:35 [time 42240 ms] [JavaFX Application Thread] PlayerShip [moveLeft Line: 139] - Moving Left
[DEBUG] 2026-08-02 01:16:35 [time 42248 ms] [JavaFX Application Thread] PlayerShip [moveLeft Line: 139] - Moving Left
[DEBUG] 2026-08-02 01:16:35 [time 42256 ms] [JavaFX Application Thread] PlayerShip [moveLeft Line: 139] - Moving Left
[DEBUG] 2026-08-02 01:16:35 [time 42264 ms] [JavaFX Application Thread] PlayerShip [moveLeft Line: 139] - Moving Left
[DEBUG] 2026-08-02 01:16:35 [time 42273 ms] [JavaFX Application Thread] PlayerShip [moveLeft Line: 139] - Moving Left
[DEBUG] 2026-08-02 01:16:35 [time 42281 ms] [JavaFX Application Thread] PlayerShip [moveLeft Line: 139] - Moving Left
[DEBUG] 2026-08-02 01:16:35 [time 42289 ms] [JavaFX Application Thread] PlayerShip [moveLeft Line: 139] - Moving Left
[DEBUG] 2026-08-02 01:16:35 [time 42298 ms] [JavaFX Application Thread] PlayerShip [moveLeft Line: 139] - Moving Left
[DEBUG] 2026-08-02 01:16:35 [time 42306 ms] [JavaFX Application Thread] PlayerShip [moveLeft Line: 139] - Moving Left
[DEBUG] 2026-08-02 01:16:35 [time 42314 ms] [JavaFX Application Thread] PlayerShip [moveLeft Line: 139] - Moving Left
[DEBUG] 2026-08-02 01:16:35 [time 42323 ms] [JavaFX Application Thread] PlayerShip [moveLeft Line: 139] - Moving Left
[DEBUG] 2026-08-02 01:16:35 [time 42331 ms] [JavaFX Application Thread] PlayerShip [moveLeft Line: 139] - Moving Left
[DEBUG] 2026-08-02 01:16:35 [time 42339 ms] [JavaFX Application Thread] PlayerShip [moveLeft Line: 139] - Moving Left
[DEBUG] 2026-08-02 01:16:35 [time 42348 ms] [JavaFX Application Thread] PlayerShip [moveLeft Line: 139] - Moving Left
[DEBUG] 2026-08-02 01:16:35 [time 42356 ms] [JavaFX Application Thread] PlayerShip [moveLeft Line: 139] - Moving Left
[DEBUG] 2026-08-02 01:16:35 [time 42364 ms] [JavaFX Application Thread] PlayerShip [moveLeft Line: 139] - Moving Left
[DEBUG] 2026-08-02 01:16:35 [time 42372 ms] [JavaFX Application Thread] PlayerShip [moveLeft Line: 139] - Moving Left
[DEBUG] 2026-08-02 01:16:35 [time 42380 ms] [JavaFX Application Thread] PlayerShip [moveLeft Line: 139] - Moving Left
[DEBUG] 2026-08-02 01:16:35 [time 42389 ms] [JavaFX Application Thread] PlayerShip [moveLeft Line: 139] - Moving Left
[DEBUG] 2026-08-02 01:16:35 [time 42398 ms] [JavaFX Application Thread] PlayerShip [moveLeft Line: 139] - Moving Left
[DEBUG] 2026-08-02 01:16:35 [time 42406 ms] [JavaFX Application Thread] PlayerShip [moveLeft Line: 139] - Moving Left
[DEBUG] 2026-08-02 01:16:35 [time 42406 ms] [JavaFX Application Thread] PlayerShip [moveTop Line: 149] - Moving Top
[DEBUG] 2026-08-02 01:16:35 [time 42414 ms] [JavaFX Application Thread] PlayerShip [moveLeft Line: 139] - Moving Left
[DEBUG] 2026-08-02 01:16:35 [time 42414 ms] [JavaFX Application Thread] PlayerShip [moveTop Line: 149] - Moving Top
[DEBUG] 2026-08-02 01:16:35 [time 42423 ms] [JavaFX Application Thread] PlayerShip [moveLeft Line: 139] - Moving Left
[DEBUG] 2026-08-02 01:16:35 [time 42423 ms] [JavaFX Application Thread] PlayerShip [moveTop Line: 149] - Moving Top
[DEBUG] 2026-08-02 01:16:35 [time 42431 ms] [JavaFX Application Thread] PlayerShip [moveLeft Line: 139] - Moving Left
[DEBUG] 2026-08-02 01:16:35 [time 42431 ms] [JavaFX Application Thread] PlayerShip [moveTop Line: 149] - Moving Top
[DEBUG] 2026-08-02 01:16:35 [time 42439 ms] [JavaFX Application Thread] PlayerShip [moveLeft Line: 139] - Moving Left
[DEBUG] 2026-08-02 01:16:35 [time 42439 ms] [JavaFX Application Thread] PlayerShip [moveTop Line: 149] - Moving Top
[DEBUG] 2026-08-02 01:16:35 [time 42448 ms] [JavaFX Application Thread] PlayerShip [moveLeft Line: 139] - Moving Left
[DEBUG] 2026-08-02 01:16:35 [time 42448 ms] [JavaFX Application Thread] PlayerShip [moveTop Line: 149] - Moving Top
[DEBUG] 2026-08-02 01:16:35 [time 42456 ms] [JavaFX Application Thread] PlayerShip [moveLeft Line: 139] - Moving Left
[DEBUG] 2026-08-02 01:16:35 [time 42456 ms] [JavaFX Application Thread] PlayerShip [moveTop Line: 149] - Moving Top
[DEBUG] 2026-08-02 01:16:35 [time 42464 ms] [JavaFX Application Thread] PlayerShip [moveLeft Line: 139] - Moving Left
[DEBUG] 2026-08-02 01:16:35 [time 42464 ms] [JavaFX Application Thread] PlayerShip [moveTop Line: 149] - Moving Top
[DEBUG] 2026-08-02 01:16:35 [time 42472 ms] [JavaFX Application Thread] PlayerShip [moveLeft Line: 139] - Moving Left
[DEBUG] 2026-08-02 01:16:35 [time 42472 ms] [JavaFX Application Thread] PlayerShip [moveTop Line: 149] - Moving Top
[DEBUG] 2026-08-02 01:16:35 [time 42481 ms] [JavaFX Application Thread] PlayerShip [moveLeft Line: 139] - Moving Left
[DEBUG] 2026-08-02 01:16:35 [time 42481 ms] [JavaFX Application Thread] PlayerShip [moveTop Line: 149] - Moving Top
[DEBUG] 2026-08-02 01:16:35 [time 42489 ms] [JavaFX Application Thread] PlayerShip [moveLeft Line: 139] - Moving Left
[DEBUG] 2026-08-02 01:16:35 [time 42489 ms] [JavaFX Application Thread] PlayerShip [moveTop Line: 149] - Moving Top
[DEBUG] 2026-08-02 01:16:35 [time 42498 ms] [JavaFX Application Thread] PlayerShip [moveLeft Line: 139] - Moving Left
[DEBUG] 2026-08-02 01:16:35 [time 42498 ms] [JavaFX Application Thread] PlayerShip [moveTop Line: 149] - Moving Top
[DEBUG] 2026-08-02 01:16:35 [time 42506 ms] [JavaFX Application Thread] PlayerShip [moveLeft Line: 139] - Moving Left
[DEBUG] 2026-08-02 01:16:35 [time 42506 ms] [JavaFX Application Thread] PlayerShip [moveTop Line: 149] - Moving Top
[DEBUG] 2026-08-02 01:16:35 [time 42514 ms] [JavaFX Application Thread] PlayerShip [moveTop Line: 149] - Moving Top
[DEBUG] 2026-08-02 01:16:35 [time 42523 ms] [JavaFX Application Thread] PlayerShip [moveRight Line: 144] - Moving Right
[DEBUG] 2026-08-02 01:16:35 [time 42523 ms] [JavaFX Application Thread] PlayerShip [moveTop Line: 149] - Moving Top
[DEBUG] 2026-08-02 01:16:35 [time 42531 ms] [JavaFX Application Thread] PlayerShip [moveRight Line: 144] - Moving Right
[DEBUG] 2026-08-02 01:16:35 [time 42531 ms] [JavaFX Application Thread] PlayerShip [moveTop Line: 149] - Moving Top
[DEBUG] 2026-08-02 01:16:35 [time 42539 ms] [JavaFX Application Thread] PlayerShip [moveRight Line: 144] - Moving Right
[DEBUG] 2026-08-02 01:16:35 [time 42539 ms] [JavaFX Application Thread] PlayerShip [moveTop Line: 149] - Moving Top
[DEBUG] 2026-08-02 01:16:35 [time 42548 ms] [JavaFX Application Thread] PlayerShip [moveRight Line: 144] - Moving Right
[DEBUG] 2026-08-02 01:16:35 [time 42548 ms] [JavaFX Application Thread] PlayerShip [moveTop Line: 149] - Moving Top
[DEBUG] 2026-08-02 01:16:35 [time 42556 ms] [JavaFX Application Thread] PlayerShip [moveRight Line: 144] - Moving Right
[DEBUG] 2026-08-02 01:16:35 [time 42556 ms] [JavaFX Application Thread] PlayerShip [moveTop Line: 149] - Moving Top
[DEBUG] 2026-08-02 01:16:35 [time 42564 ms] [JavaFX Application Thread] PlayerShip [moveRight Line: 144] - Moving Right
[DEBUG] 2026-08-02 01:16:35 [time 42564 ms] [JavaFX Application Thread] PlayerShip [moveTop Line: 149] - Moving Top
[DEBUG] 2026-08-02 01:16:35 [time 42572 ms] [JavaFX Application Thread] PlayerShip [moveRight Line: 144] - Moving Right
[DEBUG] 2026-08-02 01:16:35 [time 42572 ms] [JavaFX Application Thread] PlayerShip [moveTop Line: 149] - Moving Top
[DEBUG] 2026-08-02 01:16:35 [time 42580 ms] [JavaFX Application Thread] PlayerShip [moveRight Line: 144] - Moving Right
[DEBUG] 2026-08-02 01:16:35 [time 42580 ms] [JavaFX Application Thread] PlayerShip [moveTop Line: 149] - Moving Top
[DEBUG] 2026-08-02 01:16:35 [time 42589 ms] [JavaFX Application Thread] PlayerShip [moveRight Line: 144] - Moving Right
[DEBUG] 2026-08-02 01:16:35 [time 42590 ms] [JavaFX Application Thread] PlayerShip [moveTop Line: 149] - Moving Top
[DEBUG] 2026-08-02 01:16:35 [time 42598 ms] [JavaFX Application Thread] PlayerShip [moveRight Line: 144] - Moving Right
[DEBUG] 2026-08-02 01:16:35 [time 42598 ms] [JavaFX Application Thread] PlayerShip [moveTop Line: 149] - Moving Top
[DEBUG] 2026-08-02 01:16:35 [time 42606 ms] [JavaFX Application Thread] PlayerShip [moveRight Line: 144] - Moving Right
[DEBUG] 2026-08-02 01:16:35 [time 42606 ms] [JavaFX Application Thread] PlayerShip [moveTop Line: 149] - Moving Top
[DEBUG] 2026-08-02 01:16:35 [time 42614 ms] [JavaFX Application Thread] PlayerShip [moveRight Line: 144] - Moving Right
[DEBUG] 2026-08-02 01:16:35 [time 42614 ms] [JavaFX Application Thread] PlayerShip [moveTop Line: 149] - Moving Top
[DEBUG] 2026-08-02 01:16:35 [time 42622 ms] [JavaFX Application Thread] PlayerShip [moveRight Line: 144] - Moving Right
[DEBUG] 2026-08-02 01:16:35 [time 42631 ms] [JavaFX Application Thread] PlayerShip [moveRight Line: 144] - Moving Right
[DEBUG] 2026-08-02 01:16:35 [time 42639 ms] [JavaFX Application Thread] PlayerShip [moveRight Line: 144] - Moving Right
[DEBUG] 2026-08-02 01:16:35 [time 42648 ms] [JavaFX Application Thread] PlayerShip [moveRight Line: 144] - Moving Right
[DEBUG] 2026-08-02 01:16:35 [time 42656 ms] [JavaFX Application Thread] PlayerShip [moveRight Line: 144] - Moving Right
[DEBUG] 2026-08-02 01:16:35 [time 42664 ms] [JavaFX Application Thread] PlayerShip [moveRight Line: 144] - Moving Right
[DEBUG] 2026-08-02 01:16:36 [time 42673 ms] [JavaFX Application Thread] PlayerShip [moveRight Line: 144] - Moving Right
[DEBUG] 2026-08-02 01:16:36 [time 42681 ms] [JavaFX Application Thread] PlayerShip [moveRight Line: 144] - Moving Right
[DEBUG] 2026-08-02 01:16:36 [time 42689 ms] [JavaFX Application Thread] PlayerShip [moveRight Line: 144] - Moving Right
[DEBUG] 2026-08-02 01:16:36 [time 42698 ms] [JavaFX Application Thread] PlayerShip [moveRight Line: 144] - Moving Right
[DEBUG] 2026-08-02 01:16:36 [time 42706 ms] [JavaFX Application Thread] PlayerShip [moveRight Line: 144] - Moving Right
[DEBUG] 2026-08-02 01:16:36 [time 42714 ms] [JavaFX Application Thread] PlayerShip [moveRight Line: 144] - Moving Right
[DEBUG] 2026-08-02 01:16:36 [time 42723 ms] [JavaFX Application Thread] PlayerShip [moveRight Line: 144] - Moving Right
[DEBUG] 2026-08-02 01:16:36 [time 42731 ms] [JavaFX Application Thread] PlayerShip [moveRight Line: 144] - Moving Right
[DEBUG] 2026-08-02 01:16:36 [time 42740 ms] [JavaFX Application Thread] PlayerShip [moveRight Line: 144] - Moving Right
[DEBUG] 2026-08-02 01:16:36 [time 42747 ms] [JavaFX Application Thread] PlayerShip [moveRight Line: 144] - Moving Right
[DEBUG] 2026-08-02 01:16:36 [time 42756 ms] [JavaFX Application Thread] PlayerShip [moveRight Line: 144] - Moving Right
[DEBUG] 2026-08-02 01:16:36 [time 42764 ms] [JavaFX Application Thread] PlayerShip [moveRight Line: 144] - Moving Right
[DEBUG] 2026-08-02 01:16:36 [time 42773 ms] [JavaFX Application Thread] PlayerShip [moveRight Line: 144] - Moving Right
[DEBUG] 2026-08-02 01:16:36 [time 42781 ms] [JavaFX Application Thread] PlayerShip [moveRight Line: 144] - Moving Right
[DEBUG] 2026-08-02 01:16:36 [time 42789 ms] [JavaFX Application Thread] PlayerShip [moveRight Line: 144] - Moving Right
[DEBUG] 2026-08-02 01:16:36 [time 42798 ms] [JavaFX Application Thread] GameController [lambda$setUpKeyEvents$8 Line: 86] - PlayerShip shoot bullet
[DEBUG] 2026-08-02 01:16:36 [time 42799 ms] [JavaFX Application Thread] PlayerShip [moveRight Line: 144] - Moving Right
[DEBUG] 2026-08-02 01:16:36 [time 42806 ms] [JavaFX Application Thread] PlayerShip [moveRight Line: 144] - Moving Right
[DEBUG] 2026-08-02 01:16:36 [time 42814 ms] [JavaFX Application Thread] PlayerShip [moveRight Line: 144] - Moving Right
[DEBUG] 2026-08-02 01:16:36 [time 42822 ms] [JavaFX Application Thread] PlayerShip [moveRight Line: 144] - Moving Right
[DEBUG] 2026-08-02 01:16:36 [time 42830 ms] [JavaFX Application Thread] PlayerShip [moveRight Line: 144] - Moving Right
[DEBUG] 2026-08-02 01:16:36 [time 42840 ms] [JavaFX Application Thread] PlayerShip [moveRight Line: 144] - Moving Right
[ INFO] 2026-08-02 01:16:36 [time 42840 ms] [JavaFX Application Thread] PlayerShip [updateAndCollidePlayerShip Line: 598] - PlayerShip collided with enemy ship
[ INFO] 2026-08-02 01:16:36 [time 42841 ms] [JavaFX Application Thread] PlayerShip [updateAndCollidePlayerShip Line: 673] - Remaining Life: 0
[DEBUG] 2026-08-02 01:16:36 [time 42848 ms] [JavaFX Application Thread] PlayerShip [moveRight Line: 144] - Moving Right
[ INFO] 2026-08-02 01:16:36 [time 42856 ms] [JavaFX Application Thread] GameController [updateAndCollidePlayerBullet Line: 353] - Current Score: 2
[DEBUG] 2026-08-02 01:16:36 [time 42861 ms] [JavaFX Application Thread] PlayerShip [moveRight Line: 144] - Moving Right
[DEBUG] 2026-08-02 01:16:36 [time 42865 ms] [JavaFX Application Thread] PlayerShip [moveRight Line: 144] - Moving Right
[DEBUG] 2026-08-02 01:16:36 [time 42873 ms] [JavaFX Application Thread] PlayerShip [moveRight Line: 144] - Moving Right
[DEBUG] 2026-08-02 01:16:36 [time 42881 ms] [JavaFX Application Thread] PlayerShip [moveRight Line: 144] - Moving Right
[DEBUG] 2026-08-02 01:16:36 [time 42889 ms] [JavaFX Application Thread] PlayerShip [moveRight Line: 144] - Moving Right
[DEBUG] 2026-08-02 01:16:36 [time 42898 ms] [JavaFX Application Thread] PlayerShip [moveRight Line: 144] - Moving Right
[DEBUG] 2026-08-02 01:16:36 [time 42906 ms] [JavaFX Application Thread] PlayerShip [moveRight Line: 144] - Moving Right
[DEBUG] 2026-08-02 01:16:36 [time 42914 ms] [JavaFX Application Thread] PlayerShip [moveRight Line: 144] - Moving Right
[DEBUG] 2026-08-02 01:16:36 [time 42923 ms] [JavaFX Application Thread] PlayerShip [moveRight Line: 144] - Moving Right
[DEBUG] 2026-08-02 01:16:36 [time 42931 ms] [JavaFX Application Thread] PlayerShip [moveRight Line: 144] - Moving Right
[DEBUG] 2026-08-02 01:16:36 [time 42939 ms] [JavaFX Application Thread] PlayerShip [moveRight Line: 144] - Moving Right
[DEBUG] 2026-08-02 01:16:36 [time 42948 ms] [JavaFX Application Thread] PlayerShip [moveRight Line: 144] - Moving Right
[DEBUG] 2026-08-02 01:16:36 [time 42956 ms] [JavaFX Application Thread] PlayerShip [moveRight Line: 144] - Moving Right
[DEBUG] 2026-08-02 01:16:36 [time 42964 ms] [JavaFX Application Thread] PlayerShip [moveRight Line: 144] - Moving Right
[DEBUG] 2026-08-02 01:16:36 [time 42973 ms] [JavaFX Application Thread] PlayerShip [moveRight Line: 144] - Moving Right
[DEBUG] 2026-08-02 01:16:36 [time 42981 ms] [JavaFX Application Thread] PlayerShip [moveRight Line: 144] - Moving Right
[DEBUG] 2026-08-02 01:16:36 [time 42989 ms] [JavaFX Application Thread] PlayerShip [moveRight Line: 144] - Moving Right
[DEBUG] 2026-08-02 01:16:36 [time 42998 ms] [JavaFX Application Thread] PlayerShip [moveRight Line: 144] - Moving Right
[DEBUG] 2026-08-02 01:16:36 [time 43006 ms] [JavaFX Application Thread] PlayerShip [moveRight Line: 144] - Moving Right
[DEBUG] 2026-08-02 01:16:36 [time 43014 ms] [JavaFX Application Thread] PlayerShip [moveRight Line: 144] - Moving Right
[DEBUG] 2026-08-02 01:16:36 [time 43022 ms] [JavaFX Application Thread] PlayerShip [moveRight Line: 144] - Moving Right
[DEBUG] 2026-08-02 01:16:36 [time 43031 ms] [JavaFX Application Thread] PlayerShip [moveRight Line: 144] - Moving Right
[DEBUG] 2026-08-02 01:16:36 [time 43039 ms] [JavaFX Application Thread] PlayerShip [moveRight Line: 144] - Moving Right
[DEBUG] 2026-08-02 01:16:36 [time 43047 ms] [JavaFX Application Thread] PlayerShip [moveRight Line: 144] - Moving Right
[DEBUG] 2026-08-02 01:16:36 [time 43056 ms] [JavaFX Application Thread] PlayerShip [moveRight Line: 144] - Moving Right
[DEBUG] 2026-08-02 01:16:36 [time 43064 ms] [JavaFX Application Thread] PlayerShip [moveRight Line: 144] - Moving Right
[DEBUG] 2026-08-02 01:16:36 [time 43072 ms] [JavaFX Application Thread] GameController [lambda$setUpKeyEvents$8 Line: 86] - PlayerShip shoot bullet
[DEBUG] 2026-08-02 01:16:36 [time 43073 ms] [JavaFX Application Thread] PlayerShip [moveRight Line: 144] - Moving Right
[DEBUG] 2026-08-02 01:16:36 [time 43081 ms] [JavaFX Application Thread] PlayerShip [moveRight Line: 144] - Moving Right
[DEBUG] 2026-08-02 01:16:36 [time 43089 ms] [JavaFX Application Thread] PlayerShip [moveRight Line: 144] - Moving Right
[DEBUG] 2026-08-02 01:16:36 [time 43098 ms] [JavaFX Application Thread] PlayerShip [moveRight Line: 144] - Moving Right
[DEBUG] 2026-08-02 01:16:36 [time 43106 ms] [JavaFX Application Thread] PlayerShip [moveRight Line: 144] - Moving Right
[DEBUG] 2026-08-02 01:16:36 [time 43114 ms] [JavaFX Application Thread] PlayerShip [moveRight Line: 144] - Moving Right
[DEBUG] 2026-08-02 01:16:36 [time 43123 ms] [JavaFX Application Thread] PlayerShip [moveRight Line: 144] - Moving Right
[DEBUG] 2026-08-02 01:16:36 [time 43131 ms] [JavaFX Application Thread] PlayerShip [moveRight Line: 144] - Moving Right
[DEBUG] 2026-08-02 01:16:36 [time 43139 ms] [JavaFX Application Thread] PlayerShip [moveRight Line: 144] - Moving Right
[DEBUG] 2026-08-02 01:16:36 [time 43148 ms] [JavaFX Application Thread] PlayerShip [moveRight Line: 144] - Moving Right
[DEBUG] 2026-08-02 01:16:36 [time 43156 ms] [JavaFX Application Thread] PlayerShip [moveRight Line: 144] - Moving Right
[DEBUG] 2026-08-02 01:16:36 [time 43164 ms] [JavaFX Application Thread] PlayerShip [moveRight Line: 144] - Moving Right
[DEBUG] 2026-08-02 01:16:36 [time 43173 ms] [JavaFX Application Thread] PlayerShip [moveRight Line: 144] - Moving Right
[DEBUG] 2026-08-02 01:16:36 [time 43181 ms] [JavaFX Application Thread] PlayerShip [moveRight Line: 144] - Moving Right
[DEBUG] 2026-08-02 01:16:36 [time 43190 ms] [JavaFX Application Thread] PlayerShip [moveRight Line: 144] - Moving Right
[DEBUG] 2026-08-02 01:16:36 [time 43198 ms] [JavaFX Application Thread] PlayerShip [moveRight Line: 144] - Moving Right
[DEBUG] 2026-08-02 01:16:36 [time 43206 ms] [JavaFX Application Thread] PlayerShip [moveRight Line: 144] - Moving Right
[DEBUG] 2026-08-02 01:16:36 [time 43214 ms] [JavaFX Application Thread] PlayerShip [moveRight Line: 144] - Moving Right
[DEBUG] 2026-08-02 01:16:36 [time 43223 ms] [JavaFX Application Thread] PlayerShip [moveRight Line: 144] - Moving Right
[DEBUG] 2026-08-02 01:16:36 [time 43231 ms] [JavaFX Application Thread] PlayerShip [moveRight Line: 144] - Moving Right
[DEBUG] 2026-08-02 01:16:36 [time 43239 ms] [JavaFX Application Thread] PlayerShip [moveRight Line: 144] - Moving Right
[DEBUG] 2026-08-02 01:16:36 [time 43248 ms] [JavaFX Application Thread] PlayerShip [moveRight Line: 144] - Moving Right
[DEBUG] 2026-08-02 01:16:36 [time 43256 ms] [JavaFX Application Thread] PlayerShip [moveRight Line: 144] - Moving Right
[DEBUG] 2026-08-02 01:16:36 [time 43265 ms] [JavaFX Application Thread] PlayerShip [moveRight Line: 144] - Moving Right
[DEBUG] 2026-08-02 01:16:36 [time 43273 ms] [JavaFX Application Thread] PlayerShip [moveRight Line: 144] - Moving Right
[DEBUG] 2026-08-02 01:16:36 [time 43281 ms] [JavaFX Application Thread] PlayerShip [moveRight Line: 144] - Moving Right
[DEBUG] 2026-08-02 01:16:36 [time 43289 ms] [JavaFX Application Thread] PlayerShip [moveRight Line: 144] - Moving Right
[DEBUG] 2026-08-02 01:16:36 [time 43298 ms] [JavaFX Application Thread] PlayerShip [moveRight Line: 144] - Moving Right
[DEBUG] 2026-08-02 01:16:36 [time 43306 ms] [JavaFX Application Thread] PlayerShip [moveRight Line: 144] - Moving Right
[DEBUG] 2026-08-02 01:16:36 [time 43314 ms] [JavaFX Application Thread] PlayerShip [moveRight Line: 144] - Moving Right
[DEBUG] 2026-08-02 01:16:36 [time 43323 ms] [JavaFX Application Thread] PlayerShip [moveRight Line: 144] - Moving Right
[DEBUG] 2026-08-02 01:16:36 [time 43326 ms] [JavaFX Application Thread] GameController [lambda$setUpKeyEvents$8 Line: 86] - PlayerShip shoot bullet
[DEBUG] 2026-08-02 01:16:36 [time 43331 ms] [JavaFX Application Thread] PlayerShip [moveRight Line: 144] - Moving Right
[DEBUG] 2026-08-02 01:16:36 [time 43339 ms] [JavaFX Application Thread] PlayerShip [moveRight Line: 144] - Moving Right
[DEBUG] 2026-08-02 01:16:36 [time 43348 ms] [JavaFX Application Thread] PlayerShip [moveRight Line: 144] - Moving Right
[DEBUG] 2026-08-02 01:16:36 [time 43356 ms] [JavaFX Application Thread] PlayerShip [moveRight Line: 144] - Moving Right
[DEBUG] 2026-08-02 01:16:36 [time 43364 ms] [JavaFX Application Thread] PlayerShip [moveRight Line: 144] - Moving Right
[DEBUG] 2026-08-02 01:16:36 [time 43373 ms] [JavaFX Application Thread] PlayerShip [moveRight Line: 144] - Moving Right
[DEBUG] 2026-08-02 01:16:36 [time 43381 ms] [JavaFX Application Thread] PlayerShip [moveRight Line: 144] - Moving Right
[DEBUG] 2026-08-02 01:16:36 [time 43389 ms] [JavaFX Application Thread] PlayerShip [moveRight Line: 144] - Moving Right
[DEBUG] 2026-08-02 01:16:36 [time 43398 ms] [JavaFX Application Thread] PlayerShip [moveRight Line: 144] - Moving Right
[DEBUG] 2026-08-02 01:16:36 [time 43398 ms] [JavaFX Application Thread] PlayerShip [moveBottom Line: 154] - Moving Bottom
[DEBUG] 2026-08-02 01:16:36 [time 43406 ms] [JavaFX Application Thread] PlayerShip [moveRight Line: 144] - Moving Right
[DEBUG] 2026-08-02 01:16:36 [time 43406 ms] [JavaFX Application Thread] PlayerShip [moveBottom Line: 154] - Moving Bottom
[DEBUG] 2026-08-02 01:16:36 [time 43415 ms] [JavaFX Application Thread] PlayerShip [moveRight Line: 144] - Moving Right
[DEBUG] 2026-08-02 01:16:36 [time 43415 ms] [JavaFX Application Thread] PlayerShip [moveBottom Line: 154] - Moving Bottom
[DEBUG] 2026-08-02 01:16:36 [time 43423 ms] [JavaFX Application Thread] PlayerShip [moveRight Line: 144] - Moving Right
[DEBUG] 2026-08-02 01:16:36 [time 43423 ms] [JavaFX Application Thread] PlayerShip [moveBottom Line: 154] - Moving Bottom
[DEBUG] 2026-08-02 01:16:36 [time 43431 ms] [JavaFX Application Thread] PlayerShip [moveRight Line: 144] - Moving Right
[DEBUG] 2026-08-02 01:16:36 [time 43431 ms] [JavaFX Application Thread] PlayerShip [moveBottom Line: 154] - Moving Bottom
[DEBUG] 2026-08-02 01:16:36 [time 43439 ms] [JavaFX Application Thread] PlayerShip [moveRight Line: 144] - Moving Right
[DEBUG] 2026-08-02 01:16:36 [time 43440 ms] [JavaFX Application Thread] PlayerShip [moveBottom Line: 154] - Moving Bottom
[DEBUG] 2026-08-02 01:16:36 [time 43447 ms] [JavaFX Application Thread] PlayerShip [moveRight Line: 144] - Moving Right
[DEBUG] 2026-08-02 01:16:36 [time 43447 ms] [JavaFX Application Thread] PlayerShip [moveBottom Line: 154] - Moving Bottom
[DEBUG] 2026-08-02 01:16:36 [time 43455 ms] [JavaFX Application Thread] PlayerShip [moveRight Line: 144] - Moving Right
[DEBUG] 2026-08-02 01:16:36 [time 43455 ms] [JavaFX Application Thread] PlayerShip [moveBottom Line: 154] - Moving Bottom
[DEBUG] 2026-08-02 01:16:36 [time 43464 ms] [JavaFX Application Thread] PlayerShip [moveRight Line: 144] - Moving Right
[DEBUG] 2026-08-02 01:16:36 [time 43465 ms] [JavaFX Application Thread] PlayerShip [moveBottom Line: 154] - Moving Bottom
[DEBUG] 2026-08-02 01:16:36 [time 43473 ms] [JavaFX Application Thread] PlayerShip [moveRight Line: 144] - Moving Right
[DEBUG] 2026-08-02 01:16:36 [time 43473 ms] [JavaFX Application Thread] PlayerShip [moveBottom Line: 154] - Moving Bottom
[DEBUG] 2026-08-02 01:16:36 [time 43481 ms] [JavaFX Application Thread] PlayerShip [moveRight Line: 144] - Moving Right
[DEBUG] 2026-08-02 01:16:36 [time 43481 ms] [JavaFX Application Thread] PlayerShip [moveBottom Line: 154] - Moving Bottom
[DEBUG] 2026-08-02 01:16:36 [time 43489 ms] [JavaFX Application Thread] PlayerShip [moveRight Line: 144] - Moving Right
[DEBUG] 2026-08-02 01:16:36 [time 43489 ms] [JavaFX Application Thread] PlayerShip [moveBottom Line: 154] - Moving Bottom
[DEBUG] 2026-08-02 01:16:36 [time 43498 ms] [JavaFX Application Thread] PlayerShip [moveRight Line: 144] - Moving Right
[DEBUG] 2026-08-02 01:16:36 [time 43498 ms] [JavaFX Application Thread] PlayerShip [moveBottom Line: 154] - Moving Bottom
[DEBUG] 2026-08-02 01:16:36 [time 43506 ms] [JavaFX Application Thread] PlayerShip [moveRight Line: 144] - Moving Right
[DEBUG] 2026-08-02 01:16:36 [time 43506 ms] [JavaFX Application Thread] PlayerShip [moveBottom Line: 154] - Moving Bottom
[DEBUG] 2026-08-02 01:16:36 [time 43514 ms] [JavaFX Application Thread] PlayerShip [moveRight Line: 144] - Moving Right
[DEBUG] 2026-08-02 01:16:36 [time 43514 ms] [JavaFX Application Thread] PlayerShip [moveBottom Line: 154] - Moving Bottom
[DEBUG] 2026-08-02 01:16:36 [time 43522 ms] [JavaFX Application Thread] GameController [lambda$setUpKeyEvents$8 Line: 86] - PlayerShip shoot bullet
[DEBUG] 2026-08-02 01:16:36 [time 43523 ms] [JavaFX Application Thread] PlayerShip [moveRight Line: 144] - Moving Right
[DEBUG] 2026-08-02 01:16:36 [time 43523 ms] [JavaFX Application Thread] PlayerShip [moveBottom Line: 154] - Moving Bottom
[DEBUG] 2026-08-02 01:16:36 [time 43531 ms] [JavaFX Application Thread] PlayerShip [moveRight Line: 144] - Moving Right
[DEBUG] 2026-08-02 01:16:36 [time 43531 ms] [JavaFX Application Thread] PlayerShip [moveBottom Line: 154] - Moving Bottom
[DEBUG] 2026-08-02 01:16:36 [time 43539 ms] [JavaFX Application Thread] PlayerShip [moveBottom Line: 154] - Moving Bottom
[DEBUG] 2026-08-02 01:16:36 [time 43548 ms] [JavaFX Application Thread] PlayerShip [moveBottom Line: 154] - Moving Bottom
[DEBUG] 2026-08-02 01:16:36 [time 43556 ms] [JavaFX Application Thread] PlayerShip [moveBottom Line: 154] - Moving Bottom
[DEBUG] 2026-08-02 01:16:36 [time 43564 ms] [JavaFX Application Thread] PlayerShip [moveBottom Line: 154] - Moving Bottom
[DEBUG] 2026-08-02 01:16:36 [time 43573 ms] [JavaFX Application Thread] PlayerShip [moveBottom Line: 154] - Moving Bottom
[DEBUG] 2026-08-02 01:16:36 [time 43581 ms] [JavaFX Application Thread] PlayerShip [moveBottom Line: 154] - Moving Bottom
[ INFO] 2026-08-02 01:16:36 [time 43589 ms] [JavaFX Application Thread] GameController [updateAndCollidePlayerBullet Line: 353] - Current Score: 4
[DEBUG] 2026-08-02 01:16:36 [time 43592 ms] [JavaFX Application Thread] PlayerShip [moveBottom Line: 154] - Moving Bottom
[DEBUG] 2026-08-02 01:16:36 [time 43598 ms] [JavaFX Application Thread] PlayerShip [moveBottom Line: 154] - Moving Bottom
[DEBUG] 2026-08-02 01:16:36 [time 43605 ms] [JavaFX Application Thread] PlayerShip [moveBottom Line: 154] - Moving Bottom
[DEBUG] 2026-08-02 01:16:36 [time 43614 ms] [JavaFX Application Thread] PlayerShip [moveBottom Line: 154] - Moving Bottom
[DEBUG] 2026-08-02 01:16:36 [time 43623 ms] [JavaFX Application Thread] PlayerShip [moveBottom Line: 154] - Moving Bottom
[DEBUG] 2026-08-02 01:16:36 [time 43631 ms] [JavaFX Application Thread] PlayerShip [moveBottom Line: 154] - Moving Bottom
[DEBUG] 2026-08-02 01:16:36 [time 43639 ms] [JavaFX Application Thread] PlayerShip [moveBottom Line: 154] - Moving Bottom
[DEBUG] 2026-08-02 01:16:36 [time 43648 ms] [JavaFX Application Thread] PlayerShip [moveBottom Line: 154] - Moving Bottom
[DEBUG] 2026-08-02 01:16:36 [time 43656 ms] [JavaFX Application Thread] PlayerShip [moveBottom Line: 154] - Moving Bottom
[DEBUG] 2026-08-02 01:16:36 [time 43664 ms] [JavaFX Application Thread] PlayerShip [moveLeft Line: 139] - Moving Left
[DEBUG] 2026-08-02 01:16:36 [time 43664 ms] [JavaFX Application Thread] PlayerShip [moveBottom Line: 154] - Moving Bottom
[DEBUG] 2026-08-02 01:16:37 [time 43673 ms] [JavaFX Application Thread] PlayerShip [moveLeft Line: 139] - Moving Left
[DEBUG] 2026-08-02 01:16:37 [time 43673 ms] [JavaFX Application Thread] PlayerShip [moveBottom Line: 154] - Moving Bottom
[DEBUG] 2026-08-02 01:16:37 [time 43681 ms] [JavaFX Application Thread] PlayerShip [moveLeft Line: 139] - Moving Left
[DEBUG] 2026-08-02 01:16:37 [time 43681 ms] [JavaFX Application Thread] PlayerShip [moveBottom Line: 154] - Moving Bottom
[DEBUG] 2026-08-02 01:16:37 [time 43689 ms] [JavaFX Application Thread] PlayerShip [moveLeft Line: 139] - Moving Left
[DEBUG] 2026-08-02 01:16:37 [time 43689 ms] [JavaFX Application Thread] PlayerShip [moveBottom Line: 154] - Moving Bottom
[DEBUG] 2026-08-02 01:16:37 [time 43698 ms] [JavaFX Application Thread] PlayerShip [moveLeft Line: 139] - Moving Left
[DEBUG] 2026-08-02 01:16:37 [time 43698 ms] [JavaFX Application Thread] PlayerShip [moveBottom Line: 154] - Moving Bottom
[DEBUG] 2026-08-02 01:16:37 [time 43706 ms] [JavaFX Application Thread] PlayerShip [moveLeft Line: 139] - Moving Left
[DEBUG] 2026-08-02 01:16:37 [time 43706 ms] [JavaFX Application Thread] PlayerShip [moveBottom Line: 154] - Moving Bottom
[DEBUG] 2026-08-02 01:16:37 [time 43714 ms] [JavaFX Application Thread] PlayerShip [moveLeft Line: 139] - Moving Left
[DEBUG] 2026-08-02 01:16:37 [time 43714 ms] [JavaFX Application Thread] PlayerShip [moveBottom Line: 154] - Moving Bottom
[DEBUG] 2026-08-02 01:16:37 [time 43719 ms] [JavaFX Application Thread] GameController [lambda$setUpKeyEvents$8 Line: 86] - PlayerShip shoot bullet
[DEBUG] 2026-08-02 01:16:37 [time 43723 ms] [JavaFX Application Thread] PlayerShip [moveLeft Line: 139] - Moving Left
[DEBUG] 2026-08-02 01:16:37 [time 43723 ms] [JavaFX Application Thread] PlayerShip [moveBottom Line: 154] - Moving Bottom
[DEBUG] 2026-08-02 01:16:37 [time 43731 ms] [JavaFX Application Thread] PlayerShip [moveLeft Line: 139] - Moving Left
[DEBUG] 2026-08-02 01:16:37 [time 43731 ms] [JavaFX Application Thread] PlayerShip [moveBottom Line: 154] - Moving Bottom
[DEBUG] 2026-08-02 01:16:37 [time 43739 ms] [JavaFX Application Thread] PlayerShip [moveLeft Line: 139] - Moving Left
[DEBUG] 2026-08-02 01:16:37 [time 43739 ms] [JavaFX Application Thread] PlayerShip [moveBottom Line: 154] - Moving Bottom
[DEBUG] 2026-08-02 01:16:37 [time 43748 ms] [JavaFX Application Thread] PlayerShip [moveLeft Line: 139] - Moving Left
[DEBUG] 2026-08-02 01:16:37 [time 43748 ms] [JavaFX Application Thread] PlayerShip [moveBottom Line: 154] - Moving Bottom
[DEBUG] 2026-08-02 01:16:37 [time 43756 ms] [JavaFX Application Thread] PlayerShip [moveLeft Line: 139] - Moving Left
[DEBUG] 2026-08-02 01:16:37 [time 43756 ms] [JavaFX Application Thread] PlayerShip [moveBottom Line: 154] - Moving Bottom
[DEBUG] 2026-08-02 01:16:37 [time 43764 ms] [JavaFX Application Thread] PlayerShip [moveLeft Line: 139] - Moving Left
[DEBUG] 2026-08-02 01:16:37 [time 43764 ms] [JavaFX Application Thread] PlayerShip [moveBottom Line: 154] - Moving Bottom
[DEBUG] 2026-08-02 01:16:37 [time 43773 ms] [JavaFX Application Thread] PlayerShip [moveLeft Line: 139] - Moving Left
[DEBUG] 2026-08-02 01:16:37 [time 43773 ms] [JavaFX Application Thread] PlayerShip [moveBottom Line: 154] - Moving Bottom
[DEBUG] 2026-08-02 01:16:37 [time 43781 ms] [JavaFX Application Thread] PlayerShip [moveLeft Line: 139] - Moving Left
[DEBUG] 2026-08-02 01:16:37 [time 43781 ms] [JavaFX Application Thread] PlayerShip [moveBottom Line: 154] - Moving Bottom
[DEBUG] 2026-08-02 01:16:37 [time 43789 ms] [JavaFX Application Thread] PlayerShip [moveLeft Line: 139] - Moving Left
[DEBUG] 2026-08-02 01:16:37 [time 43789 ms] [JavaFX Application Thread] PlayerShip [moveBottom Line: 154] - Moving Bottom
[DEBUG] 2026-08-02 01:16:37 [time 43798 ms] [JavaFX Application Thread] PlayerShip [moveLeft Line: 139] - Moving Left
[DEBUG] 2026-08-02 01:16:37 [time 43798 ms] [JavaFX Application Thread] PlayerShip [moveBottom Line: 154] - Moving Bottom
[DEBUG] 2026-08-02 01:16:37 [time 43806 ms] [JavaFX Application Thread] PlayerShip [moveLeft Line: 139] - Moving Left
[DEBUG] 2026-08-02 01:16:37 [time 43806 ms] [JavaFX Application Thread] PlayerShip [moveBottom Line: 154] - Moving Bottom
[DEBUG] 2026-08-02 01:16:37 [time 43814 ms] [JavaFX Application Thread] PlayerShip [moveLeft Line: 139] - Moving Left
[DEBUG] 2026-08-02 01:16:37 [time 43814 ms] [JavaFX Application Thread] PlayerShip [moveBottom Line: 154] - Moving Bottom
[DEBUG] 2026-08-02 01:16:37 [time 43823 ms] [JavaFX Application Thread] PlayerShip [moveLeft Line: 139] - Moving Left
[DEBUG] 2026-08-02 01:16:37 [time 43823 ms] [JavaFX Application Thread] PlayerShip [moveBottom Line: 154] - Moving Bottom
[DEBUG] 2026-08-02 01:16:37 [time 43831 ms] [JavaFX Application Thread] PlayerShip [moveLeft Line: 139] - Moving Left
[DEBUG] 2026-08-02 01:16:37 [time 43831 ms] [JavaFX Application Thread] PlayerShip [moveBottom Line: 154] - Moving Bottom
[DEBUG] 2026-08-02 01:16:37 [time 43839 ms] [JavaFX Application Thread] PlayerShip [moveLeft Line: 139] - Moving Left
[DEBUG] 2026-08-02 01:16:37 [time 43839 ms] [JavaFX Application Thread] PlayerShip [moveBottom Line: 154] - Moving Bottom
[ INFO] 2026-08-02 01:16:37 [time 43848 ms] [JavaFX Application Thread] GameController [updateAndCollidePlayerBullet Line: 360] - Current Score: 5
[DEBUG] 2026-08-02 01:16:37 [time 43850 ms] [JavaFX Application Thread] PlayerShip [moveLeft Line: 139] - Moving Left
[DEBUG] 2026-08-02 01:16:37 [time 43850 ms] [JavaFX Application Thread] PlayerShip [moveBottom Line: 154] - Moving Bottom
[DEBUG] 2026-08-02 01:16:37 [time 43856 ms] [JavaFX Application Thread] PlayerShip [moveLeft Line: 139] - Moving Left
[DEBUG] 2026-08-02 01:16:37 [time 43856 ms] [JavaFX Application Thread] PlayerShip [moveBottom Line: 154] - Moving Bottom
[DEBUG] 2026-08-02 01:16:37 [time 43864 ms] [JavaFX Application Thread] PlayerShip [moveLeft Line: 139] - Moving Left
[DEBUG] 2026-08-02 01:16:37 [time 43865 ms] [JavaFX Application Thread] PlayerShip [moveBottom Line: 154] - Moving Bottom
[DEBUG] 2026-08-02 01:16:37 [time 43873 ms] [JavaFX Application Thread] PlayerShip [moveLeft Line: 139] - Moving Left
[DEBUG] 2026-08-02 01:16:37 [time 43873 ms] [JavaFX Application Thread] PlayerShip [moveBottom Line: 154] - Moving Bottom
[DEBUG] 2026-08-02 01:16:37 [time 43881 ms] [JavaFX Application Thread] PlayerShip [moveLeft Line: 139] - Moving Left
[DEBUG] 2026-08-02 01:16:37 [time 43881 ms] [JavaFX Application Thread] PlayerShip [moveBottom Line: 154] - Moving Bottom
[DEBUG] 2026-08-02 01:16:37 [time 43889 ms] [JavaFX Application Thread] PlayerShip [moveLeft Line: 139] - Moving Left
[DEBUG] 2026-08-02 01:16:37 [time 43889 ms] [JavaFX Application Thread] PlayerShip [moveBottom Line: 154] - Moving Bottom
[DEBUG] 2026-08-02 01:16:37 [time 43898 ms] [JavaFX Application Thread] PlayerShip [moveLeft Line: 139] - Moving Left
[DEBUG] 2026-08-02 01:16:37 [time 43898 ms] [JavaFX Application Thread] PlayerShip [moveBottom Line: 154] - Moving Bottom
[DEBUG] 2026-08-02 01:16:37 [time 43899 ms] [JavaFX Application Thread] GameController [lambda$setUpKeyEvents$8 Line: 86] - PlayerShip shoot bullet
[DEBUG] 2026-08-02 01:16:37 [time 43906 ms] [JavaFX Application Thread] PlayerShip [moveLeft Line: 139] - Moving Left
[DEBUG] 2026-08-02 01:16:37 [time 43906 ms] [JavaFX Application Thread] PlayerShip [moveBottom Line: 154] - Moving Bottom
[DEBUG] 2026-08-02 01:16:37 [time 43914 ms] [JavaFX Application Thread] PlayerShip [moveLeft Line: 139] - Moving Left
[DEBUG] 2026-08-02 01:16:37 [time 43914 ms] [JavaFX Application Thread] PlayerShip [moveBottom Line: 154] - Moving Bottom
[DEBUG] 2026-08-02 01:16:37 [time 43923 ms] [JavaFX Application Thread] PlayerShip [moveLeft Line: 139] - Moving Left
[DEBUG] 2026-08-02 01:16:37 [time 43923 ms] [JavaFX Application Thread] PlayerShip [moveBottom Line: 154] - Moving Bottom
[DEBUG] 2026-08-02 01:16:37 [time 43931 ms] [JavaFX Application Thread] PlayerShip [moveLeft Line: 139] - Moving Left
[DEBUG] 2026-08-02 01:16:37 [time 43931 ms] [JavaFX Application Thread] PlayerShip [moveBottom Line: 154] - Moving Bottom
[DEBUG] 2026-08-02 01:16:37 [time 43939 ms] [JavaFX Application Thread] PlayerShip [moveLeft Line: 139] - Moving Left
[DEBUG] 2026-08-02 01:16:37 [time 43939 ms] [JavaFX Application Thread] PlayerShip [moveBottom Line: 154] - Moving Bottom
[DEBUG] 2026-08-02 01:16:37 [time 43948 ms] [JavaFX Application Thread] PlayerShip [moveLeft Line: 139] - Moving Left
[DEBUG] 2026-08-02 01:16:37 [time 43948 ms] [JavaFX Application Thread] PlayerShip [moveBottom Line: 154] - Moving Bottom
[DEBUG] 2026-08-02 01:16:37 [time 43956 ms] [JavaFX Application Thread] PlayerShip [moveLeft Line: 139] - Moving Left
[DEBUG] 2026-08-02 01:16:37 [time 43956 ms] [JavaFX Application Thread] PlayerShip [moveBottom Line: 154] - Moving Bottom
[DEBUG] 2026-08-02 01:16:37 [time 43964 ms] [JavaFX Application Thread] PlayerShip [moveLeft Line: 139] - Moving Left
[DEBUG] 2026-08-02 01:16:37 [time 43964 ms] [JavaFX Application Thread] PlayerShip [moveBottom Line: 154] - Moving Bottom
[DEBUG] 2026-08-02 01:16:37 [time 43973 ms] [JavaFX Application Thread] PlayerShip [moveLeft Line: 139] - Moving Left
[DEBUG] 2026-08-02 01:16:37 [time 43973 ms] [JavaFX Application Thread] PlayerShip [moveBottom Line: 154] - Moving Bottom
[DEBUG] 2026-08-02 01:16:37 [time 43981 ms] [JavaFX Application Thread] PlayerShip [moveLeft Line: 139] - Moving Left
[DEBUG] 2026-08-02 01:16:37 [time 43981 ms] [JavaFX Application Thread] PlayerShip [moveBottom Line: 154] - Moving Bottom
[DEBUG] 2026-08-02 01:16:37 [time 43989 ms] [JavaFX Application Thread] PlayerShip [moveLeft Line: 139] - Moving Left
[DEBUG] 2026-08-02 01:16:37 [time 43989 ms] [JavaFX Application Thread] PlayerShip [moveBottom Line: 154] - Moving Bottom
[DEBUG] 2026-08-02 01:16:37 [time 43998 ms] [JavaFX Application Thread] PlayerShip [moveLeft Line: 139] - Moving Left
[DEBUG] 2026-08-02 01:16:37 [time 44006 ms] [JavaFX Application Thread] PlayerShip [moveLeft Line: 139] - Moving Left
[DEBUG] 2026-08-02 01:16:37 [time 44014 ms] [JavaFX Application Thread] PlayerShip [moveLeft Line: 139] - Moving Left
[DEBUG] 2026-08-02 01:16:37 [time 44022 ms] [JavaFX Application Thread] PlayerShip [moveLeft Line: 139] - Moving Left
[DEBUG] 2026-08-02 01:16:37 [time 44031 ms] [JavaFX Application Thread] PlayerShip [moveLeft Line: 139] - Moving Left
[DEBUG] 2026-08-02 01:16:37 [time 44039 ms] [JavaFX Application Thread] PlayerShip [moveLeft Line: 139] - Moving Left
[DEBUG] 2026-08-02 01:16:37 [time 44048 ms] [JavaFX Application Thread] PlayerShip [moveLeft Line: 139] - Moving Left
[DEBUG] 2026-08-02 01:16:37 [time 44056 ms] [JavaFX Application Thread] PlayerShip [moveLeft Line: 139] - Moving Left
[DEBUG] 2026-08-02 01:16:37 [time 44064 ms] [JavaFX Application Thread] PlayerShip [moveLeft Line: 139] - Moving Left
[DEBUG] 2026-08-02 01:16:37 [time 44073 ms] [JavaFX Application Thread] PlayerShip [moveLeft Line: 139] - Moving Left
[DEBUG] 2026-08-02 01:16:37 [time 44081 ms] [JavaFX Application Thread] GameController [lambda$setUpKeyEvents$8 Line: 86] - PlayerShip shoot bullet
[DEBUG] 2026-08-02 01:16:37 [time 44081 ms] [JavaFX Application Thread] PlayerShip [moveLeft Line: 139] - Moving Left
[DEBUG] 2026-08-02 01:16:37 [time 44089 ms] [JavaFX Application Thread] PlayerShip [moveLeft Line: 139] - Moving Left
[DEBUG] 2026-08-02 01:16:37 [time 44097 ms] [JavaFX Application Thread] PlayerShip [moveLeft Line: 139] - Moving Left
[ INFO] 2026-08-02 01:16:37 [time 44106 ms] [JavaFX Application Thread] GameController [updateAndCollidePlayerBullet Line: 360] - Current Score: 6
[DEBUG] 2026-08-02 01:16:37 [time 44108 ms] [JavaFX Application Thread] PlayerShip [moveLeft Line: 139] - Moving Left
[DEBUG] 2026-08-02 01:16:37 [time 44114 ms] [JavaFX Application Thread] PlayerShip [moveLeft Line: 139] - Moving Left
[DEBUG] 2026-08-02 01:16:37 [time 44123 ms] [JavaFX Application Thread] PlayerShip [moveLeft Line: 139] - Moving Left
[DEBUG] 2026-08-02 01:16:37 [time 44131 ms] [JavaFX Application Thread] PlayerShip [moveLeft Line: 139] - Moving Left
[DEBUG] 2026-08-02 01:16:37 [time 44139 ms] [JavaFX Application Thread] PlayerShip [moveLeft Line: 139] - Moving Left
[DEBUG] 2026-08-02 01:16:37 [time 44148 ms] [JavaFX Application Thread] PlayerShip [moveLeft Line: 139] - Moving Left
[DEBUG] 2026-08-02 01:16:37 [time 44156 ms] [JavaFX Application Thread] PlayerShip [moveLeft Line: 139] - Moving Left
[DEBUG] 2026-08-02 01:16:37 [time 44164 ms] [JavaFX Application Thread] PlayerShip [moveLeft Line: 139] - Moving Left
[DEBUG] 2026-08-02 01:16:37 [time 44173 ms] [JavaFX Application Thread] PlayerShip [moveLeft Line: 139] - Moving Left
[DEBUG] 2026-08-02 01:16:37 [time 44181 ms] [JavaFX Application Thread] PlayerShip [moveLeft Line: 139] - Moving Left
[ INFO] 2026-08-02 01:16:37 [time 44189 ms] [JavaFX Application Thread] GameController [updateAndCollidePlayerBullet Line: 400] - Current Score: 7
[DEBUG] 2026-08-02 01:16:37 [time 44191 ms] [JavaFX Application Thread] PlayerShip [moveLeft Line: 139] - Moving Left
[DEBUG] 2026-08-02 01:16:37 [time 44198 ms] [JavaFX Application Thread] PlayerShip [moveLeft Line: 139] - Moving Left
[DEBUG] 2026-08-02 01:16:37 [time 44206 ms] [JavaFX Application Thread] PlayerShip [moveLeft Line: 139] - Moving Left
[DEBUG] 2026-08-02 01:16:37 [time 44214 ms] [JavaFX Application Thread] PlayerShip [moveLeft Line: 139] - Moving Left
[DEBUG] 2026-08-02 01:16:37 [time 44223 ms] [JavaFX Application Thread] PlayerShip [moveLeft Line: 139] - Moving Left
[DEBUG] 2026-08-02 01:16:37 [time 44231 ms] [JavaFX Application Thread] PlayerShip [moveLeft Line: 139] - Moving Left
[DEBUG] 2026-08-02 01:16:37 [time 44239 ms] [JavaFX Application Thread] PlayerShip [moveLeft Line: 139] - Moving Left
[DEBUG] 2026-08-02 01:16:37 [time 44248 ms] [JavaFX Application Thread] PlayerShip [moveLeft Line: 139] - Moving Left
[DEBUG] 2026-08-02 01:16:37 [time 44256 ms] [JavaFX Application Thread] PlayerShip [moveLeft Line: 139] - Moving Left
[DEBUG] 2026-08-02 01:16:37 [time 44259 ms] [JavaFX Application Thread] GameController [lambda$setUpKeyEvents$8 Line: 86] - PlayerShip shoot bullet
[DEBUG] 2026-08-02 01:16:37 [time 44264 ms] [JavaFX Application Thread] PlayerShip [moveLeft Line: 139] - Moving Left
[DEBUG] 2026-08-02 01:16:37 [time 44273 ms] [JavaFX Application Thread] PlayerShip [moveLeft Line: 139] - Moving Left
[DEBUG] 2026-08-02 01:16:37 [time 44281 ms] [JavaFX Application Thread] PlayerShip [moveLeft Line: 139] - Moving Left
[DEBUG] 2026-08-02 01:16:37 [time 44288 ms] [JavaFX Application Thread] PlayerShip [moveLeft Line: 139] - Moving Left
[DEBUG] 2026-08-02 01:16:37 [time 44298 ms] [JavaFX Application Thread] PlayerShip [moveLeft Line: 139] - Moving Left
[DEBUG] 2026-08-02 01:16:37 [time 44306 ms] [JavaFX Application Thread] PlayerShip [moveLeft Line: 139] - Moving Left
[DEBUG] 2026-08-02 01:16:37 [time 44306 ms] [JavaFX Application Thread] PlayerShip [moveTop Line: 149] - Moving Top
[DEBUG] 2026-08-02 01:16:37 [time 44314 ms] [JavaFX Application Thread] PlayerShip [moveLeft Line: 139] - Moving Left
[DEBUG] 2026-08-02 01:16:37 [time 44314 ms] [JavaFX Application Thread] PlayerShip [moveTop Line: 149] - Moving Top
[DEBUG] 2026-08-02 01:16:37 [time 44323 ms] [JavaFX Application Thread] PlayerShip [moveLeft Line: 139] - Moving Left
[DEBUG] 2026-08-02 01:16:37 [time 44323 ms] [JavaFX Application Thread] PlayerShip [moveTop Line: 149] - Moving Top
[DEBUG] 2026-08-02 01:16:37 [time 44331 ms] [JavaFX Application Thread] PlayerShip [moveLeft Line: 139] - Moving Left
[DEBUG] 2026-08-02 01:16:37 [time 44331 ms] [JavaFX Application Thread] PlayerShip [moveTop Line: 149] - Moving Top
[DEBUG] 2026-08-02 01:16:37 [time 44339 ms] [JavaFX Application Thread] PlayerShip [moveLeft Line: 139] - Moving Left
[DEBUG] 2026-08-02 01:16:37 [time 44339 ms] [JavaFX Application Thread] PlayerShip [moveTop Line: 149] - Moving Top
[DEBUG] 2026-08-02 01:16:37 [time 44348 ms] [JavaFX Application Thread] PlayerShip [moveLeft Line: 139] - Moving Left
[DEBUG] 2026-08-02 01:16:37 [time 44348 ms] [JavaFX Application Thread] PlayerShip [moveTop Line: 149] - Moving Top
[DEBUG] 2026-08-02 01:16:37 [time 44356 ms] [JavaFX Application Thread] PlayerShip [moveLeft Line: 139] - Moving Left
[DEBUG] 2026-08-02 01:16:37 [time 44356 ms] [JavaFX Application Thread] PlayerShip [moveTop Line: 149] - Moving Top
[DEBUG] 2026-08-02 01:16:37 [time 44364 ms] [JavaFX Application Thread] PlayerShip [moveLeft Line: 139] - Moving Left
[DEBUG] 2026-08-02 01:16:37 [time 44364 ms] [JavaFX Application Thread] PlayerShip [moveTop Line: 149] - Moving Top
[DEBUG] 2026-08-02 01:16:37 [time 44373 ms] [JavaFX Application Thread] PlayerShip [moveLeft Line: 139] - Moving Left
[DEBUG] 2026-08-02 01:16:37 [time 44373 ms] [JavaFX Application Thread] PlayerShip [moveTop Line: 149] - Moving Top
[DEBUG] 2026-08-02 01:16:37 [time 44381 ms] [JavaFX Application Thread] PlayerShip [moveLeft Line: 139] - Moving Left
[DEBUG] 2026-08-02 01:16:37 [time 44381 ms] [JavaFX Application Thread] PlayerShip [moveTop Line: 149] - Moving Top
[ INFO] 2026-08-02 01:16:37 [time 44389 ms] [JavaFX Application Thread] GameController [updateAndCollidePlayerBullet Line: 360] - Current Score: 8
[DEBUG] 2026-08-02 01:16:37 [time 44391 ms] [JavaFX Application Thread] PlayerShip [moveLeft Line: 139] - Moving Left
[DEBUG] 2026-08-02 01:16:37 [time 44392 ms] [JavaFX Application Thread] PlayerShip [moveTop Line: 149] - Moving Top
[DEBUG] 2026-08-02 01:16:37 [time 44398 ms] [JavaFX Application Thread] PlayerShip [moveLeft Line: 139] - Moving Left
[DEBUG] 2026-08-02 01:16:37 [time 44398 ms] [JavaFX Application Thread] PlayerShip [moveTop Line: 149] - Moving Top
[DEBUG] 2026-08-02 01:16:37 [time 44406 ms] [JavaFX Application Thread] PlayerShip [moveLeft Line: 139] - Moving Left
[DEBUG] 2026-08-02 01:16:37 [time 44406 ms] [JavaFX Application Thread] PlayerShip [moveTop Line: 149] - Moving Top
[DEBUG] 2026-08-02 01:16:37 [time 44414 ms] [JavaFX Application Thread] PlayerShip [moveLeft Line: 139] - Moving Left
[DEBUG] 2026-08-02 01:16:37 [time 44414 ms] [JavaFX Application Thread] PlayerShip [moveTop Line: 149] - Moving Top
[DEBUG] 2026-08-02 01:16:37 [time 44423 ms] [JavaFX Application Thread] PlayerShip [moveLeft Line: 139] - Moving Left
[DEBUG] 2026-08-02 01:16:37 [time 44423 ms] [JavaFX Application Thread] PlayerShip [moveTop Line: 149] - Moving Top
[DEBUG] 2026-08-02 01:16:37 [time 44431 ms] [JavaFX Application Thread] PlayerShip [moveLeft Line: 139] - Moving Left
[DEBUG] 2026-08-02 01:16:37 [time 44432 ms] [JavaFX Application Thread] PlayerShip [moveTop Line: 149] - Moving Top
[DEBUG] 2026-08-02 01:16:37 [time 44439 ms] [JavaFX Application Thread] PlayerShip [moveLeft Line: 139] - Moving Left
[DEBUG] 2026-08-02 01:16:37 [time 44439 ms] [JavaFX Application Thread] PlayerShip [moveTop Line: 149] - Moving Top
[DEBUG] 2026-08-02 01:16:37 [time 44448 ms] [JavaFX Application Thread] PlayerShip [moveLeft Line: 139] - Moving Left
[DEBUG] 2026-08-02 01:16:37 [time 44448 ms] [JavaFX Application Thread] PlayerShip [moveTop Line: 149] - Moving Top
[DEBUG] 2026-08-02 01:16:37 [time 44455 ms] [JavaFX Application Thread] GameController [lambda$setUpKeyEvents$8 Line: 86] - PlayerShip shoot bullet
[DEBUG] 2026-08-02 01:16:37 [time 44456 ms] [JavaFX Application Thread] PlayerShip [moveLeft Line: 139] - Moving Left
[DEBUG] 2026-08-02 01:16:37 [time 44456 ms] [JavaFX Application Thread] PlayerShip [moveTop Line: 149] - Moving Top
[DEBUG] 2026-08-02 01:16:37 [time 44464 ms] [JavaFX Application Thread] PlayerShip [moveLeft Line: 139] - Moving Left
[DEBUG] 2026-08-02 01:16:37 [time 44464 ms] [JavaFX Application Thread] PlayerShip [moveTop Line: 149] - Moving Top
[DEBUG] 2026-08-02 01:16:37 [time 44473 ms] [JavaFX Application Thread] PlayerShip [moveLeft Line: 139] - Moving Left
[DEBUG] 2026-08-02 01:16:37 [time 44473 ms] [JavaFX Application Thread] PlayerShip [moveTop Line: 149] - Moving Top
[DEBUG] 2026-08-02 01:16:37 [time 44481 ms] [JavaFX Application Thread] PlayerShip [moveLeft Line: 139] - Moving Left
[DEBUG] 2026-08-02 01:16:37 [time 44481 ms] [JavaFX Application Thread] PlayerShip [moveTop Line: 149] - Moving Top
[DEBUG] 2026-08-02 01:16:37 [time 44489 ms] [JavaFX Application Thread] PlayerShip [moveLeft Line: 139] - Moving Left
[DEBUG] 2026-08-02 01:16:37 [time 44489 ms] [JavaFX Application Thread] PlayerShip [moveTop Line: 149] - Moving Top
[DEBUG] 2026-08-02 01:16:37 [time 44497 ms] [JavaFX Application Thread] PlayerShip [moveLeft Line: 139] - Moving Left
[DEBUG] 2026-08-02 01:16:37 [time 44497 ms] [JavaFX Application Thread] PlayerShip [moveTop Line: 149] - Moving Top
[DEBUG] 2026-08-02 01:16:37 [time 44506 ms] [JavaFX Application Thread] PlayerShip [moveLeft Line: 139] - Moving Left
[DEBUG] 2026-08-02 01:16:37 [time 44506 ms] [JavaFX Application Thread] PlayerShip [moveTop Line: 149] - Moving Top
[DEBUG] 2026-08-02 01:16:37 [time 44515 ms] [JavaFX Application Thread] PlayerShip [moveLeft Line: 139] - Moving Left
[DEBUG] 2026-08-02 01:16:37 [time 44515 ms] [JavaFX Application Thread] PlayerShip [moveTop Line: 149] - Moving Top
[DEBUG] 2026-08-02 01:16:37 [time 44523 ms] [JavaFX Application Thread] PlayerShip [moveLeft Line: 139] - Moving Left
[DEBUG] 2026-08-02 01:16:37 [time 44523 ms] [JavaFX Application Thread] PlayerShip [moveTop Line: 149] - Moving Top
[DEBUG] 2026-08-02 01:16:37 [time 44531 ms] [JavaFX Application Thread] PlayerShip [moveLeft Line: 139] - Moving Left
[DEBUG] 2026-08-02 01:16:37 [time 44531 ms] [JavaFX Application Thread] PlayerShip [moveTop Line: 149] - Moving Top
[DEBUG] 2026-08-02 01:16:37 [time 44543 ms] [JavaFX Application Thread] PlayerShip [moveLeft Line: 139] - Moving Left
[DEBUG] 2026-08-02 01:16:37 [time 44543 ms] [JavaFX Application Thread] PlayerShip [moveTop Line: 149] - Moving Top
[DEBUG] 2026-08-02 01:16:37 [time 44548 ms] [JavaFX Application Thread] PlayerShip [moveLeft Line: 139] - Moving Left
[DEBUG] 2026-08-02 01:16:37 [time 44548 ms] [JavaFX Application Thread] PlayerShip [moveTop Line: 149] - Moving Top
[DEBUG] 2026-08-02 01:16:37 [time 44556 ms] [JavaFX Application Thread] PlayerShip [moveLeft Line: 139] - Moving Left
[DEBUG] 2026-08-02 01:16:37 [time 44556 ms] [JavaFX Application Thread] PlayerShip [moveTop Line: 149] - Moving Top
[DEBUG] 2026-08-02 01:16:37 [time 44564 ms] [JavaFX Application Thread] PlayerShip [moveLeft Line: 139] - Moving Left
[DEBUG] 2026-08-02 01:16:37 [time 44564 ms] [JavaFX Application Thread] PlayerShip [moveTop Line: 149] - Moving Top
[DEBUG] 2026-08-02 01:16:37 [time 44573 ms] [JavaFX Application Thread] PlayerShip [moveLeft Line: 139] - Moving Left
[DEBUG] 2026-08-02 01:16:37 [time 44573 ms] [JavaFX Application Thread] PlayerShip [moveTop Line: 149] - Moving Top
[DEBUG] 2026-08-02 01:16:37 [time 44581 ms] [JavaFX Application Thread] PlayerShip [moveLeft Line: 139] - Moving Left
[DEBUG] 2026-08-02 01:16:37 [time 44581 ms] [JavaFX Application Thread] PlayerShip [moveTop Line: 149] - Moving Top
[DEBUG] 2026-08-02 01:16:37 [time 44589 ms] [JavaFX Application Thread] PlayerShip [moveLeft Line: 139] - Moving Left
[DEBUG] 2026-08-02 01:16:37 [time 44589 ms] [JavaFX Application Thread] PlayerShip [moveTop Line: 149] - Moving Top
[DEBUG] 2026-08-02 01:16:37 [time 44598 ms] [JavaFX Application Thread] PlayerShip [moveLeft Line: 139] - Moving Left
[DEBUG] 2026-08-02 01:16:37 [time 44598 ms] [JavaFX Application Thread] PlayerShip [moveTop Line: 149] - Moving Top
[DEBUG] 2026-08-02 01:16:37 [time 44606 ms] [JavaFX Application Thread] PlayerShip [moveLeft Line: 139] - Moving Left
[DEBUG] 2026-08-02 01:16:37 [time 44606 ms] [JavaFX Application Thread] PlayerShip [moveTop Line: 149] - Moving Top
[DEBUG] 2026-08-02 01:16:37 [time 44612 ms] [JavaFX Application Thread] PlayerShip [moveLeft Line: 139] - Moving Left
[DEBUG] 2026-08-02 01:16:37 [time 44612 ms] [JavaFX Application Thread] PlayerShip [moveTop Line: 149] - Moving Top
[DEBUG] 2026-08-02 01:16:37 [time 44621 ms] [JavaFX Application Thread] PlayerShip [moveLeft Line: 139] - Moving Left
[DEBUG] 2026-08-02 01:16:37 [time 44621 ms] [JavaFX Application Thread] PlayerShip [moveTop Line: 149] - Moving Top
[DEBUG] 2026-08-02 01:16:37 [time 44628 ms] [JavaFX Application Thread] PlayerShip [moveLeft Line: 139] - Moving Left
[DEBUG] 2026-08-02 01:16:37 [time 44628 ms] [JavaFX Application Thread] PlayerShip [moveTop Line: 149] - Moving Top
[DEBUG] 2026-08-02 01:16:37 [time 44636 ms] [JavaFX Application Thread] PlayerShip [moveLeft Line: 139] - Moving Left
[DEBUG] 2026-08-02 01:16:37 [time 44636 ms] [JavaFX Application Thread] PlayerShip [moveTop Line: 149] - Moving Top
[DEBUG] 2026-08-02 01:16:37 [time 44644 ms] [JavaFX Application Thread] PlayerShip [moveLeft Line: 139] - Moving Left
[DEBUG] 2026-08-02 01:16:37 [time 44644 ms] [JavaFX Application Thread] PlayerShip [moveTop Line: 149] - Moving Top
[DEBUG] 2026-08-02 01:16:37 [time 44652 ms] [JavaFX Application Thread] PlayerShip [moveLeft Line: 139] - Moving Left
[DEBUG] 2026-08-02 01:16:37 [time 44652 ms] [JavaFX Application Thread] PlayerShip [moveTop Line: 149] - Moving Top
[DEBUG] 2026-08-02 01:16:37 [time 44660 ms] [JavaFX Application Thread] PlayerShip [moveLeft Line: 139] - Moving Left
[DEBUG] 2026-08-02 01:16:37 [time 44660 ms] [JavaFX Application Thread] PlayerShip [moveTop Line: 149] - Moving Top
[DEBUG] 2026-08-02 01:16:38 [time 44669 ms] [JavaFX Application Thread] PlayerShip [moveLeft Line: 139] - Moving Left
[DEBUG] 2026-08-02 01:16:38 [time 44669 ms] [JavaFX Application Thread] PlayerShip [moveTop Line: 149] - Moving Top
[DEBUG] 2026-08-02 01:16:38 [time 44677 ms] [JavaFX Application Thread] PlayerShip [moveLeft Line: 139] - Moving Left
[DEBUG] 2026-08-02 01:16:38 [time 44677 ms] [JavaFX Application Thread] PlayerShip [moveTop Line: 149] - Moving Top
[DEBUG] 2026-08-02 01:16:38 [time 44685 ms] [JavaFX Application Thread] PlayerShip [moveLeft Line: 139] - Moving Left
[DEBUG] 2026-08-02 01:16:38 [time 44686 ms] [JavaFX Application Thread] PlayerShip [moveTop Line: 149] - Moving Top
[DEBUG] 2026-08-02 01:16:38 [time 44693 ms] [JavaFX Application Thread] PlayerShip [moveLeft Line: 139] - Moving Left
[DEBUG] 2026-08-02 01:16:38 [time 44693 ms] [JavaFX Application Thread] PlayerShip [moveTop Line: 149] - Moving Top
[DEBUG] 2026-08-02 01:16:38 [time 44702 ms] [JavaFX Application Thread] PlayerShip [moveLeft Line: 139] - Moving Left
[DEBUG] 2026-08-02 01:16:38 [time 44702 ms] [JavaFX Application Thread] PlayerShip [moveTop Line: 149] - Moving Top
[DEBUG] 2026-08-02 01:16:38 [time 44710 ms] [JavaFX Application Thread] PlayerShip [moveLeft Line: 139] - Moving Left
[DEBUG] 2026-08-02 01:16:38 [time 44710 ms] [JavaFX Application Thread] PlayerShip [moveTop Line: 149] - Moving Top
[DEBUG] 2026-08-02 01:16:38 [time 44719 ms] [JavaFX Application Thread] PlayerShip [moveLeft Line: 139] - Moving Left
[DEBUG] 2026-08-02 01:16:38 [time 44719 ms] [JavaFX Application Thread] PlayerShip [moveTop Line: 149] - Moving Top
[DEBUG] 2026-08-02 01:16:38 [time 44727 ms] [JavaFX Application Thread] PlayerShip [moveLeft Line: 139] - Moving Left
[DEBUG] 2026-08-02 01:16:38 [time 44727 ms] [JavaFX Application Thread] PlayerShip [moveTop Line: 149] - Moving Top
[DEBUG] 2026-08-02 01:16:38 [time 44734 ms] [JavaFX Application Thread] PlayerShip [moveLeft Line: 139] - Moving Left
[DEBUG] 2026-08-02 01:16:38 [time 44734 ms] [JavaFX Application Thread] PlayerShip [moveTop Line: 149] - Moving Top
[DEBUG] 2026-08-02 01:16:38 [time 44743 ms] [JavaFX Application Thread] PlayerShip [moveTop Line: 149] - Moving Top
[DEBUG] 2026-08-02 01:16:38 [time 44751 ms] [JavaFX Application Thread] PlayerShip [moveTop Line: 149] - Moving Top
[DEBUG] 2026-08-02 01:16:38 [time 44759 ms] [JavaFX Application Thread] PlayerShip [moveTop Line: 149] - Moving Top
[DEBUG] 2026-08-02 01:16:38 [time 44769 ms] [JavaFX Application Thread] PlayerShip [moveTop Line: 149] - Moving Top
[DEBUG] 2026-08-02 01:16:38 [time 44777 ms] [JavaFX Application Thread] PlayerShip [moveTop Line: 149] - Moving Top
[DEBUG] 2026-08-02 01:16:38 [time 44785 ms] [JavaFX Application Thread] PlayerShip [moveTop Line: 149] - Moving Top
[DEBUG] 2026-08-02 01:16:38 [time 44793 ms] [JavaFX Application Thread] PlayerShip [moveTop Line: 149] - Moving Top
[DEBUG] 2026-08-02 01:16:38 [time 44802 ms] [JavaFX Application Thread] PlayerShip [moveTop Line: 149] - Moving Top
[DEBUG] 2026-08-02 01:16:38 [time 44810 ms] [JavaFX Application Thread] PlayerShip [moveTop Line: 149] - Moving Top
[DEBUG] 2026-08-02 01:16:38 [time 44819 ms] [JavaFX Application Thread] PlayerShip [moveTop Line: 149] - Moving Top
[DEBUG] 2026-08-02 01:16:38 [time 44827 ms] [JavaFX Application Thread] PlayerShip [moveTop Line: 149] - Moving Top
[DEBUG] 2026-08-02 01:16:38 [time 44835 ms] [JavaFX Application Thread] PlayerShip [moveRight Line: 144] - Moving Right
[DEBUG] 2026-08-02 01:16:38 [time 44836 ms] [JavaFX Application Thread] PlayerShip [moveTop Line: 149] - Moving Top
[DEBUG] 2026-08-02 01:16:38 [time 44843 ms] [JavaFX Application Thread] PlayerShip [moveRight Line: 144] - Moving Right
[DEBUG] 2026-08-02 01:16:38 [time 44843 ms] [JavaFX Application Thread] PlayerShip [moveTop Line: 149] - Moving Top
[DEBUG] 2026-08-02 01:16:38 [time 44852 ms] [JavaFX Application Thread] PlayerShip [moveRight Line: 144] - Moving Right
[DEBUG] 2026-08-02 01:16:38 [time 44852 ms] [JavaFX Application Thread] PlayerShip [moveTop Line: 149] - Moving Top
[DEBUG] 2026-08-02 01:16:38 [time 44860 ms] [JavaFX Application Thread] PlayerShip [moveRight Line: 144] - Moving Right
[DEBUG] 2026-08-02 01:16:38 [time 44860 ms] [JavaFX Application Thread] PlayerShip [moveTop Line: 149] - Moving Top
[DEBUG] 2026-08-02 01:16:38 [time 44868 ms] [JavaFX Application Thread] PlayerShip [moveRight Line: 144] - Moving Right
[DEBUG] 2026-08-02 01:16:38 [time 44868 ms] [JavaFX Application Thread] PlayerShip [moveTop Line: 149] - Moving Top
[DEBUG] 2026-08-02 01:16:38 [time 44877 ms] [JavaFX Application Thread] PlayerShip [moveRight Line: 144] - Moving Right
[DEBUG] 2026-08-02 01:16:38 [time 44877 ms] [JavaFX Application Thread] PlayerShip [moveTop Line: 149] - Moving Top
[DEBUG] 2026-08-02 01:16:38 [time 44884 ms] [JavaFX Application Thread] PlayerShip [moveRight Line: 144] - Moving Right
[DEBUG] 2026-08-02 01:16:38 [time 44884 ms] [JavaFX Application Thread] PlayerShip [moveTop Line: 149] - Moving Top
[DEBUG] 2026-08-02 01:16:38 [time 44894 ms] [JavaFX Application Thread] PlayerShip [moveRight Line: 144] - Moving Right
[DEBUG] 2026-08-02 01:16:38 [time 44894 ms] [JavaFX Application Thread] PlayerShip [moveTop Line: 149] - Moving Top
[DEBUG] 2026-08-02 01:16:38 [time 44902 ms] [JavaFX Application Thread] PlayerShip [moveRight Line: 144] - Moving Right
[DEBUG] 2026-08-02 01:16:38 [time 44902 ms] [JavaFX Application Thread] PlayerShip [moveTop Line: 149] - Moving Top
[DEBUG] 2026-08-02 01:16:38 [time 44910 ms] [JavaFX Application Thread] PlayerShip [moveRight Line: 144] - Moving Right
[DEBUG] 2026-08-02 01:16:38 [time 44910 ms] [JavaFX Application Thread] PlayerShip [moveTop Line: 149] - Moving Top
[DEBUG] 2026-08-02 01:16:38 [time 44919 ms] [JavaFX Application Thread] PlayerShip [moveRight Line: 144] - Moving Right
[DEBUG] 2026-08-02 01:16:38 [time 44919 ms] [JavaFX Application Thread] PlayerShip [moveTop Line: 149] - Moving Top
[DEBUG] 2026-08-02 01:16:38 [time 44927 ms] [JavaFX Application Thread] PlayerShip [moveRight Line: 144] - Moving Right
[DEBUG] 2026-08-02 01:16:38 [time 44927 ms] [JavaFX Application Thread] PlayerShip [moveTop Line: 149] - Moving Top
[DEBUG] 2026-08-02 01:16:38 [time 44935 ms] [JavaFX Application Thread] PlayerShip [moveRight Line: 144] - Moving Right
[DEBUG] 2026-08-02 01:16:38 [time 44935 ms] [JavaFX Application Thread] PlayerShip [moveTop Line: 149] - Moving Top
[DEBUG] 2026-08-02 01:16:38 [time 44944 ms] [JavaFX Application Thread] PlayerShip [moveRight Line: 144] - Moving Right
[DEBUG] 2026-08-02 01:16:38 [time 44944 ms] [JavaFX Application Thread] PlayerShip [moveTop Line: 149] - Moving Top
[DEBUG] 2026-08-02 01:16:38 [time 44952 ms] [JavaFX Application Thread] PlayerShip [moveRight Line: 144] - Moving Right
[DEBUG] 2026-08-02 01:16:38 [time 44952 ms] [JavaFX Application Thread] PlayerShip [moveTop Line: 149] - Moving Top
[DEBUG] 2026-08-02 01:16:38 [time 44959 ms] [JavaFX Application Thread] PlayerShip [moveRight Line: 144] - Moving Right
[DEBUG] 2026-08-02 01:16:38 [time 44960 ms] [JavaFX Application Thread] PlayerShip [moveTop Line: 149] - Moving Top
[DEBUG] 2026-08-02 01:16:38 [time 44968 ms] [JavaFX Application Thread] PlayerShip [moveRight Line: 144] - Moving Right
[DEBUG] 2026-08-02 01:16:38 [time 44968 ms] [JavaFX Application Thread] PlayerShip [moveTop Line: 149] - Moving Top
[DEBUG] 2026-08-02 01:16:38 [time 44977 ms] [JavaFX Application Thread] PlayerShip [moveRight Line: 144] - Moving Right
[DEBUG] 2026-08-02 01:16:38 [time 44977 ms] [JavaFX Application Thread] PlayerShip [moveTop Line: 149] - Moving Top
[DEBUG] 2026-08-02 01:16:38 [time 44985 ms] [JavaFX Application Thread] PlayerShip [moveRight Line: 144] - Moving Right
[DEBUG] 2026-08-02 01:16:38 [time 44985 ms] [JavaFX Application Thread] PlayerShip [moveTop Line: 149] - Moving Top
[DEBUG] 2026-08-02 01:16:38 [time 44994 ms] [JavaFX Application Thread] PlayerShip [moveRight Line: 144] - Moving Right
[DEBUG] 2026-08-02 01:16:38 [time 44994 ms] [JavaFX Application Thread] PlayerShip [moveTop Line: 149] - Moving Top
[DEBUG] 2026-08-02 01:16:38 [time 45002 ms] [JavaFX Application Thread] PlayerShip [moveRight Line: 144] - Moving Right
[DEBUG] 2026-08-02 01:16:38 [time 45002 ms] [JavaFX Application Thread] PlayerShip [moveTop Line: 149] - Moving Top
[DEBUG] 2026-08-02 01:16:38 [time 45010 ms] [JavaFX Application Thread] PlayerShip [moveRight Line: 144] - Moving Right
[DEBUG] 2026-08-02 01:16:38 [time 45010 ms] [JavaFX Application Thread] PlayerShip [moveTop Line: 149] - Moving Top
[DEBUG] 2026-08-02 01:16:38 [time 45019 ms] [JavaFX Application Thread] PlayerShip [moveRight Line: 144] - Moving Right
[DEBUG] 2026-08-02 01:16:38 [time 45019 ms] [JavaFX Application Thread] PlayerShip [moveTop Line: 149] - Moving Top
[DEBUG] 2026-08-02 01:16:38 [time 45027 ms] [JavaFX Application Thread] PlayerShip [moveRight Line: 144] - Moving Right
[DEBUG] 2026-08-02 01:16:38 [time 45027 ms] [JavaFX Application Thread] PlayerShip [moveTop Line: 149] - Moving Top
[DEBUG] 2026-08-02 01:16:38 [time 45035 ms] [JavaFX Application Thread] PlayerShip [moveRight Line: 144] - Moving Right
[DEBUG] 2026-08-02 01:16:38 [time 45035 ms] [JavaFX Application Thread] PlayerShip [moveTop Line: 149] - Moving Top
[DEBUG] 2026-08-02 01:16:38 [time 45044 ms] [JavaFX Application Thread] PlayerShip [moveRight Line: 144] - Moving Right
[DEBUG] 2026-08-02 01:16:38 [time 45044 ms] [JavaFX Application Thread] PlayerShip [moveTop Line: 149] - Moving Top
[DEBUG] 2026-08-02 01:16:38 [time 45052 ms] [JavaFX Application Thread] PlayerShip [moveRight Line: 144] - Moving Right
[DEBUG] 2026-08-02 01:16:38 [time 45060 ms] [JavaFX Application Thread] PlayerShip [moveRight Line: 144] - Moving Right
[DEBUG] 2026-08-02 01:16:38 [time 45068 ms] [JavaFX Application Thread] PlayerShip [moveRight Line: 144] - Moving Right
[DEBUG] 2026-08-02 01:16:38 [time 45077 ms] [JavaFX Application Thread] PlayerShip [moveRight Line: 144] - Moving Right
[DEBUG] 2026-08-02 01:16:38 [time 45084 ms] [JavaFX Application Thread] PlayerShip [moveRight Line: 144] - Moving Right
[DEBUG] 2026-08-02 01:16:38 [time 45093 ms] [JavaFX Application Thread] PlayerShip [moveRight Line: 144] - Moving Right
[DEBUG] 2026-08-02 01:16:38 [time 45102 ms] [JavaFX Application Thread] PlayerShip [moveRight Line: 144] - Moving Right
[DEBUG] 2026-08-02 01:16:38 [time 45110 ms] [JavaFX Application Thread] PlayerShip [moveRight Line: 144] - Moving Right
[DEBUG] 2026-08-02 01:16:38 [time 45119 ms] [JavaFX Application Thread] PlayerShip [moveRight Line: 144] - Moving Right
[DEBUG] 2026-08-02 01:16:38 [time 45127 ms] [JavaFX Application Thread] PlayerShip [moveRight Line: 144] - Moving Right
[DEBUG] 2026-08-02 01:16:38 [time 45134 ms] [JavaFX Application Thread] PlayerShip [moveRight Line: 144] - Moving Right
[DEBUG] 2026-08-02 01:16:38 [time 45143 ms] [JavaFX Application Thread] PlayerShip [moveRight Line: 144] - Moving Right
[DEBUG] 2026-08-02 01:16:38 [time 45152 ms] [JavaFX Application Thread] PlayerShip [moveRight Line: 144] - Moving Right
[DEBUG] 2026-08-02 01:16:38 [time 45160 ms] [JavaFX Application Thread] PlayerShip [moveRight Line: 144] - Moving Right
[DEBUG] 2026-08-02 01:16:38 [time 45169 ms] [JavaFX Application Thread] PlayerShip [moveRight Line: 144] - Moving Right
[DEBUG] 2026-08-02 01:16:38 [time 45177 ms] [JavaFX Application Thread] PlayerShip [moveRight Line: 144] - Moving Right
[DEBUG] 2026-08-02 01:16:38 [time 45185 ms] [JavaFX Application Thread] PlayerShip [moveRight Line: 144] - Moving Right
[DEBUG] 2026-08-02 01:16:38 [time 45194 ms] [JavaFX Application Thread] PlayerShip [moveRight Line: 144] - Moving Right
[DEBUG] 2026-08-02 01:16:38 [time 45202 ms] [JavaFX Application Thread] PlayerShip [moveRight Line: 144] - Moving Right
[DEBUG] 2026-08-02 01:16:38 [time 45210 ms] [JavaFX Application Thread] PlayerShip [moveRight Line: 144] - Moving Right
[DEBUG] 2026-08-02 01:16:38 [time 45219 ms] [JavaFX Application Thread] PlayerShip [moveRight Line: 144] - Moving Right
[DEBUG] 2026-08-02 01:16:38 [time 45226 ms] [JavaFX Application Thread] PlayerShip [moveRight Line: 144] - Moving Right
[DEBUG] 2026-08-02 01:16:38 [time 45235 ms] [JavaFX Application Thread] PlayerShip [moveRight Line: 144] - Moving Right
[DEBUG] 2026-08-02 01:16:38 [time 45244 ms] [JavaFX Application Thread] PlayerShip [moveRight Line: 144] - Moving Right
[DEBUG] 2026-08-02 01:16:38 [time 45252 ms] [JavaFX Application Thread] PlayerShip [moveRight Line: 144] - Moving Right
[DEBUG] 2026-08-02 01:16:38 [time 45260 ms] [JavaFX Application Thread] PlayerShip [moveRight Line: 144] - Moving Right
[DEBUG] 2026-08-02 01:16:38 [time 45269 ms] [JavaFX Application Thread] PlayerShip [moveRight Line: 144] - Moving Right
[DEBUG] 2026-08-02 01:16:38 [time 45277 ms] [JavaFX Application Thread] PlayerShip [moveRight Line: 144] - Moving Right
[DEBUG] 2026-08-02 01:16:38 [time 45284 ms] [JavaFX Application Thread] PlayerShip [moveRight Line: 144] - Moving Right
[DEBUG] 2026-08-02 01:16:38 [time 45294 ms] [JavaFX Application Thread] PlayerShip [moveRight Line: 144] - Moving Right
[DEBUG] 2026-08-02 01:16:38 [time 45301 ms] [JavaFX Application Thread] PlayerShip [moveRight Line: 144] - Moving Right
[DEBUG] 2026-08-02 01:16:38 [time 45309 ms] [JavaFX Application Thread] PlayerShip [moveRight Line: 144] - Moving Right
[DEBUG] 2026-08-02 01:16:38 [time 45318 ms] [JavaFX Application Thread] PlayerShip [moveRight Line: 144] - Moving Right
[DEBUG] 2026-08-02 01:16:38 [time 45327 ms] [JavaFX Application Thread] PlayerShip [moveRight Line: 144] - Moving Right
[DEBUG] 2026-08-02 01:16:38 [time 45335 ms] [JavaFX Application Thread] PlayerShip [moveRight Line: 144] - Moving Right
[DEBUG] 2026-08-02 01:16:38 [time 45344 ms] [JavaFX Application Thread] PlayerShip [moveRight Line: 144] - Moving Right
[DEBUG] 2026-08-02 01:16:38 [time 45352 ms] [JavaFX Application Thread] PlayerShip [moveRight Line: 144] - Moving Right
[DEBUG] 2026-08-02 01:16:38 [time 45360 ms] [JavaFX Application Thread] PlayerShip [moveRight Line: 144] - Moving Right
[DEBUG] 2026-08-02 01:16:38 [time 45369 ms] [JavaFX Application Thread] PlayerShip [moveRight Line: 144] - Moving Right
[DEBUG] 2026-08-02 01:16:38 [time 45377 ms] [JavaFX Application Thread] PlayerShip [moveRight Line: 144] - Moving Right
[DEBUG] 2026-08-02 01:16:38 [time 45385 ms] [JavaFX Application Thread] PlayerShip [moveRight Line: 144] - Moving Right
[DEBUG] 2026-08-02 01:16:38 [time 45394 ms] [JavaFX Application Thread] PlayerShip [moveRight Line: 144] - Moving Right
[DEBUG] 2026-08-02 01:16:38 [time 45402 ms] [JavaFX Application Thread] PlayerShip [moveRight Line: 144] - Moving Right
[DEBUG] 2026-08-02 01:16:38 [time 45410 ms] [JavaFX Application Thread] PlayerShip [moveRight Line: 144] - Moving Right
[DEBUG] 2026-08-02 01:16:38 [time 45419 ms] [JavaFX Application Thread] PlayerShip [moveRight Line: 144] - Moving Right
[DEBUG] 2026-08-02 01:16:38 [time 45427 ms] [JavaFX Application Thread] PlayerShip [moveRight Line: 144] - Moving Right
[DEBUG] 2026-08-02 01:16:38 [time 45435 ms] [JavaFX Application Thread] PlayerShip [moveRight Line: 144] - Moving Right
[DEBUG] 2026-08-02 01:16:38 [time 45444 ms] [JavaFX Application Thread] PlayerShip [moveRight Line: 144] - Moving Right
[DEBUG] 2026-08-02 01:16:38 [time 45452 ms] [JavaFX Application Thread] PlayerShip [moveRight Line: 144] - Moving Right
[DEBUG] 2026-08-02 01:16:38 [time 45460 ms] [JavaFX Application Thread] PlayerShip [moveRight Line: 144] - Moving Right
[DEBUG] 2026-08-02 01:16:38 [time 45469 ms] [JavaFX Application Thread] PlayerShip [moveRight Line: 144] - Moving Right
[DEBUG] 2026-08-02 01:16:38 [time 45477 ms] [JavaFX Application Thread] PlayerShip [moveRight Line: 144] - Moving Right
[DEBUG] 2026-08-02 01:16:38 [time 45485 ms] [JavaFX Application Thread] PlayerShip [moveRight Line: 144] - Moving Right
[DEBUG] 2026-08-02 01:16:38 [time 45494 ms] [JavaFX Application Thread] PlayerShip [moveRight Line: 144] - Moving Right
[DEBUG] 2026-08-02 01:16:38 [time 45502 ms] [JavaFX Application Thread] PlayerShip [moveRight Line: 144] - Moving Right
[DEBUG] 2026-08-02 01:16:38 [time 45510 ms] [JavaFX Application Thread] PlayerShip [moveRight Line: 144] - Moving Right
[DEBUG] 2026-08-02 01:16:38 [time 45519 ms] [JavaFX Application Thread] PlayerShip [moveRight Line: 144] - Moving Right
[DEBUG] 2026-08-02 01:16:38 [time 45527 ms] [JavaFX Application Thread] PlayerShip [moveRight Line: 144] - Moving Right
[DEBUG] 2026-08-02 01:16:38 [time 45535 ms] [JavaFX Application Thread] PlayerShip [moveRight Line: 144] - Moving Right
[DEBUG] 2026-08-02 01:16:38 [time 45544 ms] [JavaFX Application Thread] PlayerShip [moveRight Line: 144] - Moving Right
[DEBUG] 2026-08-02 01:16:38 [time 45551 ms] [JavaFX Application Thread] PlayerShip [moveRight Line: 144] - Moving Right
[DEBUG] 2026-08-02 01:16:38 [time 45554 ms] [JavaFX Application Thread] GameController [lambda$addEventListeners$0 Line: 59] - angle: -179.30300543543694, rotatedangle: -89.30300543543694
[DEBUG] 2026-08-02 01:16:38 [time 45560 ms] [JavaFX Application Thread] PlayerShip [moveRight Line: 144] - Moving Right
[DEBUG] 2026-08-02 01:16:38 [time 45562 ms] [JavaFX Application Thread] GameController [lambda$addEventListeners$0 Line: 59] - angle: -179.30638461431732, rotatedangle: -89.30638461431732
[DEBUG] 2026-08-02 01:16:38 [time 45569 ms] [JavaFX Application Thread] PlayerShip [moveRight Line: 144] - Moving Right
[DEBUG] 2026-08-02 01:16:38 [time 45571 ms] [JavaFX Application Thread] GameController [lambda$addEventListeners$0 Line: 59] - angle: -179.16968867515675, rotatedangle: -89.16968867515675
[DEBUG] 2026-08-02 01:16:38 [time 45577 ms] [JavaFX Application Thread] PlayerShip [moveRight Line: 144] - Moving Right
[DEBUG] 2026-08-02 01:16:38 [time 45578 ms] [JavaFX Application Thread] GameController [lambda$addEventListeners$0 Line: 59] - angle: -179.0336567321034, rotatedangle: -89.0336567321034
[DEBUG] 2026-08-02 01:16:38 [time 45585 ms] [JavaFX Application Thread] PlayerShip [moveRight Line: 144] - Moving Right
[DEBUG] 2026-08-02 01:16:38 [time 45586 ms] [JavaFX Application Thread] GameController [lambda$addEventListeners$0 Line: 59] - angle: -178.89829396559438, rotatedangle: -88.89829396559438
[DEBUG] 2026-08-02 01:16:38 [time 45594 ms] [JavaFX Application Thread] PlayerShip [moveRight Line: 144] - Moving Right
[DEBUG] 2026-08-02 01:16:38 [time 45594 ms] [JavaFX Application Thread] GameController [lambda$addEventListeners$0 Line: 59] - angle: -178.760616988187, rotatedangle: -88.760616988187
[DEBUG] 2026-08-02 01:16:38 [time 45602 ms] [JavaFX Application Thread] PlayerShip [moveRight Line: 144] - Moving Right
[DEBUG] 2026-08-02 01:16:38 [time 45602 ms] [JavaFX Application Thread] GameController [lambda$addEventListeners$0 Line: 59] - angle: -178.48531612173116, rotatedangle: -88.48531612173116
[DEBUG] 2026-08-02 01:16:38 [time 45610 ms] [JavaFX Application Thread] PlayerShip [moveRight Line: 144] - Moving Right
[DEBUG] 2026-08-02 01:16:38 [time 45610 ms] [JavaFX Application Thread] GameController [lambda$addEventListeners$0 Line: 59] - angle: -178.0347394280795, rotatedangle: -88.03473942807949
[DEBUG] 2026-08-02 01:16:38 [time 45618 ms] [JavaFX Application Thread] GameController [lambda$addEventListeners$0 Line: 59] - angle: -177.364203590373, rotatedangle: -87.364203590373
[DEBUG] 2026-08-02 01:16:38 [time 45619 ms] [JavaFX Application Thread] PlayerShip [moveRight Line: 144] - Moving Right
[DEBUG] 2026-08-02 01:16:38 [time 45627 ms] [JavaFX Application Thread] GameController [lambda$addEventListeners$0 Line: 59] - angle: -177.04160515991757, rotatedangle: -87.04160515991757
[DEBUG] 2026-08-02 01:16:38 [time 45627 ms] [JavaFX Application Thread] PlayerShip [moveRight Line: 144] - Moving Right
[DEBUG] 2026-08-02 01:16:38 [time 45635 ms] [JavaFX Application Thread] GameController [lambda$addEventListeners$0 Line: 59] - angle: -176.20609511742649, rotatedangle: -86.20609511742649
[DEBUG] 2026-08-02 01:16:38 [time 45635 ms] [JavaFX Application Thread] PlayerShip [moveRight Line: 144] - Moving Right
[DEBUG] 2026-08-02 01:16:38 [time 45643 ms] [JavaFX Application Thread] GameController [lambda$addEventListeners$0 Line: 59] - angle: -175.4572753936171, rotatedangle: -85.4572753936171
[DEBUG] 2026-08-02 01:16:38 [time 45644 ms] [JavaFX Application Thread] PlayerShip [moveRight Line: 144] - Moving Right
[DEBUG] 2026-08-02 01:16:38 [time 45651 ms] [JavaFX Application Thread] GameController [lambda$addEventListeners$0 Line: 59] - angle: -174.49838745943558, rotatedangle: -84.49838745943558
[DEBUG] 2026-08-02 01:16:38 [time 45652 ms] [JavaFX Application Thread] PlayerShip [moveRight Line: 144] - Moving Right
[DEBUG] 2026-08-02 01:16:38 [time 45660 ms] [JavaFX Application Thread] GameController [lambda$addEventListeners$0 Line: 59] - angle: -173.58539819266028, rotatedangle: -83.58539819266028
[DEBUG] 2026-08-02 01:16:38 [time 45660 ms] [JavaFX Application Thread] PlayerShip [moveRight Line: 144] - Moving Right
[DEBUG] 2026-08-02 01:16:39 [time 45668 ms] [JavaFX Application Thread] GameController [lambda$addEventListeners$0 Line: 59] - angle: -172.31327305090645, rotatedangle: -82.31327305090645
[DEBUG] 2026-08-02 01:16:39 [time 45676 ms] [JavaFX Application Thread] GameController [lambda$addEventListeners$0 Line: 59] - angle: -171.53271496815907, rotatedangle: -81.53271496815907
[DEBUG] 2026-08-02 01:16:39 [time 45684 ms] [JavaFX Application Thread] GameController [lambda$addEventListeners$0 Line: 59] - angle: -170.2833083646782, rotatedangle: -80.28330836467819
[DEBUG] 2026-08-02 01:16:39 [time 45692 ms] [JavaFX Application Thread] GameController [lambda$addEventListeners$0 Line: 59] - angle: -169.16818532502535, rotatedangle: -79.16818532502535
[DEBUG] 2026-08-02 01:16:39 [time 45701 ms] [JavaFX Application Thread] GameController [lambda$addEventListeners$0 Line: 59] - angle: -168.14440354047773, rotatedangle: -78.14440354047773
[DEBUG] 2026-08-02 01:16:39 [time 45710 ms] [JavaFX Application Thread] GameController [lambda$addEventListeners$0 Line: 59] - angle: -167.5925881438258, rotatedangle: -77.5925881438258
[DEBUG] 2026-08-02 01:16:39 [time 45710 ms] [JavaFX Application Thread] PlayerShip [moveLeft Line: 139] - Moving Left
[DEBUG] 2026-08-02 01:16:39 [time 45717 ms] [JavaFX Application Thread] GameController [lambda$addEventListeners$0 Line: 59] - angle: -166.77312135488964, rotatedangle: -76.77312135488964
[DEBUG] 2026-08-02 01:16:39 [time 45718 ms] [JavaFX Application Thread] PlayerShip [moveLeft Line: 139] - Moving Left
[DEBUG] 2026-08-02 01:16:39 [time 45725 ms] [JavaFX Application Thread] GameController [lambda$addEventListeners$0 Line: 59] - angle: -165.84014123409446, rotatedangle: -75.84014123409446
[DEBUG] 2026-08-02 01:16:39 [time 45726 ms] [JavaFX Application Thread] PlayerShip [moveLeft Line: 139] - Moving Left
[DEBUG] 2026-08-02 01:16:39 [time 45734 ms] [JavaFX Application Thread] GameController [lambda$addEventListeners$0 Line: 59] - angle: -164.8404457935993, rotatedangle: -74.84044579359929
[DEBUG] 2026-08-02 01:16:39 [time 45735 ms] [JavaFX Application Thread] PlayerShip [moveLeft Line: 139] - Moving Left
[DEBUG] 2026-08-02 01:16:39 [time 45742 ms] [JavaFX Application Thread] GameController [lambda$addEventListeners$0 Line: 59] - angle: -163.6104596659652, rotatedangle: -73.61045966596521
[DEBUG] 2026-08-02 01:16:39 [time 45743 ms] [JavaFX Application Thread] PlayerShip [moveLeft Line: 139] - Moving Left
[DEBUG] 2026-08-02 01:16:39 [time 45750 ms] [JavaFX Application Thread] GameController [lambda$addEventListeners$0 Line: 59] - angle: -163.27037346006816, rotatedangle: -73.27037346006816
[DEBUG] 2026-08-02 01:16:39 [time 45752 ms] [JavaFX Application Thread] PlayerShip [moveLeft Line: 139] - Moving Left
[DEBUG] 2026-08-02 01:16:39 [time 45758 ms] [JavaFX Application Thread] GameController [lambda$addEventListeners$0 Line: 59] - angle: -163.669741329706, rotatedangle: -73.669741329706
[DEBUG] 2026-08-02 01:16:39 [time 45760 ms] [JavaFX Application Thread] PlayerShip [moveLeft Line: 139] - Moving Left
[DEBUG] 2026-08-02 01:16:39 [time 45767 ms] [JavaFX Application Thread] GameController [lambda$addEventListeners$0 Line: 59] - angle: -164.16201147586716, rotatedangle: -74.16201147586716
[DEBUG] 2026-08-02 01:16:39 [time 45768 ms] [JavaFX Application Thread] PlayerShip [moveLeft Line: 139] - Moving Left
[DEBUG] 2026-08-02 01:16:39 [time 45775 ms] [JavaFX Application Thread] GameController [lambda$addEventListeners$0 Line: 59] - angle: -164.89888890328294, rotatedangle: -74.89888890328294
[DEBUG] 2026-08-02 01:16:39 [time 45777 ms] [JavaFX Application Thread] PlayerShip [moveLeft Line: 139] - Moving Left
[DEBUG] 2026-08-02 01:16:39 [time 45783 ms] [JavaFX Application Thread] GameController [lambda$addEventListeners$0 Line: 59] - angle: -165.8423784245621, rotatedangle: -75.8423784245621
[DEBUG] 2026-08-02 01:16:39 [time 45785 ms] [JavaFX Application Thread] PlayerShip [moveLeft Line: 139] - Moving Left
[DEBUG] 2026-08-02 01:16:39 [time 45792 ms] [JavaFX Application Thread] GameController [lambda$addEventListeners$0 Line: 59] - angle: -167.22128395576348, rotatedangle: -77.22128395576348
[DEBUG] 2026-08-02 01:16:39 [time 45794 ms] [JavaFX Application Thread] PlayerShip [moveLeft Line: 139] - Moving Left
[DEBUG] 2026-08-02 01:16:39 [time 45801 ms] [JavaFX Application Thread] GameController [lambda$addEventListeners$0 Line: 59] - angle: -169.63365676346248, rotatedangle: -79.63365676346248
[DEBUG] 2026-08-02 01:16:39 [time 45802 ms] [JavaFX Application Thread] PlayerShip [moveLeft Line: 139] - Moving Left
[DEBUG] 2026-08-02 01:16:39 [time 45809 ms] [JavaFX Application Thread] GameController [lambda$addEventListeners$0 Line: 59] - angle: -170.03621873145912, rotatedangle: -80.03621873145912
[DEBUG] 2026-08-02 01:16:39 [time 45810 ms] [JavaFX Application Thread] PlayerShip [moveLeft Line: 139] - Moving Left
[DEBUG] 2026-08-02 01:16:39 [time 45817 ms] [JavaFX Application Thread] GameController [lambda$addEventListeners$0 Line: 59] - angle: -172.52843712770502, rotatedangle: -82.52843712770502
[DEBUG] 2026-08-02 01:16:39 [time 45818 ms] [JavaFX Application Thread] PlayerShip [moveLeft Line: 139] - Moving Left
[DEBUG] 2026-08-02 01:16:39 [time 45825 ms] [JavaFX Application Thread] GameController [lambda$addEventListeners$0 Line: 59] - angle: -174.50767544287257, rotatedangle: -84.50767544287257
[DEBUG] 2026-08-02 01:16:39 [time 45827 ms] [JavaFX Application Thread] PlayerShip [moveLeft Line: 139] - Moving Left
[DEBUG] 2026-08-02 01:16:39 [time 45833 ms] [JavaFX Application Thread] GameController [lambda$addEventListeners$0 Line: 59] - angle: -175.91442464032843, rotatedangle: -85.91442464032843
[DEBUG] 2026-08-02 01:16:39 [time 45835 ms] [JavaFX Application Thread] PlayerShip [moveLeft Line: 139] - Moving Left
[DEBUG] 2026-08-02 01:16:39 [time 45842 ms] [JavaFX Application Thread] GameController [lambda$addEventListeners$0 Line: 59] - angle: -178.36347144942718, rotatedangle: -88.36347144942718
[DEBUG] 2026-08-02 01:16:39 [time 45844 ms] [JavaFX Application Thread] PlayerShip [moveLeft Line: 139] - Moving Left
[DEBUG] 2026-08-02 01:16:39 [time 45851 ms] [JavaFX Application Thread] GameController [lambda$addEventListeners$0 Line: 59] - angle: 180.0, rotatedangle: 270.0
[DEBUG] 2026-08-02 01:16:39 [time 45852 ms] [JavaFX Application Thread] PlayerShip [moveLeft Line: 139] - Moving Left
[DEBUG] 2026-08-02 01:16:39 [time 45858 ms] [JavaFX Application Thread] GameController [lambda$addEventListeners$0 Line: 59] - angle: 180.0, rotatedangle: 270.0
[DEBUG] 2026-08-02 01:16:39 [time 45860 ms] [JavaFX Application Thread] PlayerShip [moveLeft Line: 139] - Moving Left
[DEBUG] 2026-08-02 01:16:39 [time 45864 ms] [JavaFX Application Thread] GameController [lambda$addEventListeners$0 Line: 59] - angle: 176.42366562500266, rotatedangle: 266.4236656250026
[DEBUG] 2026-08-02 01:16:39 [time 45869 ms] [JavaFX Application Thread] PlayerShip [moveLeft Line: 139] - Moving Left
[DEBUG] 2026-08-02 01:16:39 [time 45873 ms] [JavaFX Application Thread] GameController [lambda$addEventListeners$0 Line: 59] - angle: 174.8057144146977, rotatedangle: 264.8057144146977
[DEBUG] 2026-08-02 01:16:39 [time 45877 ms] [JavaFX Application Thread] PlayerShip [moveLeft Line: 139] - Moving Left
[DEBUG] 2026-08-02 01:16:39 [time 45881 ms] [JavaFX Application Thread] GameController [lambda$addEventListeners$0 Line: 59] - angle: 170.53739424705785, rotatedangle: 260.5373942470578
[DEBUG] 2026-08-02 01:16:39 [time 45885 ms] [JavaFX Application Thread] PlayerShip [moveLeft Line: 139] - Moving Left
[DEBUG] 2026-08-02 01:16:39 [time 45889 ms] [JavaFX Application Thread] GameController [lambda$addEventListeners$0 Line: 59] - angle: 90.00174847506777, rotatedangle: 180.00174847506776
[DEBUG] 2026-08-02 01:16:39 [time 45894 ms] [JavaFX Application Thread] PlayerShip [moveLeft Line: 139] - Moving Left
[DEBUG] 2026-08-02 01:16:39 [time 45897 ms] [JavaFX Application Thread] GameController [lambda$addEventListeners$0 Line: 59] - angle: 11.3098652233209, rotatedangle: 101.3098652233209
[DEBUG] 2026-08-02 01:16:39 [time 45902 ms] [JavaFX Application Thread] PlayerShip [moveLeft Line: 139] - Moving Left
[DEBUG] 2026-08-02 01:16:39 [time 45910 ms] [JavaFX Application Thread] PlayerShip [moveLeft Line: 139] - Moving Left
[DEBUG] 2026-08-02 01:16:39 [time 45919 ms] [JavaFX Application Thread] PlayerShip [moveLeft Line: 139] - Moving Left
[DEBUG] 2026-08-02 01:16:39 [time 45927 ms] [JavaFX Application Thread] PlayerShip [moveLeft Line: 139] - Moving Left
[DEBUG] 2026-08-02 01:16:39 [time 45930 ms] [JavaFX Application Thread] GameController [lambda$addEventListeners$0 Line: 59] - angle: 2.290682665309945, rotatedangle: 92.29068266530994
[DEBUG] 2026-08-02 01:16:39 [time 45935 ms] [JavaFX Application Thread] PlayerShip [moveLeft Line: 139] - Moving Left
[DEBUG] 2026-08-02 01:16:39 [time 45938 ms] [JavaFX Application Thread] GameController [lambda$addEventListeners$0 Line: 59] - angle: 5.8284280917422035E-5, rotatedangle: 90.00005828428091
[DEBUG] 2026-08-02 01:16:39 [time 45944 ms] [JavaFX Application Thread] PlayerShip [moveLeft Line: 139] - Moving Left
[DEBUG] 2026-08-02 01:16:39 [time 45947 ms] [JavaFX Application Thread] GameController [lambda$addEventListeners$0 Line: 59] - angle: 4.99579550720806E-5, rotatedangle: 90.00004995795507
[DEBUG] 2026-08-02 01:16:39 [time 45952 ms] [JavaFX Application Thread] PlayerShip [moveLeft Line: 139] - Moving Left
[DEBUG] 2026-08-02 01:16:39 [time 45955 ms] [JavaFX Application Thread] GameController [lambda$addEventListeners$0 Line: 59] - angle: -1.4320524982568175, rotatedangle: 88.56794750174318
[DEBUG] 2026-08-02 01:16:39 [time 45960 ms] [JavaFX Application Thread] PlayerShip [moveLeft Line: 139] - Moving Left
[DEBUG] 2026-08-02 01:16:39 [time 45969 ms] [JavaFX Application Thread] PlayerShip [moveLeft Line: 139] - Moving Left
[DEBUG] 2026-08-02 01:16:39 [time 45976 ms] [JavaFX Application Thread] PlayerShip [moveLeft Line: 139] - Moving Left
[ INFO] 2026-08-02 01:16:39 [time 45976 ms] [JavaFX Application Thread] PlayerShip [updateAndCollidePlayerShip Line: 598] - PlayerShip collided with enemy ship
[ INFO] 2026-08-02 01:16:39 [time 45978 ms] [JavaFX Application Thread] PlayerShip [updateAndCollidePlayerShip Line: 677] - Game Over
[ INFO] 2026-08-02 01:20:52 [time 19050 ms] [JavaFX Application Thread] GameController [lambda$new$1 Line: 104] - Choosen ship 1
[DEBUG] 2026-08-02 01:20:52 [time 19132 ms] [JavaFX Application Thread] GameController [lambda$addEventListeners$0 Line: 59] - angle: 177.31622484053102, rotatedangle: 267.31622484053105
[DEBUG] 2026-08-02 01:20:52 [time 19139 ms] [JavaFX Application Thread] GameController [lambda$addEventListeners$0 Line: 59] - angle: 179.53038020466272, rotatedangle: 269.5303802046627
[DEBUG] 2026-08-02 01:20:52 [time 19147 ms] [JavaFX Application Thread] GameController [lambda$addEventListeners$0 Line: 59] - angle: -177.48862941429104, rotatedangle: -87.48862941429104
[DEBUG] 2026-08-02 01:20:52 [time 19160 ms] [JavaFX Application Thread] GameController [lambda$addEventListeners$0 Line: 59] - angle: -171.55248969064698, rotatedangle: -81.55248969064698
[DEBUG] 2026-08-02 01:20:52 [time 19162 ms] [JavaFX Application Thread] GameController [lambda$addEventListeners$0 Line: 59] - angle: -167.275655278946, rotatedangle: -77.275655278946
[DEBUG] 2026-08-02 01:20:52 [time 19170 ms] [JavaFX Application Thread] GameController [lambda$addEventListeners$0 Line: 59] - angle: -158.8186446800168, rotatedangle: -68.8186446800168
[DEBUG] 2026-08-02 01:20:52 [time 19179 ms] [JavaFX Application Thread] GameController [lambda$addEventListeners$0 Line: 59] - angle: -147.52882313734258, rotatedangle: -57.528823137342584
[DEBUG] 2026-08-02 01:20:52 [time 19187 ms] [JavaFX Application Thread] GameController [lambda$addEventListeners$0 Line: 59] - angle: -137.20259816176582, rotatedangle: -47.20259816176582
[DEBUG] 2026-08-02 01:20:52 [time 19195 ms] [JavaFX Application Thread] GameController [lambda$addEventListeners$0 Line: 59] - angle: -133.3316625517067, rotatedangle: -43.3316625517067
[DEBUG] 2026-08-02 01:20:52 [time 19203 ms] [JavaFX Application Thread] GameController [lambda$addEventListeners$0 Line: 59] - angle: -126.08508714918379, rotatedangle: -36.08508714918379
[DEBUG] 2026-08-02 01:20:52 [time 19211 ms] [JavaFX Application Thread] GameController [lambda$addEventListeners$0 Line: 59] - angle: -121.09731288577944, rotatedangle: -31.097312885779445
[DEBUG] 2026-08-02 01:20:52 [time 19219 ms] [JavaFX Application Thread] GameController [lambda$addEventListeners$0 Line: 59] - angle: -118.30077662001105, rotatedangle: -28.30077662001105
[DEBUG] 2026-08-02 01:20:52 [time 19228 ms] [JavaFX Application Thread] GameController [lambda$addEventListeners$0 Line: 59] - angle: -115.88703636635456, rotatedangle: -25.887036366354565
[DEBUG] 2026-08-02 01:20:52 [time 19236 ms] [JavaFX Application Thread] GameController [lambda$addEventListeners$0 Line: 59] - angle: -115.88702626632669, rotatedangle: -25.887026266326686
[DEBUG] 2026-08-02 01:20:52 [time 19244 ms] [JavaFX Application Thread] GameController [lambda$addEventListeners$0 Line: 59] - angle: -114.88038212291451, rotatedangle: -24.88038212291451
[DEBUG] 2026-08-02 01:20:52 [time 19252 ms] [JavaFX Application Thread] GameController [lambda$addEventListeners$0 Line: 59] - angle: -114.88036126751626, rotatedangle: -24.880361267516264
[DEBUG] 2026-08-02 01:20:52 [time 19260 ms] [JavaFX Application Thread] GameController [lambda$addEventListeners$0 Line: 59] - angle: -114.56718076572791, rotatedangle: -24.56718076572791
[DEBUG] 2026-08-02 01:20:52 [time 19269 ms] [JavaFX Application Thread] GameController [lambda$addEventListeners$0 Line: 59] - angle: -114.56718637376787, rotatedangle: -24.567186373767868
[DEBUG] 2026-08-02 01:20:52 [time 19285 ms] [JavaFX Application Thread] GameController [lambda$addEventListeners$0 Line: 59] - angle: -115.24052926478682, rotatedangle: -25.240529264786815
[DEBUG] 2026-08-02 01:20:52 [time 19293 ms] [JavaFX Application Thread] GameController [lambda$addEventListeners$0 Line: 59] - angle: -116.5650361896928, rotatedangle: -26.565036189692805
[DEBUG] 2026-08-02 01:20:52 [time 19301 ms] [JavaFX Application Thread] GameController [lambda$addEventListeners$0 Line: 59] - angle: -119.74489609218382, rotatedangle: -29.744896092183822
[DEBUG] 2026-08-02 01:20:52 [time 19310 ms] [JavaFX Application Thread] GameController [lambda$addEventListeners$0 Line: 59] - angle: -122.15229514128235, rotatedangle: -32.15229514128235
[DEBUG] 2026-08-02 01:20:52 [time 19318 ms] [JavaFX Application Thread] GameController [lambda$addEventListeners$0 Line: 59] - angle: -125.53768724348446, rotatedangle: -35.537687243484456
[DEBUG] 2026-08-02 01:20:52 [time 19326 ms] [JavaFX Application Thread] GameController [lambda$addEventListeners$0 Line: 59] - angle: -129.15543551731582, rotatedangle: -39.15543551731582
[DEBUG] 2026-08-02 01:20:52 [time 19334 ms] [JavaFX Application Thread] GameController [lambda$addEventListeners$0 Line: 59] - angle: -132.4362292054329, rotatedangle: -42.43622920543291
[DEBUG] 2026-08-02 01:20:52 [time 19343 ms] [JavaFX Application Thread] GameController [lambda$addEventListeners$0 Line: 59] - angle: -136.20182084235972, rotatedangle: -46.20182084235972
[DEBUG] 2026-08-02 01:20:52 [time 19351 ms] [JavaFX Application Thread] GameController [lambda$addEventListeners$0 Line: 59] - angle: -139.16650404645048, rotatedangle: -49.166504046450484
[DEBUG] 2026-08-02 01:20:52 [time 19359 ms] [JavaFX Application Thread] GameController [lambda$addEventListeners$0 Line: 59] - angle: -142.73358750108764, rotatedangle: -52.73358750108764
[DEBUG] 2026-08-02 01:20:52 [time 19368 ms] [JavaFX Application Thread] GameController [lambda$addEventListeners$0 Line: 59] - angle: -143.6156378248392, rotatedangle: -53.61563782483921
[DEBUG] 2026-08-02 01:20:52 [time 19376 ms] [JavaFX Application Thread] GameController [lambda$addEventListeners$0 Line: 59] - angle: -147.0507962841035, rotatedangle: -57.05079628410351
[DEBUG] 2026-08-02 01:20:52 [time 19385 ms] [JavaFX Application Thread] GameController [lambda$addEventListeners$0 Line: 59] - angle: -147.39540481955717, rotatedangle: -57.39540481955717
[DEBUG] 2026-08-02 01:20:52 [time 19393 ms] [JavaFX Application Thread] GameController [lambda$addEventListeners$0 Line: 59] - angle: -148.03866531739013, rotatedangle: -58.03866531739013
[DEBUG] 2026-08-02 01:20:52 [time 19401 ms] [JavaFX Application Thread] GameController [lambda$addEventListeners$0 Line: 59] - angle: -148.20793493369632, rotatedangle: -58.20793493369632
[DEBUG] 2026-08-02 01:20:52 [time 19409 ms] [JavaFX Application Thread] GameController [lambda$addEventListeners$0 Line: 59] - angle: -147.8287727681236, rotatedangle: -57.8287727681236
[DEBUG] 2026-08-02 01:20:52 [time 19418 ms] [JavaFX Application Thread] GameController [lambda$addEventListeners$0 Line: 59] - angle: -147.7923002032512, rotatedangle: -57.79230020325119
[DEBUG] 2026-08-02 01:20:52 [time 19426 ms] [JavaFX Application Thread] GameController [lambda$addEventListeners$0 Line: 59] - angle: -147.44332292540773, rotatedangle: -57.44332292540773
[DEBUG] 2026-08-02 01:20:52 [time 19432 ms] [JavaFX Application Thread] GameController [lambda$addEventListeners$0 Line: 59] - angle: -147.02227668618352, rotatedangle: -57.02227668618352
[DEBUG] 2026-08-02 01:20:52 [time 19441 ms] [JavaFX Application Thread] GameController [lambda$addEventListeners$0 Line: 59] - angle: -146.2106407074261, rotatedangle: -56.21064070742611
[DEBUG] 2026-08-02 01:20:53 [time 19449 ms] [JavaFX Application Thread] GameController [lambda$addEventListeners$0 Line: 59] - angle: -145.8193984019788, rotatedangle: -55.81939840197879
[DEBUG] 2026-08-02 01:20:53 [time 19457 ms] [JavaFX Application Thread] GameController [lambda$addEventListeners$0 Line: 59] - angle: -145.23819766651297, rotatedangle: -55.238197666512974
[DEBUG] 2026-08-02 01:20:53 [time 19465 ms] [JavaFX Application Thread] GameController [lambda$addEventListeners$0 Line: 59] - angle: -144.66506524852917, rotatedangle: -54.665065248529174
[DEBUG] 2026-08-02 01:20:53 [time 19474 ms] [JavaFX Application Thread] GameController [lambda$addEventListeners$0 Line: 59] - angle: -144.09996010400627, rotatedangle: -54.09996010400627
[DEBUG] 2026-08-02 01:20:53 [time 19482 ms] [JavaFX Application Thread] GameController [lambda$addEventListeners$0 Line: 59] - angle: -143.82037955202105, rotatedangle: -53.82037955202105
[DEBUG] 2026-08-02 01:20:53 [time 19490 ms] [JavaFX Application Thread] GameController [lambda$addEventListeners$0 Line: 59] - angle: -143.33743814185365, rotatedangle: -53.33743814185365
[DEBUG] 2026-08-02 01:20:53 [time 19498 ms] [JavaFX Application Thread] GameController [lambda$addEventListeners$0 Line: 59] - angle: -142.1555415348859, rotatedangle: -52.15554153488591
[DEBUG] 2026-08-02 01:20:53 [time 19507 ms] [JavaFX Application Thread] GameController [lambda$addEventListeners$0 Line: 59] - angle: -140.7353575333075, rotatedangle: -50.73535753330751
[DEBUG] 2026-08-02 01:20:53 [time 19515 ms] [JavaFX Application Thread] GameController [lambda$addEventListeners$0 Line: 59] - angle: -139.32080495498448, rotatedangle: -49.32080495498448
[DEBUG] 2026-08-02 01:20:53 [time 19523 ms] [JavaFX Application Thread] GameController [lambda$addEventListeners$0 Line: 59] - angle: -137.33201546116018, rotatedangle: -47.33201546116018
[DEBUG] 2026-08-02 01:20:53 [time 19531 ms] [JavaFX Application Thread] GameController [lambda$addEventListeners$0 Line: 59] - angle: -135.26402592369553, rotatedangle: -45.26402592369553
[DEBUG] 2026-08-02 01:20:53 [time 19539 ms] [JavaFX Application Thread] GameController [lambda$addEventListeners$0 Line: 59] - angle: -134.2005678690337, rotatedangle: -44.200567869033705
[DEBUG] 2026-08-02 01:20:53 [time 19547 ms] [JavaFX Application Thread] GameController [lambda$addEventListeners$0 Line: 59] - angle: -132.8389290586142, rotatedangle: -42.83892905861421
[DEBUG] 2026-08-02 01:20:53 [time 19556 ms] [JavaFX Application Thread] GameController [lambda$addEventListeners$0 Line: 59] - angle: -130.6012946450045, rotatedangle: -40.60129464500449
[DEBUG] 2026-08-02 01:20:53 [time 19564 ms] [JavaFX Application Thread] GameController [lambda$addEventListeners$0 Line: 59] - angle: -129.1510792187414, rotatedangle: -39.15107921874139
[DEBUG] 2026-08-02 01:20:53 [time 19572 ms] [JavaFX Application Thread] GameController [lambda$addEventListeners$0 Line: 59] - angle: -127.97921980987799, rotatedangle: -37.97921980987799
[DEBUG] 2026-08-02 01:20:53 [time 19580 ms] [JavaFX Application Thread] GameController [lambda$addEventListeners$0 Line: 59] - angle: -126.79010831288984, rotatedangle: -36.79010831288984
[DEBUG] 2026-08-02 01:20:53 [time 19588 ms] [JavaFX Application Thread] GameController [lambda$addEventListeners$0 Line: 59] - angle: -125.58438357794958, rotatedangle: -35.58438357794958
[DEBUG] 2026-08-02 01:20:53 [time 19596 ms] [JavaFX Application Thread] GameController [lambda$addEventListeners$0 Line: 59] - angle: -125.02487327954135, rotatedangle: -35.02487327954135
[DEBUG] 2026-08-02 01:20:53 [time 19605 ms] [JavaFX Application Thread] GameController [lambda$addEventListeners$0 Line: 59] - angle: -124.69514809136953, rotatedangle: -34.69514809136953
[DEBUG] 2026-08-02 01:20:53 [time 19613 ms] [JavaFX Application Thread] GameController [lambda$addEventListeners$0 Line: 59] - angle: -124.69515197698624, rotatedangle: -34.69515197698624
[DEBUG] 2026-08-02 01:20:53 [time 19621 ms] [JavaFX Application Thread] GameController [lambda$addEventListeners$0 Line: 59] - angle: -124.13593844329088, rotatedangle: -34.13593844329088
[DEBUG] 2026-08-02 01:20:53 [time 19629 ms] [JavaFX Application Thread] GameController [lambda$addEventListeners$0 Line: 59] - angle: -123.801973203046, rotatedangle: -33.801973203046
[DEBUG] 2026-08-02 01:20:53 [time 19637 ms] [JavaFX Application Thread] GameController [lambda$addEventListeners$0 Line: 59] - angle: -123.80198174408517, rotatedangle: -33.80198174408517
[DEBUG] 2026-08-02 01:20:53 [time 19646 ms] [JavaFX Application Thread] GameController [lambda$addEventListeners$0 Line: 59] - angle: -123.57881878152511, rotatedangle: -33.578818781525115
[DEBUG] 2026-08-02 01:20:53 [time 19654 ms] [JavaFX Application Thread] GameController [lambda$addEventListeners$0 Line: 59] - angle: -123.57881201092496, rotatedangle: -33.57881201092496
[DEBUG] 2026-08-02 01:20:53 [time 19662 ms] [JavaFX Application Thread] GameController [lambda$addEventListeners$0 Line: 59] - angle: -123.57881543907598, rotatedangle: -33.57881543907598
[DEBUG] 2026-08-02 01:20:53 [time 19720 ms] [JavaFX Application Thread] PlayerShip [moveTop Line: 149] - Moving Top
[DEBUG] 2026-08-02 01:20:53 [time 19728 ms] [JavaFX Application Thread] PlayerShip [moveRight Line: 144] - Moving Right
[DEBUG] 2026-08-02 01:20:53 [time 19729 ms] [JavaFX Application Thread] PlayerShip [moveTop Line: 149] - Moving Top
[DEBUG] 2026-08-02 01:20:53 [time 19737 ms] [JavaFX Application Thread] PlayerShip [moveRight Line: 144] - Moving Right
[DEBUG] 2026-08-02 01:20:53 [time 19737 ms] [JavaFX Application Thread] PlayerShip [moveTop Line: 149] - Moving Top
[DEBUG] 2026-08-02 01:20:53 [time 19745 ms] [JavaFX Application Thread] PlayerShip [moveRight Line: 144] - Moving Right
[DEBUG] 2026-08-02 01:20:53 [time 19745 ms] [JavaFX Application Thread] PlayerShip [moveTop Line: 149] - Moving Top
[DEBUG] 2026-08-02 01:20:53 [time 19753 ms] [JavaFX Application Thread] PlayerShip [moveRight Line: 144] - Moving Right
[DEBUG] 2026-08-02 01:20:53 [time 19753 ms] [JavaFX Application Thread] PlayerShip [moveTop Line: 149] - Moving Top
[DEBUG] 2026-08-02 01:20:53 [time 19762 ms] [JavaFX Application Thread] PlayerShip [moveRight Line: 144] - Moving Right
[DEBUG] 2026-08-02 01:20:53 [time 19762 ms] [JavaFX Application Thread] PlayerShip [moveTop Line: 149] - Moving Top
[DEBUG] 2026-08-02 01:20:53 [time 19770 ms] [JavaFX Application Thread] PlayerShip [moveRight Line: 144] - Moving Right
[DEBUG] 2026-08-02 01:20:53 [time 19770 ms] [JavaFX Application Thread] PlayerShip [moveTop Line: 149] - Moving Top
[DEBUG] 2026-08-02 01:20:53 [time 19778 ms] [JavaFX Application Thread] PlayerShip [moveRight Line: 144] - Moving Right
[DEBUG] 2026-08-02 01:20:53 [time 19779 ms] [JavaFX Application Thread] PlayerShip [moveTop Line: 149] - Moving Top
[DEBUG] 2026-08-02 01:20:53 [time 19787 ms] [JavaFX Application Thread] PlayerShip [moveRight Line: 144] - Moving Right
[DEBUG] 2026-08-02 01:20:53 [time 19787 ms] [JavaFX Application Thread] PlayerShip [moveTop Line: 149] - Moving Top
[DEBUG] 2026-08-02 01:20:53 [time 19795 ms] [JavaFX Application Thread] PlayerShip [moveTop Line: 149] - Moving Top
[DEBUG] 2026-08-02 01:20:53 [time 19803 ms] [JavaFX Application Thread] PlayerShip [moveTop Line: 149] - Moving Top
[DEBUG] 2026-08-02 01:20:53 [time 19812 ms] [JavaFX Application Thread] PlayerShip [moveTop Line: 149] - Moving Top
[DEBUG] 2026-08-02 01:20:53 [time 19819 ms] [JavaFX Application Thread] PlayerShip [moveTop Line: 149] - Moving Top
[DEBUG] 2026-08-02 01:20:53 [time 19828 ms] [JavaFX Application Thread] PlayerShip [moveTop Line: 149] - Moving Top
[DEBUG] 2026-08-02 01:20:53 [time 19837 ms] [JavaFX Application Thread] PlayerShip [moveTop Line: 149] - Moving Top
[DEBUG] 2026-08-02 01:20:53 [time 19845 ms] [JavaFX Application Thread] PlayerShip [moveTop Line: 149] - Moving Top
[DEBUG] 2026-08-02 01:20:53 [time 19853 ms] [JavaFX Application Thread] PlayerShip [moveTop Line: 149] - Moving Top
[DEBUG] 2026-08-02 01:20:53 [time 19862 ms] [JavaFX Application Thread] PlayerShip [moveTop Line: 149] - Moving Top
[DEBUG] 2026-08-02 01:20:53 [time 19870 ms] [JavaFX Application Thread] PlayerShip [moveTop Line: 149] - Moving Top
[DEBUG] 2026-08-02 01:20:53 [time 19878 ms] [JavaFX Application Thread] PlayerShip [moveTop Line: 149] - Moving Top
[DEBUG] 2026-08-02 01:20:53 [time 19887 ms] [JavaFX Application Thread] PlayerShip [moveTop Line: 149] - Moving Top
[DEBUG] 2026-08-02 01:20:53 [time 19895 ms] [JavaFX Application Thread] PlayerShip [moveTop Line: 149] - Moving Top
[DEBUG] 2026-08-02 01:20:53 [time 19903 ms] [JavaFX Application Thread] PlayerShip [moveTop Line: 149] - Moving Top
[DEBUG] 2026-08-02 01:20:53 [time 19912 ms] [JavaFX Application Thread] PlayerShip [moveTop Line: 149] - Moving Top
[DEBUG] 2026-08-02 01:20:53 [time 19920 ms] [JavaFX Application Thread] PlayerShip [moveTop Line: 149] - Moving Top
[DEBUG] 2026-08-02 01:20:53 [time 19928 ms] [JavaFX Application Thread] PlayerShip [moveTop Line: 149] - Moving Top
[DEBUG] 2026-08-02 01:20:53 [time 19937 ms] [JavaFX Application Thread] PlayerShip [moveTop Line: 149] - Moving Top
[DEBUG] 2026-08-02 01:20:53 [time 19945 ms] [JavaFX Application Thread] PlayerShip [moveTop Line: 149] - Moving Top
[DEBUG] 2026-08-02 01:20:53 [time 19953 ms] [JavaFX Application Thread] PlayerShip [moveTop Line: 149] - Moving Top
[DEBUG] 2026-08-02 01:20:53 [time 19962 ms] [JavaFX Application Thread] PlayerShip [moveTop Line: 149] - Moving Top
[DEBUG] 2026-08-02 01:20:53 [time 19970 ms] [JavaFX Application Thread] PlayerShip [moveTop Line: 149] - Moving Top
[DEBUG] 2026-08-02 01:20:53 [time 19978 ms] [JavaFX Application Thread] PlayerShip [moveTop Line: 149] - Moving Top
[DEBUG] 2026-08-02 01:20:53 [time 19986 ms] [JavaFX Application Thread] PlayerShip [moveTop Line: 149] - Moving Top
[DEBUG] 2026-08-02 01:20:53 [time 19995 ms] [JavaFX Application Thread] PlayerShip [moveTop Line: 149] - Moving Top
[DEBUG] 2026-08-02 01:20:53 [time 20003 ms] [JavaFX Application Thread] PlayerShip [moveTop Line: 149] - Moving Top
[DEBUG] 2026-08-02 01:20:53 [time 20011 ms] [JavaFX Application Thread] PlayerShip [moveTop Line: 149] - Moving Top
[DEBUG] 2026-08-02 01:20:53 [time 20020 ms] [JavaFX Application Thread] PlayerShip [moveTop Line: 149] - Moving Top
[DEBUG] 2026-08-02 01:20:53 [time 20054 ms] [JavaFX Application Thread] PlayerShip [moveRight Line: 144] - Moving Right
[DEBUG] 2026-08-02 01:20:53 [time 20062 ms] [JavaFX Application Thread] PlayerShip [moveRight Line: 144] - Moving Right
[DEBUG] 2026-08-02 01:20:53 [time 20070 ms] [JavaFX Application Thread] PlayerShip [moveRight Line: 144] - Moving Right
[DEBUG] 2026-08-02 01:20:53 [time 20078 ms] [JavaFX Application Thread] PlayerShip [moveRight Line: 144] - Moving Right
[DEBUG] 2026-08-02 01:20:53 [time 20087 ms] [JavaFX Application Thread] PlayerShip [moveRight Line: 144] - Moving Right
[DEBUG] 2026-08-02 01:20:53 [time 20095 ms] [JavaFX Application Thread] PlayerShip [moveRight Line: 144] - Moving Right
[DEBUG] 2026-08-02 01:20:53 [time 20103 ms] [JavaFX Application Thread] PlayerShip [moveRight Line: 144] - Moving Right
[DEBUG] 2026-08-02 01:20:53 [time 20112 ms] [JavaFX Application Thread] PlayerShip [moveRight Line: 144] - Moving Right
[DEBUG] 2026-08-02 01:20:53 [time 20120 ms] [JavaFX Application Thread] PlayerShip [moveRight Line: 144] - Moving Right
[DEBUG] 2026-08-02 01:20:53 [time 20128 ms] [JavaFX Application Thread] PlayerShip [moveRight Line: 144] - Moving Right
[DEBUG] 2026-08-02 01:20:53 [time 20137 ms] [JavaFX Application Thread] PlayerShip [moveRight Line: 144] - Moving Right
[DEBUG] 2026-08-02 01:20:53 [time 20145 ms] [JavaFX Application Thread] PlayerShip [moveRight Line: 144] - Moving Right
[DEBUG] 2026-08-02 01:20:53 [time 20162 ms] [JavaFX Application Thread] PlayerShip [moveTop Line: 149] - Moving Top
[DEBUG] 2026-08-02 01:20:53 [time 20170 ms] [JavaFX Application Thread] PlayerShip [moveTop Line: 149] - Moving Top
[DEBUG] 2026-08-02 01:20:53 [time 20178 ms] [JavaFX Application Thread] PlayerShip [moveTop Line: 149] - Moving Top
[DEBUG] 2026-08-02 01:20:53 [time 20187 ms] [JavaFX Application Thread] PlayerShip [moveTop Line: 149] - Moving Top
[DEBUG] 2026-08-02 01:20:53 [time 20195 ms] [JavaFX Application Thread] PlayerShip [moveTop Line: 149] - Moving Top
[DEBUG] 2026-08-02 01:20:53 [time 20203 ms] [JavaFX Application Thread] PlayerShip [moveTop Line: 149] - Moving Top
[DEBUG] 2026-08-02 01:20:53 [time 20212 ms] [JavaFX Application Thread] GameController [lambda$setUpKeyEvents$8 Line: 86] - PlayerShip shoot bullet
[DEBUG] 2026-08-02 01:20:53 [time 20214 ms] [JavaFX Application Thread] PlayerShip [moveTop Line: 149] - Moving Top
[DEBUG] 2026-08-02 01:20:53 [time 20220 ms] [JavaFX Application Thread] PlayerShip [moveTop Line: 149] - Moving Top
[DEBUG] 2026-08-02 01:20:53 [time 20228 ms] [JavaFX Application Thread] PlayerShip [moveTop Line: 149] - Moving Top
[DEBUG] 2026-08-02 01:20:53 [time 20237 ms] [JavaFX Application Thread] PlayerShip [moveTop Line: 149] - Moving Top
[DEBUG] 2026-08-02 01:20:53 [time 20245 ms] [JavaFX Application Thread] PlayerShip [moveTop Line: 149] - Moving Top
[DEBUG] 2026-08-02 01:20:53 [time 20253 ms] [JavaFX Application Thread] PlayerShip [moveTop Line: 149] - Moving Top
[DEBUG] 2026-08-02 01:20:53 [time 20262 ms] [JavaFX Application Thread] PlayerShip [moveTop Line: 149] - Moving Top
[DEBUG] 2026-08-02 01:20:53 [time 20270 ms] [JavaFX Application Thread] PlayerShip [moveTop Line: 149] - Moving Top
[DEBUG] 2026-08-02 01:20:53 [time 20278 ms] [JavaFX Application Thread] PlayerShip [moveTop Line: 149] - Moving Top
[DEBUG] 2026-08-02 01:20:53 [time 20287 ms] [JavaFX Application Thread] PlayerShip [moveTop Line: 149] - Moving Top
[DEBUG] 2026-08-02 01:20:53 [time 20295 ms] [JavaFX Application Thread] PlayerShip [moveTop Line: 149] - Moving Top
[DEBUG] 2026-08-02 01:20:53 [time 20303 ms] [JavaFX Application Thread] PlayerShip [moveTop Line: 149] - Moving Top
[DEBUG] 2026-08-02 01:20:53 [time 20312 ms] [JavaFX Application Thread] PlayerShip [moveTop Line: 149] - Moving Top
[DEBUG] 2026-08-02 01:20:53 [time 20320 ms] [JavaFX Application Thread] PlayerShip [moveTop Line: 149] - Moving Top
[DEBUG] 2026-08-02 01:20:53 [time 20328 ms] [JavaFX Application Thread] PlayerShip [moveTop Line: 149] - Moving Top
[DEBUG] 2026-08-02 01:20:53 [time 20337 ms] [JavaFX Application Thread] PlayerShip [moveTop Line: 149] - Moving Top
[DEBUG] 2026-08-02 01:20:53 [time 20345 ms] [JavaFX Application Thread] PlayerShip [moveTop Line: 149] - Moving Top
[DEBUG] 2026-08-02 01:20:53 [time 20353 ms] [JavaFX Application Thread] PlayerShip [moveTop Line: 149] - Moving Top
[ INFO] 2026-08-02 01:20:53 [time 20354 ms] [JavaFX Application Thread] PlayerShip [updateAndCollidePlayerShip Line: 598] - PlayerShip collided with enemy ship
[ INFO] 2026-08-02 01:20:53 [time 20359 ms] [JavaFX Application Thread] PlayerShip [updateAndCollidePlayerShip Line: 673] - Remaining Life: 2
[DEBUG] 2026-08-02 01:20:53 [time 20362 ms] [JavaFX Application Thread] PlayerShip [moveTop Line: 149] - Moving Top
[DEBUG] 2026-08-02 01:20:53 [time 20370 ms] [JavaFX Application Thread] PlayerShip [moveTop Line: 149] - Moving Top
[DEBUG] 2026-08-02 01:20:53 [time 20378 ms] [JavaFX Application Thread] PlayerShip [moveTop Line: 149] - Moving Top
[DEBUG] 2026-08-02 01:20:53 [time 20387 ms] [JavaFX Application Thread] PlayerShip [moveTop Line: 149] - Moving Top
[DEBUG] 2026-08-02 01:20:53 [time 20395 ms] [JavaFX Application Thread] PlayerShip [moveTop Line: 149] - Moving Top
[DEBUG] 2026-08-02 01:20:53 [time 20404 ms] [JavaFX Application Thread] PlayerShip [moveTop Line: 149] - Moving Top
[DEBUG] 2026-08-02 01:20:53 [time 20412 ms] [JavaFX Application Thread] PlayerShip [moveTop Line: 149] - Moving Top
[DEBUG] 2026-08-02 01:20:53 [time 20420 ms] [JavaFX Application Thread] PlayerShip [moveTop Line: 149] - Moving Top
[DEBUG] 2026-08-02 01:20:53 [time 20428 ms] [JavaFX Application Thread] PlayerShip [moveTop Line: 149] - Moving Top
[DEBUG] 2026-08-02 01:20:53 [time 20437 ms] [JavaFX Application Thread] PlayerShip [moveTop Line: 149] - Moving Top
[DEBUG] 2026-08-02 01:20:53 [time 20445 ms] [JavaFX Application Thread] PlayerShip [moveTop Line: 149] - Moving Top
[DEBUG] 2026-08-02 01:20:54 [time 20453 ms] [JavaFX Application Thread] PlayerShip [moveTop Line: 149] - Moving Top
[DEBUG] 2026-08-02 01:20:54 [time 20462 ms] [JavaFX Application Thread] PlayerShip [moveTop Line: 149] - Moving Top
[DEBUG] 2026-08-02 01:20:54 [time 20470 ms] [JavaFX Application Thread] PlayerShip [moveTop Line: 149] - Moving Top
[DEBUG] 2026-08-02 01:20:54 [time 20478 ms] [JavaFX Application Thread] PlayerShip [moveTop Line: 149] - Moving Top
[DEBUG] 2026-08-02 01:20:54 [time 20487 ms] [JavaFX Application Thread] GameController [lambda$setUpKeyEvents$8 Line: 86] - PlayerShip shoot bullet
[DEBUG] 2026-08-02 01:20:54 [time 20487 ms] [JavaFX Application Thread] PlayerShip [moveTop Line: 149] - Moving Top
[DEBUG] 2026-08-02 01:20:54 [time 20495 ms] [JavaFX Application Thread] PlayerShip [moveTop Line: 149] - Moving Top
[DEBUG] 2026-08-02 01:20:54 [time 20503 ms] [JavaFX Application Thread] PlayerShip [moveTop Line: 149] - Moving Top
[DEBUG] 2026-08-02 01:20:54 [time 20512 ms] [JavaFX Application Thread] PlayerShip [moveTop Line: 149] - Moving Top
[DEBUG] 2026-08-02 01:20:54 [time 20520 ms] [JavaFX Application Thread] PlayerShip [moveTop Line: 149] - Moving Top
[DEBUG] 2026-08-02 01:20:54 [time 20528 ms] [JavaFX Application Thread] PlayerShip [moveTop Line: 149] - Moving Top
[DEBUG] 2026-08-02 01:20:54 [time 20537 ms] [JavaFX Application Thread] PlayerShip [moveTop Line: 149] - Moving Top
[DEBUG] 2026-08-02 01:20:54 [time 20545 ms] [JavaFX Application Thread] PlayerShip [moveTop Line: 149] - Moving Top
[DEBUG] 2026-08-02 01:20:54 [time 20553 ms] [JavaFX Application Thread] PlayerShip [moveTop Line: 149] - Moving Top
[DEBUG] 2026-08-02 01:20:54 [time 20562 ms] [JavaFX Application Thread] PlayerShip [moveTop Line: 149] - Moving Top
[DEBUG] 2026-08-02 01:20:54 [time 20570 ms] [JavaFX Application Thread] PlayerShip [moveTop Line: 149] - Moving Top
[DEBUG] 2026-08-02 01:20:54 [time 20578 ms] [JavaFX Application Thread] PlayerShip [moveTop Line: 149] - Moving Top
[DEBUG] 2026-08-02 01:20:54 [time 20587 ms] [JavaFX Application Thread] PlayerShip [moveTop Line: 149] - Moving Top
[ INFO] 2026-08-02 01:20:54 [time 20595 ms] [JavaFX Application Thread] GameController [updateAndCollidePlayerBullet Line: 400] - Current Score: 1
[DEBUG] 2026-08-02 01:20:54 [time 20597 ms] [JavaFX Application Thread] PlayerShip [moveTop Line: 149] - Moving Top
[DEBUG] 2026-08-02 01:20:54 [time 20604 ms] [JavaFX Application Thread] PlayerShip [moveTop Line: 149] - Moving Top
[DEBUG] 2026-08-02 01:20:54 [time 20612 ms] [JavaFX Application Thread] PlayerShip [moveLeft Line: 139] - Moving Left
[DEBUG] 2026-08-02 01:20:54 [time 20612 ms] [JavaFX Application Thread] PlayerShip [moveTop Line: 149] - Moving Top
[DEBUG] 2026-08-02 01:20:54 [time 20620 ms] [JavaFX Application Thread] PlayerShip [moveLeft Line: 139] - Moving Left
[DEBUG] 2026-08-02 01:20:54 [time 20620 ms] [JavaFX Application Thread] PlayerShip [moveTop Line: 149] - Moving Top
[DEBUG] 2026-08-02 01:20:54 [time 20628 ms] [JavaFX Application Thread] PlayerShip [moveLeft Line: 139] - Moving Left
[DEBUG] 2026-08-02 01:20:54 [time 20628 ms] [JavaFX Application Thread] PlayerShip [moveTop Line: 149] - Moving Top
[DEBUG] 2026-08-02 01:20:54 [time 20636 ms] [JavaFX Application Thread] PlayerShip [moveLeft Line: 139] - Moving Left
[DEBUG] 2026-08-02 01:20:54 [time 20636 ms] [JavaFX Application Thread] PlayerShip [moveTop Line: 149] - Moving Top
[DEBUG] 2026-08-02 01:20:54 [time 20645 ms] [JavaFX Application Thread] GameController [lambda$setUpKeyEvents$8 Line: 86] - PlayerShip shoot bullet
[DEBUG] 2026-08-02 01:20:54 [time 20645 ms] [JavaFX Application Thread] PlayerShip [moveLeft Line: 139] - Moving Left
[DEBUG] 2026-08-02 01:20:54 [time 20645 ms] [JavaFX Application Thread] PlayerShip [moveTop Line: 149] - Moving Top
[DEBUG] 2026-08-02 01:20:54 [time 20653 ms] [JavaFX Application Thread] PlayerShip [moveLeft Line: 139] - Moving Left
[DEBUG] 2026-08-02 01:20:54 [time 20654 ms] [JavaFX Application Thread] PlayerShip [moveTop Line: 149] - Moving Top
[DEBUG] 2026-08-02 01:20:54 [time 20662 ms] [JavaFX Application Thread] PlayerShip [moveLeft Line: 139] - Moving Left
[DEBUG] 2026-08-02 01:20:54 [time 20662 ms] [JavaFX Application Thread] PlayerShip [moveTop Line: 149] - Moving Top
[DEBUG] 2026-08-02 01:20:54 [time 20670 ms] [JavaFX Application Thread] PlayerShip [moveLeft Line: 139] - Moving Left
[DEBUG] 2026-08-02 01:20:54 [time 20670 ms] [JavaFX Application Thread] PlayerShip [moveTop Line: 149] - Moving Top
[DEBUG] 2026-08-02 01:20:54 [time 20678 ms] [JavaFX Application Thread] PlayerShip [moveLeft Line: 139] - Moving Left
[DEBUG] 2026-08-02 01:20:54 [time 20679 ms] [JavaFX Application Thread] PlayerShip [moveTop Line: 149] - Moving Top
[DEBUG] 2026-08-02 01:20:54 [time 20687 ms] [JavaFX Application Thread] PlayerShip [moveLeft Line: 139] - Moving Left
[DEBUG] 2026-08-02 01:20:54 [time 20687 ms] [JavaFX Application Thread] PlayerShip [moveTop Line: 149] - Moving Top
[DEBUG] 2026-08-02 01:20:54 [time 20695 ms] [JavaFX Application Thread] PlayerShip [moveLeft Line: 139] - Moving Left
[DEBUG] 2026-08-02 01:20:54 [time 20695 ms] [JavaFX Application Thread] PlayerShip [moveTop Line: 149] - Moving Top
[DEBUG] 2026-08-02 01:20:54 [time 20703 ms] [JavaFX Application Thread] PlayerShip [moveLeft Line: 139] - Moving Left
[DEBUG] 2026-08-02 01:20:54 [time 20703 ms] [JavaFX Application Thread] PlayerShip [moveTop Line: 149] - Moving Top
[DEBUG] 2026-08-02 01:20:54 [time 20712 ms] [JavaFX Application Thread] PlayerShip [moveLeft Line: 139] - Moving Left
[DEBUG] 2026-08-02 01:20:54 [time 20712 ms] [JavaFX Application Thread] PlayerShip [moveTop Line: 149] - Moving Top
[DEBUG] 2026-08-02 01:20:54 [time 20720 ms] [JavaFX Application Thread] PlayerShip [moveLeft Line: 139] - Moving Left
[DEBUG] 2026-08-02 01:20:54 [time 20720 ms] [JavaFX Application Thread] PlayerShip [moveTop Line: 149] - Moving Top
[DEBUG] 2026-08-02 01:20:54 [time 20728 ms] [JavaFX Application Thread] PlayerShip [moveLeft Line: 139] - Moving Left
[DEBUG] 2026-08-02 01:20:54 [time 20728 ms] [JavaFX Application Thread] PlayerShip [moveTop Line: 149] - Moving Top
[DEBUG] 2026-08-02 01:20:54 [time 20737 ms] [JavaFX Application Thread] PlayerShip [moveLeft Line: 139] - Moving Left
[DEBUG] 2026-08-02 01:20:54 [time 20737 ms] [JavaFX Application Thread] PlayerShip [moveTop Line: 149] - Moving Top
[DEBUG] 2026-08-02 01:20:54 [time 20745 ms] [JavaFX Application Thread] PlayerShip [moveLeft Line: 139] - Moving Left
[DEBUG] 2026-08-02 01:20:54 [time 20745 ms] [JavaFX Application Thread] PlayerShip [moveTop Line: 149] - Moving Top
[DEBUG] 2026-08-02 01:20:54 [time 20753 ms] [JavaFX Application Thread] PlayerShip [moveLeft Line: 139] - Moving Left
[DEBUG] 2026-08-02 01:20:54 [time 20753 ms] [JavaFX Application Thread] PlayerShip [moveTop Line: 149] - Moving Top
[DEBUG] 2026-08-02 01:20:54 [time 20762 ms] [JavaFX Application Thread] PlayerShip [moveLeft Line: 139] - Moving Left
[DEBUG] 2026-08-02 01:20:54 [time 20762 ms] [JavaFX Application Thread] PlayerShip [moveTop Line: 149] - Moving Top
[DEBUG] 2026-08-02 01:20:54 [time 20770 ms] [JavaFX Application Thread] PlayerShip [moveLeft Line: 139] - Moving Left
[DEBUG] 2026-08-02 01:20:54 [time 20770 ms] [JavaFX Application Thread] PlayerShip [moveTop Line: 149] - Moving Top
[DEBUG] 2026-08-02 01:20:54 [time 20778 ms] [JavaFX Application Thread] PlayerShip [moveLeft Line: 139] - Moving Left
[DEBUG] 2026-08-02 01:20:54 [time 20778 ms] [JavaFX Application Thread] PlayerShip [moveTop Line: 149] - Moving Top
[DEBUG] 2026-08-02 01:20:54 [time 20782 ms] [JavaFX Application Thread] GameController [lambda$setUpKeyEvents$8 Line: 86] - PlayerShip shoot bullet
[DEBUG] 2026-08-02 01:20:54 [time 20787 ms] [JavaFX Application Thread] PlayerShip [moveLeft Line: 139] - Moving Left
[DEBUG] 2026-08-02 01:20:54 [time 20787 ms] [JavaFX Application Thread] PlayerShip [moveTop Line: 149] - Moving Top
[DEBUG] 2026-08-02 01:20:54 [time 20795 ms] [JavaFX Application Thread] PlayerShip [moveLeft Line: 139] - Moving Left
[DEBUG] 2026-08-02 01:20:54 [time 20795 ms] [JavaFX Application Thread] PlayerShip [moveTop Line: 149] - Moving Top
[DEBUG] 2026-08-02 01:20:54 [time 20804 ms] [JavaFX Application Thread] PlayerShip [moveLeft Line: 139] - Moving Left
[DEBUG] 2026-08-02 01:20:54 [time 20804 ms] [JavaFX Application Thread] PlayerShip [moveTop Line: 149] - Moving Top
[DEBUG] 2026-08-02 01:20:54 [time 20812 ms] [JavaFX Application Thread] PlayerShip [moveLeft Line: 139] - Moving Left
[DEBUG] 2026-08-02 01:20:54 [time 20812 ms] [JavaFX Application Thread] PlayerShip [moveTop Line: 149] - Moving Top
[DEBUG] 2026-08-02 01:20:54 [time 20820 ms] [JavaFX Application Thread] PlayerShip [moveLeft Line: 139] - Moving Left
[DEBUG] 2026-08-02 01:20:54 [time 20820 ms] [JavaFX Application Thread] PlayerShip [moveTop Line: 149] - Moving Top
[DEBUG] 2026-08-02 01:20:54 [time 20828 ms] [JavaFX Application Thread] PlayerShip [moveLeft Line: 139] - Moving Left
[DEBUG] 2026-08-02 01:20:54 [time 20828 ms] [JavaFX Application Thread] PlayerShip [moveTop Line: 149] - Moving Top
[DEBUG] 2026-08-02 01:20:54 [time 20837 ms] [JavaFX Application Thread] PlayerShip [moveLeft Line: 139] - Moving Left
[DEBUG] 2026-08-02 01:20:54 [time 20845 ms] [JavaFX Application Thread] PlayerShip [moveLeft Line: 139] - Moving Left
[DEBUG] 2026-08-02 01:20:54 [time 20853 ms] [JavaFX Application Thread] PlayerShip [moveLeft Line: 139] - Moving Left
[DEBUG] 2026-08-02 01:20:54 [time 20862 ms] [JavaFX Application Thread] PlayerShip [moveLeft Line: 139] - Moving Left
[DEBUG] 2026-08-02 01:20:54 [time 20870 ms] [JavaFX Application Thread] PlayerShip [moveLeft Line: 139] - Moving Left
[DEBUG] 2026-08-02 01:20:54 [time 20878 ms] [JavaFX Application Thread] PlayerShip [moveLeft Line: 139] - Moving Left
[DEBUG] 2026-08-02 01:20:54 [time 20886 ms] [JavaFX Application Thread] PlayerShip [moveLeft Line: 139] - Moving Left
[DEBUG] 2026-08-02 01:20:54 [time 20894 ms] [JavaFX Application Thread] PlayerShip [moveLeft Line: 139] - Moving Left
[DEBUG] 2026-08-02 01:20:54 [time 20903 ms] [JavaFX Application Thread] PlayerShip [moveLeft Line: 139] - Moving Left
[DEBUG] 2026-08-02 01:20:54 [time 20912 ms] [JavaFX Application Thread] PlayerShip [moveLeft Line: 139] - Moving Left
[DEBUG] 2026-08-02 01:20:54 [time 20920 ms] [JavaFX Application Thread] PlayerShip [moveLeft Line: 139] - Moving Left
[DEBUG] 2026-08-02 01:20:54 [time 20928 ms] [JavaFX Application Thread] PlayerShip [moveLeft Line: 139] - Moving Left
[DEBUG] 2026-08-02 01:20:54 [time 20937 ms] [JavaFX Application Thread] PlayerShip [moveLeft Line: 139] - Moving Left
[DEBUG] 2026-08-02 01:20:54 [time 20939 ms] [JavaFX Application Thread] GameController [lambda$setUpKeyEvents$8 Line: 86] - PlayerShip shoot bullet
[DEBUG] 2026-08-02 01:20:54 [time 20945 ms] [JavaFX Application Thread] PlayerShip [moveLeft Line: 139] - Moving Left
[DEBUG] 2026-08-02 01:20:54 [time 20953 ms] [JavaFX Application Thread] PlayerShip [moveLeft Line: 139] - Moving Left
[DEBUG] 2026-08-02 01:20:54 [time 20962 ms] [JavaFX Application Thread] PlayerShip [moveLeft Line: 139] - Moving Left
[DEBUG] 2026-08-02 01:20:54 [time 20970 ms] [JavaFX Application Thread] PlayerShip [moveLeft Line: 139] - Moving Left
[DEBUG] 2026-08-02 01:20:54 [time 20978 ms] [JavaFX Application Thread] PlayerShip [moveLeft Line: 139] - Moving Left
[DEBUG] 2026-08-02 01:20:54 [time 20987 ms] [JavaFX Application Thread] PlayerShip [moveLeft Line: 139] - Moving Left
[DEBUG] 2026-08-02 01:20:54 [time 20995 ms] [JavaFX Application Thread] PlayerShip [moveLeft Line: 139] - Moving Left
[DEBUG] 2026-08-02 01:20:54 [time 21004 ms] [JavaFX Application Thread] PlayerShip [moveLeft Line: 139] - Moving Left
[DEBUG] 2026-08-02 01:20:54 [time 21011 ms] [JavaFX Application Thread] PlayerShip [moveLeft Line: 139] - Moving Left
[DEBUG] 2026-08-02 01:20:54 [time 21020 ms] [JavaFX Application Thread] PlayerShip [moveLeft Line: 139] - Moving Left
[DEBUG] 2026-08-02 01:20:54 [time 21028 ms] [JavaFX Application Thread] PlayerShip [moveLeft Line: 139] - Moving Left
[DEBUG] 2026-08-02 01:20:54 [time 21037 ms] [JavaFX Application Thread] PlayerShip [moveLeft Line: 139] - Moving Left
[DEBUG] 2026-08-02 01:20:54 [time 21045 ms] [JavaFX Application Thread] PlayerShip [moveLeft Line: 139] - Moving Left
[DEBUG] 2026-08-02 01:20:54 [time 21053 ms] [JavaFX Application Thread] PlayerShip [moveLeft Line: 139] - Moving Left
[DEBUG] 2026-08-02 01:20:54 [time 21062 ms] [JavaFX Application Thread] PlayerShip [moveLeft Line: 139] - Moving Left
[DEBUG] 2026-08-02 01:20:54 [time 21069 ms] [JavaFX Application Thread] PlayerShip [moveLeft Line: 139] - Moving Left
[DEBUG] 2026-08-02 01:20:54 [time 21078 ms] [JavaFX Application Thread] PlayerShip [moveLeft Line: 139] - Moving Left
[DEBUG] 2026-08-02 01:20:54 [time 21087 ms] [JavaFX Application Thread] PlayerShip [moveLeft Line: 139] - Moving Left
[DEBUG] 2026-08-02 01:20:54 [time 21095 ms] [JavaFX Application Thread] PlayerShip [moveLeft Line: 139] - Moving Left
[DEBUG] 2026-08-02 01:20:54 [time 21103 ms] [JavaFX Application Thread] PlayerShip [moveLeft Line: 139] - Moving Left
[DEBUG] 2026-08-02 01:20:54 [time 21112 ms] [JavaFX Application Thread] PlayerShip [moveLeft Line: 139] - Moving Left
[DEBUG] 2026-08-02 01:20:54 [time 21119 ms] [JavaFX Application Thread] GameController [lambda$setUpKeyEvents$8 Line: 86] - PlayerShip shoot bullet
[DEBUG] 2026-08-02 01:20:54 [time 21120 ms] [JavaFX Application Thread] PlayerShip [moveLeft Line: 139] - Moving Left
[DEBUG] 2026-08-02 01:20:54 [time 21128 ms] [JavaFX Application Thread] PlayerShip [moveLeft Line: 139] - Moving Left
[DEBUG] 2026-08-02 01:20:54 [time 21137 ms] [JavaFX Application Thread] PlayerShip [moveLeft Line: 139] - Moving Left
[DEBUG] 2026-08-02 01:20:54 [time 21145 ms] [JavaFX Application Thread] PlayerShip [moveLeft Line: 139] - Moving Left
[DEBUG] 2026-08-02 01:20:54 [time 21153 ms] [JavaFX Application Thread] PlayerShip [moveLeft Line: 139] - Moving Left
[DEBUG] 2026-08-02 01:20:54 [time 21162 ms] [JavaFX Application Thread] PlayerShip [moveLeft Line: 139] - Moving Left
[DEBUG] 2026-08-02 01:20:54 [time 21170 ms] [JavaFX Application Thread] PlayerShip [moveLeft Line: 139] - Moving Left
[DEBUG] 2026-08-02 01:20:54 [time 21178 ms] [JavaFX Application Thread] PlayerShip [moveLeft Line: 139] - Moving Left
[DEBUG] 2026-08-02 01:20:54 [time 21187 ms] [JavaFX Application Thread] PlayerShip [moveLeft Line: 139] - Moving Left
[DEBUG] 2026-08-02 01:20:54 [time 21195 ms] [JavaFX Application Thread] PlayerShip [moveLeft Line: 139] - Moving Left
[DEBUG] 2026-08-02 01:20:54 [time 21203 ms] [JavaFX Application Thread] PlayerShip [moveLeft Line: 139] - Moving Left
[DEBUG] 2026-08-02 01:20:54 [time 21212 ms] [JavaFX Application Thread] PlayerShip [moveLeft Line: 139] - Moving Left
[DEBUG] 2026-08-02 01:20:54 [time 21220 ms] [JavaFX Application Thread] PlayerShip [moveLeft Line: 139] - Moving Left
[DEBUG] 2026-08-02 01:20:54 [time 21228 ms] [JavaFX Application Thread] PlayerShip [moveLeft Line: 139] - Moving Left
[DEBUG] 2026-08-02 01:20:54 [time 21237 ms] [JavaFX Application Thread] PlayerShip [moveLeft Line: 139] - Moving Left
[DEBUG] 2026-08-02 01:20:54 [time 21245 ms] [JavaFX Application Thread] PlayerShip [moveLeft Line: 139] - Moving Left
[DEBUG] 2026-08-02 01:20:54 [time 21254 ms] [JavaFX Application Thread] PlayerShip [moveLeft Line: 139] - Moving Left
[DEBUG] 2026-08-02 01:20:54 [time 21262 ms] [JavaFX Application Thread] PlayerShip [moveLeft Line: 139] - Moving Left
[DEBUG] 2026-08-02 01:20:54 [time 21270 ms] [JavaFX Application Thread] PlayerShip [moveLeft Line: 139] - Moving Left
[DEBUG] 2026-08-02 01:20:54 [time 21278 ms] [JavaFX Application Thread] PlayerShip [moveLeft Line: 139] - Moving Left
[DEBUG] 2026-08-02 01:20:54 [time 21282 ms] [JavaFX Application Thread] GameController [lambda$setUpKeyEvents$8 Line: 86] - PlayerShip shoot bullet
[DEBUG] 2026-08-02 01:20:54 [time 21286 ms] [JavaFX Application Thread] PlayerShip [moveLeft Line: 139] - Moving Left
[DEBUG] 2026-08-02 01:20:54 [time 21295 ms] [JavaFX Application Thread] PlayerShip [moveLeft Line: 139] - Moving Left
[DEBUG] 2026-08-02 01:20:54 [time 21303 ms] [JavaFX Application Thread] PlayerShip [moveLeft Line: 139] - Moving Left
[DEBUG] 2026-08-02 01:20:54 [time 21312 ms] [JavaFX Application Thread] PlayerShip [moveLeft Line: 139] - Moving Left
[DEBUG] 2026-08-02 01:20:54 [time 21320 ms] [JavaFX Application Thread] PlayerShip [moveLeft Line: 139] - Moving Left
[DEBUG] 2026-08-02 01:20:54 [time 21328 ms] [JavaFX Application Thread] PlayerShip [moveLeft Line: 139] - Moving Left
[DEBUG] 2026-08-02 01:20:54 [time 21337 ms] [JavaFX Application Thread] PlayerShip [moveLeft Line: 139] - Moving Left
[DEBUG] 2026-08-02 01:20:54 [time 21445 ms] [JavaFX Application Thread] PlayerShip [moveBottom Line: 154] - Moving Bottom
[DEBUG] 2026-08-02 01:20:55 [time 21453 ms] [JavaFX Application Thread] PlayerShip [moveBottom Line: 154] - Moving Bottom
[DEBUG] 2026-08-02 01:20:55 [time 21461 ms] [JavaFX Application Thread] PlayerShip [moveBottom Line: 154] - Moving Bottom
[DEBUG] 2026-08-02 01:20:55 [time 21470 ms] [JavaFX Application Thread] GameController [lambda$setUpKeyEvents$8 Line: 86] - PlayerShip shoot bullet
[DEBUG] 2026-08-02 01:20:55 [time 21470 ms] [JavaFX Application Thread] PlayerShip [moveBottom Line: 154] - Moving Bottom
[DEBUG] 2026-08-02 01:20:55 [time 21478 ms] [JavaFX Application Thread] PlayerShip [moveBottom Line: 154] - Moving Bottom
[DEBUG] 2026-08-02 01:20:55 [time 21487 ms] [JavaFX Application Thread] PlayerShip [moveBottom Line: 154] - Moving Bottom
[DEBUG] 2026-08-02 01:20:55 [time 21495 ms] [JavaFX Application Thread] PlayerShip [moveBottom Line: 154] - Moving Bottom
[DEBUG] 2026-08-02 01:20:55 [time 21503 ms] [JavaFX Application Thread] PlayerShip [moveLeft Line: 139] - Moving Left
[DEBUG] 2026-08-02 01:20:55 [time 21503 ms] [JavaFX Application Thread] PlayerShip [moveBottom Line: 154] - Moving Bottom
[DEBUG] 2026-08-02 01:20:55 [time 21512 ms] [JavaFX Application Thread] PlayerShip [moveLeft Line: 139] - Moving Left
[DEBUG] 2026-08-02 01:20:55 [time 21512 ms] [JavaFX Application Thread] PlayerShip [moveBottom Line: 154] - Moving Bottom
[DEBUG] 2026-08-02 01:20:55 [time 21520 ms] [JavaFX Application Thread] PlayerShip [moveLeft Line: 139] - Moving Left
[DEBUG] 2026-08-02 01:20:55 [time 21520 ms] [JavaFX Application Thread] PlayerShip [moveBottom Line: 154] - Moving Bottom
[DEBUG] 2026-08-02 01:20:55 [time 21528 ms] [JavaFX Application Thread] PlayerShip [moveLeft Line: 139] - Moving Left
[DEBUG] 2026-08-02 01:20:55 [time 21529 ms] [JavaFX Application Thread] PlayerShip [moveBottom Line: 154] - Moving Bottom
[DEBUG] 2026-08-02 01:20:55 [time 21537 ms] [JavaFX Application Thread] PlayerShip [moveLeft Line: 139] - Moving Left
[DEBUG] 2026-08-02 01:20:55 [time 21537 ms] [JavaFX Application Thread] PlayerShip [moveBottom Line: 154] - Moving Bottom
[DEBUG] 2026-08-02 01:20:55 [time 21545 ms] [JavaFX Application Thread] PlayerShip [moveLeft Line: 139] - Moving Left
[DEBUG] 2026-08-02 01:20:55 [time 21545 ms] [JavaFX Application Thread] PlayerShip [moveBottom Line: 154] - Moving Bottom
[DEBUG] 2026-08-02 01:20:55 [time 21553 ms] [JavaFX Application Thread] PlayerShip [moveLeft Line: 139] - Moving Left
[DEBUG] 2026-08-02 01:20:55 [time 21553 ms] [JavaFX Application Thread] PlayerShip [moveBottom Line: 154] - Moving Bottom
[DEBUG] 2026-08-02 01:20:55 [time 21562 ms] [JavaFX Application Thread] PlayerShip [moveLeft Line: 139] - Moving Left
[DEBUG] 2026-08-02 01:20:55 [time 21562 ms] [JavaFX Application Thread] PlayerShip [moveBottom Line: 154] - Moving Bottom
[DEBUG] 2026-08-02 01:20:55 [time 21570 ms] [JavaFX Application Thread] PlayerShip [moveBottom Line: 154] - Moving Bottom
[DEBUG] 2026-08-02 01:20:55 [time 21578 ms] [JavaFX Application Thread] PlayerShip [moveBottom Line: 154] - Moving Bottom
[DEBUG] 2026-08-02 01:20:55 [time 21587 ms] [JavaFX Application Thread] PlayerShip [moveBottom Line: 154] - Moving Bottom
[DEBUG] 2026-08-02 01:20:55 [time 21595 ms] [JavaFX Application Thread] PlayerShip [moveBottom Line: 154] - Moving Bottom
[DEBUG] 2026-08-02 01:20:55 [time 21603 ms] [JavaFX Application Thread] PlayerShip [moveBottom Line: 154] - Moving Bottom
[DEBUG] 2026-08-02 01:20:55 [time 21612 ms] [JavaFX Application Thread] PlayerShip [moveBottom Line: 154] - Moving Bottom
[DEBUG] 2026-08-02 01:20:55 [time 21620 ms] [JavaFX Application Thread] PlayerShip [moveBottom Line: 154] - Moving Bottom
[DEBUG] 2026-08-02 01:20:55 [time 21627 ms] [JavaFX Application Thread] GameController [lambda$setUpKeyEvents$8 Line: 86] - PlayerShip shoot bullet
[DEBUG] 2026-08-02 01:20:55 [time 21628 ms] [JavaFX Application Thread] PlayerShip [moveBottom Line: 154] - Moving Bottom
[DEBUG] 2026-08-02 01:20:55 [time 21637 ms] [JavaFX Application Thread] PlayerShip [moveBottom Line: 154] - Moving Bottom
[DEBUG] 2026-08-02 01:20:55 [time 21645 ms] [JavaFX Application Thread] PlayerShip [moveBottom Line: 154] - Moving Bottom
[DEBUG] 2026-08-02 01:20:55 [time 21653 ms] [JavaFX Application Thread] PlayerShip [moveBottom Line: 154] - Moving Bottom
[DEBUG] 2026-08-02 01:20:55 [time 21662 ms] [JavaFX Application Thread] PlayerShip [moveBottom Line: 154] - Moving Bottom
[DEBUG] 2026-08-02 01:20:55 [time 21669 ms] [JavaFX Application Thread] PlayerShip [moveBottom Line: 154] - Moving Bottom
[DEBUG] 2026-08-02 01:20:55 [time 21678 ms] [JavaFX Application Thread] PlayerShip [moveBottom Line: 154] - Moving Bottom
[DEBUG] 2026-08-02 01:20:55 [time 21687 ms] [JavaFX Application Thread] PlayerShip [moveBottom Line: 154] - Moving Bottom
[DEBUG] 2026-08-02 01:20:55 [time 21695 ms] [JavaFX Application Thread] PlayerShip [moveBottom Line: 154] - Moving Bottom
[DEBUG] 2026-08-02 01:20:55 [time 21703 ms] [JavaFX Application Thread] PlayerShip [moveBottom Line: 154] - Moving Bottom
[DEBUG] 2026-08-02 01:20:55 [time 21712 ms] [JavaFX Application Thread] PlayerShip [moveBottom Line: 154] - Moving Bottom
[DEBUG] 2026-08-02 01:20:55 [time 21720 ms] [JavaFX Application Thread] PlayerShip [moveBottom Line: 154] - Moving Bottom
[DEBUG] 2026-08-02 01:20:55 [time 21728 ms] [JavaFX Application Thread] PlayerShip [moveBottom Line: 154] - Moving Bottom
[DEBUG] 2026-08-02 01:20:55 [time 21737 ms] [JavaFX Application Thread] PlayerShip [moveBottom Line: 154] - Moving Bottom
[DEBUG] 2026-08-02 01:20:55 [time 21744 ms] [JavaFX Application Thread] PlayerShip [moveBottom Line: 154] - Moving Bottom
[DEBUG] 2026-08-02 01:20:55 [time 21753 ms] [JavaFX Application Thread] PlayerShip [moveBottom Line: 154] - Moving Bottom
[DEBUG] 2026-08-02 01:20:55 [time 21762 ms] [JavaFX Application Thread] PlayerShip [moveBottom Line: 154] - Moving Bottom
[DEBUG] 2026-08-02 01:20:55 [time 21770 ms] [JavaFX Application Thread] PlayerShip [moveBottom Line: 154] - Moving Bottom
[DEBUG] 2026-08-02 01:20:55 [time 21778 ms] [JavaFX Application Thread] PlayerShip [moveBottom Line: 154] - Moving Bottom
[DEBUG] 2026-08-02 01:20:55 [time 21787 ms] [JavaFX Application Thread] PlayerShip [moveBottom Line: 154] - Moving Bottom
[DEBUG] 2026-08-02 01:20:55 [time 21795 ms] [JavaFX Application Thread] PlayerShip [moveBottom Line: 154] - Moving Bottom
[DEBUG] 2026-08-02 01:20:55 [time 21803 ms] [JavaFX Application Thread] PlayerShip [moveBottom Line: 154] - Moving Bottom
[DEBUG] 2026-08-02 01:20:55 [time 21812 ms] [JavaFX Application Thread] PlayerShip [moveBottom Line: 154] - Moving Bottom
[DEBUG] 2026-08-02 01:20:55 [time 21820 ms] [JavaFX Application Thread] PlayerShip [moveBottom Line: 154] - Moving Bottom
[DEBUG] 2026-08-02 01:20:55 [time 21828 ms] [JavaFX Application Thread] PlayerShip [moveBottom Line: 154] - Moving Bottom
[DEBUG] 2026-08-02 01:20:55 [time 21837 ms] [JavaFX Application Thread] PlayerShip [moveBottom Line: 154] - Moving Bottom
[DEBUG] 2026-08-02 01:20:55 [time 21845 ms] [JavaFX Application Thread] PlayerShip [moveBottom Line: 154] - Moving Bottom
[DEBUG] 2026-08-02 01:20:55 [time 21853 ms] [JavaFX Application Thread] PlayerShip [moveBottom Line: 154] - Moving Bottom
[DEBUG] 2026-08-02 01:20:55 [time 21862 ms] [JavaFX Application Thread] PlayerShip [moveBottom Line: 154] - Moving Bottom
[DEBUG] 2026-08-02 01:20:55 [time 21869 ms] [JavaFX Application Thread] PlayerShip [moveBottom Line: 154] - Moving Bottom
[DEBUG] 2026-08-02 01:20:55 [time 21878 ms] [JavaFX Application Thread] PlayerShip [moveBottom Line: 154] - Moving Bottom
[DEBUG] 2026-08-02 01:20:55 [time 21887 ms] [JavaFX Application Thread] PlayerShip [moveBottom Line: 154] - Moving Bottom
[DEBUG] 2026-08-02 01:20:55 [time 21895 ms] [JavaFX Application Thread] PlayerShip [moveBottom Line: 154] - Moving Bottom
[DEBUG] 2026-08-02 01:20:55 [time 21903 ms] [JavaFX Application Thread] PlayerShip [moveBottom Line: 154] - Moving Bottom
[DEBUG] 2026-08-02 01:20:55 [time 21911 ms] [JavaFX Application Thread] PlayerShip [moveRight Line: 144] - Moving Right
[DEBUG] 2026-08-02 01:20:55 [time 21911 ms] [JavaFX Application Thread] PlayerShip [moveBottom Line: 154] - Moving Bottom
[DEBUG] 2026-08-02 01:20:55 [time 21920 ms] [JavaFX Application Thread] PlayerShip [moveRight Line: 144] - Moving Right
[DEBUG] 2026-08-02 01:20:55 [time 21920 ms] [JavaFX Application Thread] PlayerShip [moveBottom Line: 154] - Moving Bottom
[DEBUG] 2026-08-02 01:20:55 [time 21928 ms] [JavaFX Application Thread] PlayerShip [moveRight Line: 144] - Moving Right
[DEBUG] 2026-08-02 01:20:55 [time 21928 ms] [JavaFX Application Thread] PlayerShip [moveBottom Line: 154] - Moving Bottom
[DEBUG] 2026-08-02 01:20:55 [time 21937 ms] [JavaFX Application Thread] PlayerShip [moveRight Line: 144] - Moving Right
[DEBUG] 2026-08-02 01:20:55 [time 21937 ms] [JavaFX Application Thread] PlayerShip [moveBottom Line: 154] - Moving Bottom
[DEBUG] 2026-08-02 01:20:55 [time 21945 ms] [JavaFX Application Thread] PlayerShip [moveRight Line: 144] - Moving Right
[DEBUG] 2026-08-02 01:20:55 [time 21945 ms] [JavaFX Application Thread] PlayerShip [moveBottom Line: 154] - Moving Bottom
[DEBUG] 2026-08-02 01:20:55 [time 21953 ms] [JavaFX Application Thread] PlayerShip [moveRight Line: 144] - Moving Right
[DEBUG] 2026-08-02 01:20:55 [time 21953 ms] [JavaFX Application Thread] PlayerShip [moveBottom Line: 154] - Moving Bottom
[DEBUG] 2026-08-02 01:20:55 [time 21962 ms] [JavaFX Application Thread] PlayerShip [moveRight Line: 144] - Moving Right
[DEBUG] 2026-08-02 01:20:55 [time 21962 ms] [JavaFX Application Thread] PlayerShip [moveBottom Line: 154] - Moving Bottom
[DEBUG] 2026-08-02 01:20:55 [time 21970 ms] [JavaFX Application Thread] PlayerShip [moveRight Line: 144] - Moving Right
[DEBUG] 2026-08-02 01:20:55 [time 21970 ms] [JavaFX Application Thread] PlayerShip [moveBottom Line: 154] - Moving Bottom
[DEBUG] 2026-08-02 01:20:55 [time 21978 ms] [JavaFX Application Thread] PlayerShip [moveRight Line: 144] - Moving Right
[DEBUG] 2026-08-02 01:20:55 [time 21979 ms] [JavaFX Application Thread] PlayerShip [moveBottom Line: 154] - Moving Bottom
[DEBUG] 2026-08-02 01:20:55 [time 21987 ms] [JavaFX Application Thread] PlayerShip [moveRight Line: 144] - Moving Right
[DEBUG] 2026-08-02 01:20:55 [time 21987 ms] [JavaFX Application Thread] PlayerShip [moveBottom Line: 154] - Moving Bottom
[DEBUG] 2026-08-02 01:20:55 [time 21995 ms] [JavaFX Application Thread] PlayerShip [moveRight Line: 144] - Moving Right
[DEBUG] 2026-08-02 01:20:55 [time 21995 ms] [JavaFX Application Thread] PlayerShip [moveBottom Line: 154] - Moving Bottom
[DEBUG] 2026-08-02 01:20:55 [time 22003 ms] [JavaFX Application Thread] PlayerShip [moveRight Line: 144] - Moving Right
[DEBUG] 2026-08-02 01:20:55 [time 22003 ms] [JavaFX Application Thread] PlayerShip [moveBottom Line: 154] - Moving Bottom
[DEBUG] 2026-08-02 01:20:55 [time 22012 ms] [JavaFX Application Thread] PlayerShip [moveRight Line: 144] - Moving Right
[DEBUG] 2026-08-02 01:20:55 [time 22012 ms] [JavaFX Application Thread] PlayerShip [moveBottom Line: 154] - Moving Bottom
[DEBUG] 2026-08-02 01:20:55 [time 22019 ms] [JavaFX Application Thread] GameController [lambda$addEventListeners$0 Line: 59] - angle: -36.656108415966905, rotatedangle: 53.343891584033095
[DEBUG] 2026-08-02 01:20:55 [time 22019 ms] [JavaFX Application Thread] GameController [lambda$addEventListeners$0 Line: 59] - angle: -36.65610704660068, rotatedangle: 53.34389295339932
[DEBUG] 2026-08-02 01:20:55 [time 22020 ms] [JavaFX Application Thread] PlayerShip [moveRight Line: 144] - Moving Right
[DEBUG] 2026-08-02 01:20:55 [time 22020 ms] [JavaFX Application Thread] PlayerShip [moveBottom Line: 154] - Moving Bottom
[DEBUG] 2026-08-02 01:20:55 [time 22028 ms] [JavaFX Application Thread] PlayerShip [moveRight Line: 144] - Moving Right
[DEBUG] 2026-08-02 01:20:55 [time 22028 ms] [JavaFX Application Thread] PlayerShip [moveBottom Line: 154] - Moving Bottom
[DEBUG] 2026-08-02 01:20:55 [time 22036 ms] [JavaFX Application Thread] GameController [lambda$addEventListeners$0 Line: 59] - angle: -39.16336945414006, rotatedangle: 50.83663054585994
[DEBUG] 2026-08-02 01:20:55 [time 22037 ms] [JavaFX Application Thread] PlayerShip [moveRight Line: 144] - Moving Right
[DEBUG] 2026-08-02 01:20:55 [time 22037 ms] [JavaFX Application Thread] PlayerShip [moveBottom Line: 154] - Moving Bottom
[DEBUG] 2026-08-02 01:20:55 [time 22044 ms] [JavaFX Application Thread] GameController [lambda$addEventListeners$0 Line: 59] - angle: -40.268187527348566, rotatedangle: 49.731812472651434
[DEBUG] 2026-08-02 01:20:55 [time 22045 ms] [JavaFX Application Thread] PlayerShip [moveRight Line: 144] - Moving Right
[DEBUG] 2026-08-02 01:20:55 [time 22045 ms] [JavaFX Application Thread] PlayerShip [moveBottom Line: 154] - Moving Bottom
[DEBUG] 2026-08-02 01:20:55 [time 22052 ms] [JavaFX Application Thread] GameController [lambda$addEventListeners$0 Line: 59] - angle: -41.3915269775394, rotatedangle: 48.6084730224606
[DEBUG] 2026-08-02 01:20:55 [time 22053 ms] [JavaFX Application Thread] PlayerShip [moveRight Line: 144] - Moving Right
[DEBUG] 2026-08-02 01:20:55 [time 22053 ms] [JavaFX Application Thread] PlayerShip [moveBottom Line: 154] - Moving Bottom
[DEBUG] 2026-08-02 01:20:55 [time 22060 ms] [JavaFX Application Thread] GameController [lambda$addEventListeners$0 Line: 59] - angle: -42.38557040340456, rotatedangle: 47.61442959659544
[DEBUG] 2026-08-02 01:20:55 [time 22062 ms] [JavaFX Application Thread] PlayerShip [moveRight Line: 144] - Moving Right
[DEBUG] 2026-08-02 01:20:55 [time 22062 ms] [JavaFX Application Thread] PlayerShip [moveBottom Line: 154] - Moving Bottom
[DEBUG] 2026-08-02 01:20:55 [time 22068 ms] [JavaFX Application Thread] GameController [lambda$addEventListeners$0 Line: 59] - angle: -43.40146081903803, rotatedangle: 46.59853918096197
[DEBUG] 2026-08-02 01:20:55 [time 22070 ms] [JavaFX Application Thread] PlayerShip [moveRight Line: 144] - Moving Right
[DEBUG] 2026-08-02 01:20:55 [time 22070 ms] [JavaFX Application Thread] PlayerShip [moveBottom Line: 154] - Moving Bottom
[DEBUG] 2026-08-02 01:20:55 [time 22077 ms] [JavaFX Application Thread] GameController [lambda$addEventListeners$0 Line: 59] - angle: -44.31303314096167, rotatedangle: 45.68696685903833
[DEBUG] 2026-08-02 01:20:55 [time 22078 ms] [JavaFX Application Thread] PlayerShip [moveBottom Line: 154] - Moving Bottom
[DEBUG] 2026-08-02 01:20:55 [time 22085 ms] [JavaFX Application Thread] GameController [lambda$addEventListeners$0 Line: 59] - angle: -45.13674176515011, rotatedangle: 44.86325823484989
[DEBUG] 2026-08-02 01:20:55 [time 22087 ms] [JavaFX Application Thread] PlayerShip [moveBottom Line: 154] - Moving Bottom
[DEBUG] 2026-08-02 01:20:55 [time 22093 ms] [JavaFX Application Thread] GameController [lambda$addEventListeners$0 Line: 59] - angle: -45.418212053021314, rotatedangle: 44.581787946978686
[DEBUG] 2026-08-02 01:20:55 [time 22095 ms] [JavaFX Application Thread] PlayerShip [moveBottom Line: 154] - Moving Bottom
[DEBUG] 2026-08-02 01:20:55 [time 22101 ms] [JavaFX Application Thread] GameController [lambda$addEventListeners$0 Line: 59] - angle: -46.12883266534335, rotatedangle: 43.87116733465665
[DEBUG] 2026-08-02 01:20:55 [time 22103 ms] [JavaFX Application Thread] PlayerShip [moveBottom Line: 154] - Moving Bottom
[DEBUG] 2026-08-02 01:20:55 [time 22110 ms] [JavaFX Application Thread] GameController [lambda$addEventListeners$0 Line: 59] - angle: -46.82052440166923, rotatedangle: 43.17947559833077
[DEBUG] 2026-08-02 01:20:55 [time 22112 ms] [JavaFX Application Thread] PlayerShip [moveBottom Line: 154] - Moving Bottom
[DEBUG] 2026-08-02 01:20:55 [time 22118 ms] [JavaFX Application Thread] GameController [lambda$addEventListeners$0 Line: 59] - angle: -47.380117232139526, rotatedangle: 42.619882767860474
[DEBUG] 2026-08-02 01:20:55 [time 22120 ms] [JavaFX Application Thread] PlayerShip [moveBottom Line: 154] - Moving Bottom
[DEBUG] 2026-08-02 01:20:55 [time 22126 ms] [JavaFX Application Thread] GameController [lambda$addEventListeners$0 Line: 59] - angle: -48.07146418625498, rotatedangle: 41.92853581374502
[DEBUG] 2026-08-02 01:20:55 [time 22128 ms] [JavaFX Application Thread] PlayerShip [moveBottom Line: 154] - Moving Bottom
[DEBUG] 2026-08-02 01:20:55 [time 22134 ms] [JavaFX Application Thread] GameController [lambda$addEventListeners$0 Line: 59] - angle: -48.61096272593836, rotatedangle: 41.38903727406164
[DEBUG] 2026-08-02 01:20:55 [time 22136 ms] [JavaFX Application Thread] PlayerShip [moveBottom Line: 154] - Moving Bottom
[DEBUG] 2026-08-02 01:20:55 [time 22143 ms] [JavaFX Application Thread] GameController [lambda$addEventListeners$0 Line: 59] - angle: -49.29260015488785, rotatedangle: 40.70739984511215
[DEBUG] 2026-08-02 01:20:55 [time 22145 ms] [JavaFX Application Thread] PlayerShip [moveBottom Line: 154] - Moving Bottom
[DEBUG] 2026-08-02 01:20:55 [time 22151 ms] [JavaFX Application Thread] GameController [lambda$addEventListeners$0 Line: 59] - angle: -49.92241602159122, rotatedangle: 40.07758397840878
[DEBUG] 2026-08-02 01:20:55 [time 22153 ms] [JavaFX Application Thread] PlayerShip [moveBottom Line: 154] - Moving Bottom
[DEBUG] 2026-08-02 01:20:55 [time 22160 ms] [JavaFX Application Thread] GameController [lambda$addEventListeners$0 Line: 59] - angle: -50.414698450974825, rotatedangle: 39.585301549025175
[DEBUG] 2026-08-02 01:20:55 [time 22162 ms] [JavaFX Application Thread] PlayerShip [moveBottom Line: 154] - Moving Bottom
[DEBUG] 2026-08-02 01:20:55 [time 22168 ms] [JavaFX Application Thread] GameController [lambda$addEventListeners$0 Line: 59] - angle: -50.89696564567837, rotatedangle: 39.10303435432163
[DEBUG] 2026-08-02 01:20:55 [time 22170 ms] [JavaFX Application Thread] PlayerShip [moveBottom Line: 154] - Moving Bottom
[DEBUG] 2026-08-02 01:20:55 [time 22176 ms] [JavaFX Application Thread] GameController [lambda$addEventListeners$0 Line: 59] - angle: -51.36943731004556, rotatedangle: 38.63056268995444
[DEBUG] 2026-08-02 01:20:55 [time 22178 ms] [JavaFX Application Thread] PlayerShip [moveBottom Line: 154] - Moving Bottom
[DEBUG] 2026-08-02 01:20:55 [time 22184 ms] [JavaFX Application Thread] GameController [lambda$addEventListeners$0 Line: 59] - angle: -51.83236354436868, rotatedangle: 38.16763645563132
[DEBUG] 2026-08-02 01:20:55 [time 22187 ms] [JavaFX Application Thread] PlayerShip [moveBottom Line: 154] - Moving Bottom
[DEBUG] 2026-08-02 01:20:55 [time 22193 ms] [JavaFX Application Thread] GameController [lambda$addEventListeners$0 Line: 59] - angle: -52.3979296079207, rotatedangle: 37.6020703920793
[DEBUG] 2026-08-02 01:20:55 [time 22195 ms] [JavaFX Application Thread] PlayerShip [moveBottom Line: 154] - Moving Bottom
[DEBUG] 2026-08-02 01:20:55 [time 22201 ms] [JavaFX Application Thread] GameController [lambda$addEventListeners$0 Line: 59] - angle: -52.8401828438943, rotatedangle: 37.1598171561057
[DEBUG] 2026-08-02 01:20:55 [time 22203 ms] [JavaFX Application Thread] PlayerShip [moveBottom Line: 154] - Moving Bottom
[DEBUG] 2026-08-02 01:20:55 [time 22207 ms] [JavaFX Application Thread] GameController [lambda$addEventListeners$0 Line: 59] - angle: -53.38061499226172, rotatedangle: 36.61938500773828
[DEBUG] 2026-08-02 01:20:55 [time 22212 ms] [JavaFX Application Thread] PlayerShip [moveBottom Line: 154] - Moving Bottom
[DEBUG] 2026-08-02 01:20:55 [time 22216 ms] [JavaFX Application Thread] GameController [lambda$addEventListeners$0 Line: 59] - angle: -53.803308979752835, rotatedangle: 36.196691020247165
[DEBUG] 2026-08-02 01:20:55 [time 22220 ms] [JavaFX Application Thread] PlayerShip [moveBottom Line: 154] - Moving Bottom
[DEBUG] 2026-08-02 01:20:55 [time 22228 ms] [JavaFX Application Thread] PlayerShip [moveBottom Line: 154] - Moving Bottom
[DEBUG] 2026-08-02 01:20:55 [time 22232 ms] [JavaFX Application Thread] GameController [lambda$addEventListeners$0 Line: 59] - angle: -54.823930045228124, rotatedangle: 35.176069954771876
[DEBUG] 2026-08-02 01:20:55 [time 22237 ms] [JavaFX Application Thread] PlayerShip [moveBottom Line: 154] - Moving Bottom
[DEBUG] 2026-08-02 01:20:55 [time 22240 ms] [JavaFX Application Thread] GameController [lambda$addEventListeners$0 Line: 59] - angle: -55.31564256894782, rotatedangle: 34.68435743105218
[DEBUG] 2026-08-02 01:20:55 [time 22245 ms] [JavaFX Application Thread] PlayerShip [moveBottom Line: 154] - Moving Bottom
[DEBUG] 2026-08-02 01:20:55 [time 22253 ms] [JavaFX Application Thread] PlayerShip [moveBottom Line: 154] - Moving Bottom
[DEBUG] 2026-08-02 01:20:55 [time 22256 ms] [JavaFX Application Thread] GameController [lambda$addEventListeners$0 Line: 59] - angle: -56.26372479842783, rotatedangle: 33.73627520157217
[DEBUG] 2026-08-02 01:20:55 [time 22262 ms] [JavaFX Application Thread] PlayerShip [moveBottom Line: 154] - Moving Bottom
[DEBUG] 2026-08-02 01:20:55 [time 22270 ms] [JavaFX Application Thread] PlayerShip [moveBottom Line: 154] - Moving Bottom
[DEBUG] 2026-08-02 01:20:55 [time 22278 ms] [JavaFX Application Thread] PlayerShip [moveBottom Line: 154] - Moving Bottom
[DEBUG] 2026-08-02 01:20:55 [time 22287 ms] [JavaFX Application Thread] PlayerShip [moveBottom Line: 154] - Moving Bottom
[DEBUG] 2026-08-02 01:20:55 [time 22295 ms] [JavaFX Application Thread] PlayerShip [moveBottom Line: 154] - Moving Bottom
[DEBUG] 2026-08-02 01:20:55 [time 22303 ms] [JavaFX Application Thread] PlayerShip [moveBottom Line: 154] - Moving Bottom
[DEBUG] 2026-08-02 01:20:55 [time 22306 ms] [JavaFX Application Thread] GameController [lambda$addEventListeners$0 Line: 59] - angle: -58.982941215810655, rotatedangle: 31.017058784189345
[DEBUG] 2026-08-02 01:20:55 [time 22312 ms] [JavaFX Application Thread] PlayerShip [moveBottom Line: 154] - Moving Bottom
[DEBUG] 2026-08-02 01:20:55 [time 22314 ms] [JavaFX Application Thread] GameController [lambda$addEventListeners$0 Line: 59] - angle: -59.77686766575494, rotatedangle: 30.223132334245058
[DEBUG] 2026-08-02 01:20:55 [time 22320 ms] [JavaFX Application Thread] PlayerShip [moveBottom Line: 154] - Moving Bottom
[DEBUG] 2026-08-02 01:20:55 [time 22323 ms] [JavaFX Application Thread] GameController [lambda$addEventListeners$0 Line: 59] - angle: -60.633925747409414, rotatedangle: 29.366074252590586
[DEBUG] 2026-08-02 01:20:55 [time 22328 ms] [JavaFX Application Thread] PlayerShip [moveBottom Line: 154] - Moving Bottom
[DEBUG] 2026-08-02 01:20:55 [time 22331 ms] [JavaFX Application Thread] GameController [lambda$addEventListeners$0 Line: 59] - angle: -61.34134223218664, rotatedangle: 28.65865776781336
[DEBUG] 2026-08-02 01:20:55 [time 22337 ms] [JavaFX Application Thread] PlayerShip [moveBottom Line: 154] - Moving Bottom
[DEBUG] 2026-08-02 01:20:55 [time 22339 ms] [JavaFX Application Thread] GameController [lambda$addEventListeners$0 Line: 59] - angle: -62.69612250223515, rotatedangle: 27.30387749776485
[DEBUG] 2026-08-02 01:20:55 [time 22345 ms] [JavaFX Application Thread] PlayerShip [moveBottom Line: 154] - Moving Bottom
[DEBUG] 2026-08-02 01:20:55 [time 22347 ms] [JavaFX Application Thread] GameController [lambda$addEventListeners$0 Line: 59] - angle: -63.83375517161775, rotatedangle: 26.166244828382247
[DEBUG] 2026-08-02 01:20:55 [time 22353 ms] [JavaFX Application Thread] PlayerShip [moveBottom Line: 154] - Moving Bottom
[DEBUG] 2026-08-02 01:20:55 [time 22355 ms] [JavaFX Application Thread] GameController [lambda$addEventListeners$0 Line: 59] - angle: -64.48613246890243, rotatedangle: 25.513867531097574
[DEBUG] 2026-08-02 01:20:55 [time 22362 ms] [JavaFX Application Thread] PlayerShip [moveBottom Line: 154] - Moving Bottom
[DEBUG] 2026-08-02 01:20:55 [time 22364 ms] [JavaFX Application Thread] GameController [lambda$addEventListeners$0 Line: 59] - angle: -65.38745907044583, rotatedangle: 24.61254092955417
[DEBUG] 2026-08-02 01:20:55 [time 22370 ms] [JavaFX Application Thread] PlayerShip [moveBottom Line: 154] - Moving Bottom
[DEBUG] 2026-08-02 01:20:55 [time 22378 ms] [JavaFX Application Thread] PlayerShip [moveBottom Line: 154] - Moving Bottom
[DEBUG] 2026-08-02 01:20:55 [time 22387 ms] [JavaFX Application Thread] PlayerShip [moveBottom Line: 154] - Moving Bottom
[DEBUG] 2026-08-02 01:20:55 [time 22395 ms] [JavaFX Application Thread] PlayerShip [moveBottom Line: 154] - Moving Bottom
[DEBUG] 2026-08-02 01:20:55 [time 22403 ms] [JavaFX Application Thread] PlayerShip [moveBottom Line: 154] - Moving Bottom
[DEBUG] 2026-08-02 01:20:55 [time 22412 ms] [JavaFX Application Thread] PlayerShip [moveBottom Line: 154] - Moving Bottom
[DEBUG] 2026-08-02 01:20:55 [time 22420 ms] [JavaFX Application Thread] PlayerShip [moveBottom Line: 154] - Moving Bottom
[DEBUG] 2026-08-02 01:20:55 [time 22428 ms] [JavaFX Application Thread] PlayerShip [moveBottom Line: 154] - Moving Bottom
[DEBUG] 2026-08-02 01:20:55 [time 22437 ms] [JavaFX Application Thread] PlayerShip [moveBottom Line: 154] - Moving Bottom
[DEBUG] 2026-08-02 01:20:55 [time 22445 ms] [JavaFX Application Thread] PlayerShip [moveBottom Line: 154] - Moving Bottom
[DEBUG] 2026-08-02 01:20:56 [time 22453 ms] [JavaFX Application Thread] PlayerShip [moveBottom Line: 154] - Moving Bottom
[DEBUG] 2026-08-02 01:20:56 [time 22462 ms] [JavaFX Application Thread] PlayerShip [moveBottom Line: 154] - Moving Bottom
[DEBUG] 2026-08-02 01:20:56 [time 22470 ms] [JavaFX Application Thread] PlayerShip [moveBottom Line: 154] - Moving Bottom
[DEBUG] 2026-08-02 01:20:56 [time 22478 ms] [JavaFX Application Thread] PlayerShip [moveBottom Line: 154] - Moving Bottom
[DEBUG] 2026-08-02 01:20:56 [time 22487 ms] [JavaFX Application Thread] PlayerShip [moveBottom Line: 154] - Moving Bottom
[DEBUG] 2026-08-02 01:20:56 [time 22494 ms] [JavaFX Application Thread] PlayerShip [moveBottom Line: 154] - Moving Bottom
[DEBUG] 2026-08-02 01:20:56 [time 22503 ms] [JavaFX Application Thread] PlayerShip [moveBottom Line: 154] - Moving Bottom
[DEBUG] 2026-08-02 01:20:56 [time 22512 ms] [JavaFX Application Thread] PlayerShip [moveBottom Line: 154] - Moving Bottom
[DEBUG] 2026-08-02 01:20:56 [time 22520 ms] [JavaFX Application Thread] PlayerShip [moveBottom Line: 154] - Moving Bottom
[DEBUG] 2026-08-02 01:20:56 [time 22528 ms] [JavaFX Application Thread] PlayerShip [moveBottom Line: 154] - Moving Bottom
[DEBUG] 2026-08-02 01:20:56 [time 22536 ms] [JavaFX Application Thread] PlayerShip [moveBottom Line: 154] - Moving Bottom
[DEBUG] 2026-08-02 01:20:56 [time 22545 ms] [JavaFX Application Thread] PlayerShip [moveBottom Line: 154] - Moving Bottom
[DEBUG] 2026-08-02 01:20:56 [time 22553 ms] [JavaFX Application Thread] PlayerShip [moveBottom Line: 154] - Moving Bottom
[DEBUG] 2026-08-02 01:20:56 [time 22562 ms] [JavaFX Application Thread] PlayerShip [moveBottom Line: 154] - Moving Bottom
[DEBUG] 2026-08-02 01:20:56 [time 22570 ms] [JavaFX Application Thread] PlayerShip [moveBottom Line: 154] - Moving Bottom
[DEBUG] 2026-08-02 01:20:56 [time 22578 ms] [JavaFX Application Thread] PlayerShip [moveBottom Line: 154] - Moving Bottom
[DEBUG] 2026-08-02 01:20:56 [time 22586 ms] [JavaFX Application Thread] PlayerShip [moveBottom Line: 154] - Moving Bottom
[DEBUG] 2026-08-02 01:20:56 [time 22595 ms] [JavaFX Application Thread] PlayerShip [moveBottom Line: 154] - Moving Bottom
[DEBUG] 2026-08-02 01:20:56 [time 22603 ms] [JavaFX Application Thread] PlayerShip [moveBottom Line: 154] - Moving Bottom
[DEBUG] 2026-08-02 01:20:56 [time 22612 ms] [JavaFX Application Thread] PlayerShip [moveBottom Line: 154] - Moving Bottom
[DEBUG] 2026-08-02 01:20:56 [time 22620 ms] [JavaFX Application Thread] PlayerShip [moveRight Line: 144] - Moving Right
[DEBUG] 2026-08-02 01:20:56 [time 22620 ms] [JavaFX Application Thread] PlayerShip [moveBottom Line: 154] - Moving Bottom
[DEBUG] 2026-08-02 01:20:56 [time 22628 ms] [JavaFX Application Thread] PlayerShip [moveRight Line: 144] - Moving Right
[DEBUG] 2026-08-02 01:20:56 [time 22637 ms] [JavaFX Application Thread] PlayerShip [moveRight Line: 144] - Moving Right
[DEBUG] 2026-08-02 01:20:56 [time 22645 ms] [JavaFX Application Thread] PlayerShip [moveRight Line: 144] - Moving Right
[DEBUG] 2026-08-02 01:20:56 [time 22653 ms] [JavaFX Application Thread] PlayerShip [moveRight Line: 144] - Moving Right
[DEBUG] 2026-08-02 01:20:56 [time 22662 ms] [JavaFX Application Thread] PlayerShip [moveRight Line: 144] - Moving Right
[DEBUG] 2026-08-02 01:20:56 [time 22670 ms] [JavaFX Application Thread] PlayerShip [moveRight Line: 144] - Moving Right
[DEBUG] 2026-08-02 01:20:56 [time 22678 ms] [JavaFX Application Thread] PlayerShip [moveRight Line: 144] - Moving Right
[DEBUG] 2026-08-02 01:20:56 [time 22687 ms] [JavaFX Application Thread] PlayerShip [moveRight Line: 144] - Moving Right
[DEBUG] 2026-08-02 01:20:56 [time 22695 ms] [JavaFX Application Thread] PlayerShip [moveRight Line: 144] - Moving Right
[DEBUG] 2026-08-02 01:20:56 [time 22703 ms] [JavaFX Application Thread] PlayerShip [moveRight Line: 144] - Moving Right
[DEBUG] 2026-08-02 01:20:56 [time 22712 ms] [JavaFX Application Thread] PlayerShip [moveRight Line: 144] - Moving Right
[DEBUG] 2026-08-02 01:20:56 [time 22720 ms] [JavaFX Application Thread] PlayerShip [moveRight Line: 144] - Moving Right
[DEBUG] 2026-08-02 01:20:56 [time 22728 ms] [JavaFX Application Thread] PlayerShip [moveRight Line: 144] - Moving Right
[DEBUG] 2026-08-02 01:20:56 [time 22737 ms] [JavaFX Application Thread] PlayerShip [moveRight Line: 144] - Moving Right
[DEBUG] 2026-08-02 01:20:56 [time 22745 ms] [JavaFX Application Thread] PlayerShip [moveRight Line: 144] - Moving Right
[DEBUG] 2026-08-02 01:20:56 [time 22753 ms] [JavaFX Application Thread] PlayerShip [moveRight Line: 144] - Moving Right
[DEBUG] 2026-08-02 01:20:56 [time 22753 ms] [JavaFX Application Thread] PlayerShip [moveTop Line: 149] - Moving Top
[DEBUG] 2026-08-02 01:20:56 [time 22762 ms] [JavaFX Application Thread] PlayerShip [moveRight Line: 144] - Moving Right
[DEBUG] 2026-08-02 01:20:56 [time 22762 ms] [JavaFX Application Thread] PlayerShip [moveTop Line: 149] - Moving Top
[DEBUG] 2026-08-02 01:20:56 [time 22764 ms] [JavaFX Application Thread] GameController [lambda$setUpKeyEvents$8 Line: 86] - PlayerShip shoot bullet
[DEBUG] 2026-08-02 01:20:56 [time 22770 ms] [JavaFX Application Thread] PlayerShip [moveRight Line: 144] - Moving Right
[DEBUG] 2026-08-02 01:20:56 [time 22770 ms] [JavaFX Application Thread] PlayerShip [moveTop Line: 149] - Moving Top
[DEBUG] 2026-08-02 01:20:56 [time 22778 ms] [JavaFX Application Thread] PlayerShip [moveRight Line: 144] - Moving Right
[DEBUG] 2026-08-02 01:20:56 [time 22779 ms] [JavaFX Application Thread] PlayerShip [moveTop Line: 149] - Moving Top
[DEBUG] 2026-08-02 01:20:56 [time 22787 ms] [JavaFX Application Thread] PlayerShip [moveRight Line: 144] - Moving Right
[DEBUG] 2026-08-02 01:20:56 [time 22787 ms] [JavaFX Application Thread] PlayerShip [moveTop Line: 149] - Moving Top
[DEBUG] 2026-08-02 01:20:56 [time 22795 ms] [JavaFX Application Thread] PlayerShip [moveRight Line: 144] - Moving Right
[DEBUG] 2026-08-02 01:20:56 [time 22795 ms] [JavaFX Application Thread] PlayerShip [moveTop Line: 149] - Moving Top
[DEBUG] 2026-08-02 01:20:56 [time 22803 ms] [JavaFX Application Thread] PlayerShip [moveRight Line: 144] - Moving Right
[DEBUG] 2026-08-02 01:20:56 [time 22803 ms] [JavaFX Application Thread] PlayerShip [moveTop Line: 149] - Moving Top
[DEBUG] 2026-08-02 01:20:56 [time 22812 ms] [JavaFX Application Thread] PlayerShip [moveRight Line: 144] - Moving Right
[DEBUG] 2026-08-02 01:20:56 [time 22812 ms] [JavaFX Application Thread] PlayerShip [moveTop Line: 149] - Moving Top
[DEBUG] 2026-08-02 01:20:56 [time 22820 ms] [JavaFX Application Thread] PlayerShip [moveRight Line: 144] - Moving Right
[DEBUG] 2026-08-02 01:20:56 [time 22820 ms] [JavaFX Application Thread] PlayerShip [moveTop Line: 149] - Moving Top
[DEBUG] 2026-08-02 01:20:56 [time 22828 ms] [JavaFX Application Thread] PlayerShip [moveRight Line: 144] - Moving Right
[DEBUG] 2026-08-02 01:20:56 [time 22828 ms] [JavaFX Application Thread] PlayerShip [moveTop Line: 149] - Moving Top
[DEBUG] 2026-08-02 01:20:56 [time 22837 ms] [JavaFX Application Thread] PlayerShip [moveRight Line: 144] - Moving Right
[DEBUG] 2026-08-02 01:20:56 [time 22837 ms] [JavaFX Application Thread] PlayerShip [moveTop Line: 149] - Moving Top
[DEBUG] 2026-08-02 01:20:56 [time 22845 ms] [JavaFX Application Thread] PlayerShip [moveRight Line: 144] - Moving Right
[DEBUG] 2026-08-02 01:20:56 [time 22845 ms] [JavaFX Application Thread] PlayerShip [moveTop Line: 149] - Moving Top
[DEBUG] 2026-08-02 01:20:56 [time 22853 ms] [JavaFX Application Thread] PlayerShip [moveRight Line: 144] - Moving Right
[DEBUG] 2026-08-02 01:20:56 [time 22854 ms] [JavaFX Application Thread] PlayerShip [moveTop Line: 149] - Moving Top
[DEBUG] 2026-08-02 01:20:56 [time 22862 ms] [JavaFX Application Thread] PlayerShip [moveRight Line: 144] - Moving Right
[DEBUG] 2026-08-02 01:20:56 [time 22862 ms] [JavaFX Application Thread] PlayerShip [moveTop Line: 149] - Moving Top
[DEBUG] 2026-08-02 01:20:56 [time 22870 ms] [JavaFX Application Thread] PlayerShip [moveRight Line: 144] - Moving Right
[DEBUG] 2026-08-02 01:20:56 [time 22870 ms] [JavaFX Application Thread] PlayerShip [moveTop Line: 149] - Moving Top
[DEBUG] 2026-08-02 01:20:56 [time 22878 ms] [JavaFX Application Thread] PlayerShip [moveTop Line: 149] - Moving Top
[DEBUG] 2026-08-02 01:20:56 [time 22887 ms] [JavaFX Application Thread] PlayerShip [moveTop Line: 149] - Moving Top
[DEBUG] 2026-08-02 01:20:56 [time 22895 ms] [JavaFX Application Thread] PlayerShip [moveTop Line: 149] - Moving Top
[DEBUG] 2026-08-02 01:20:56 [time 22904 ms] [JavaFX Application Thread] PlayerShip [moveTop Line: 149] - Moving Top
[DEBUG] 2026-08-02 01:20:56 [time 22912 ms] [JavaFX Application Thread] PlayerShip [moveTop Line: 149] - Moving Top
[DEBUG] 2026-08-02 01:20:56 [time 22920 ms] [JavaFX Application Thread] PlayerShip [moveTop Line: 149] - Moving Top
[DEBUG] 2026-08-02 01:20:56 [time 22928 ms] [JavaFX Application Thread] PlayerShip [moveTop Line: 149] - Moving Top
[DEBUG] 2026-08-02 01:20:56 [time 22937 ms] [JavaFX Application Thread] PlayerShip [moveTop Line: 149] - Moving Top
[DEBUG] 2026-08-02 01:20:56 [time 22945 ms] [JavaFX Application Thread] PlayerShip [moveTop Line: 149] - Moving Top
[DEBUG] 2026-08-02 01:20:56 [time 22953 ms] [JavaFX Application Thread] PlayerShip [moveTop Line: 149] - Moving Top
[DEBUG] 2026-08-02 01:20:56 [time 22962 ms] [JavaFX Application Thread] PlayerShip [moveTop Line: 149] - Moving Top
[DEBUG] 2026-08-02 01:20:56 [time 22969 ms] [JavaFX Application Thread] PlayerShip [moveTop Line: 149] - Moving Top
[DEBUG] 2026-08-02 01:20:56 [time 22978 ms] [JavaFX Application Thread] PlayerShip [moveTop Line: 149] - Moving Top
[DEBUG] 2026-08-02 01:20:56 [time 22987 ms] [JavaFX Application Thread] PlayerShip [moveTop Line: 149] - Moving Top
[ INFO] 2026-08-02 01:20:56 [time 22995 ms] [JavaFX Application Thread] GameController [updateAndCollidePlayerBullet Line: 353] - Current Score: 3
[DEBUG] 2026-08-02 01:20:56 [time 23000 ms] [JavaFX Application Thread] PlayerShip [moveTop Line: 149] - Moving Top
[DEBUG] 2026-08-02 01:20:56 [time 23003 ms] [JavaFX Application Thread] PlayerShip [moveTop Line: 149] - Moving Top
[DEBUG] 2026-08-02 01:20:56 [time 23012 ms] [JavaFX Application Thread] PlayerShip [moveTop Line: 149] - Moving Top
[DEBUG] 2026-08-02 01:20:56 [time 23020 ms] [JavaFX Application Thread] PlayerShip [moveTop Line: 149] - Moving Top
[DEBUG] 2026-08-02 01:20:56 [time 23028 ms] [JavaFX Application Thread] PlayerShip [moveTop Line: 149] - Moving Top
[DEBUG] 2026-08-02 01:20:56 [time 23037 ms] [JavaFX Application Thread] PlayerShip [moveTop Line: 149] - Moving Top
[DEBUG] 2026-08-02 01:20:56 [time 23045 ms] [JavaFX Application Thread] PlayerShip [moveTop Line: 149] - Moving Top
[DEBUG] 2026-08-02 01:20:56 [time 23053 ms] [JavaFX Application Thread] PlayerShip [moveTop Line: 149] - Moving Top
[DEBUG] 2026-08-02 01:20:56 [time 23062 ms] [JavaFX Application Thread] PlayerShip [moveTop Line: 149] - Moving Top
[DEBUG] 2026-08-02 01:20:56 [time 23070 ms] [JavaFX Application Thread] PlayerShip [moveTop Line: 149] - Moving Top
[DEBUG] 2026-08-02 01:20:56 [time 23078 ms] [JavaFX Application Thread] PlayerShip [moveTop Line: 149] - Moving Top
[DEBUG] 2026-08-02 01:20:56 [time 23087 ms] [JavaFX Application Thread] PlayerShip [moveTop Line: 149] - Moving Top
[DEBUG] 2026-08-02 01:20:56 [time 23095 ms] [JavaFX Application Thread] PlayerShip [moveTop Line: 149] - Moving Top
[DEBUG] 2026-08-02 01:20:56 [time 23103 ms] [JavaFX Application Thread] PlayerShip [moveTop Line: 149] - Moving Top
[DEBUG] 2026-08-02 01:20:56 [time 23112 ms] [JavaFX Application Thread] PlayerShip [moveTop Line: 149] - Moving Top
[DEBUG] 2026-08-02 01:20:56 [time 23120 ms] [JavaFX Application Thread] PlayerShip [moveTop Line: 149] - Moving Top
[DEBUG] 2026-08-02 01:20:56 [time 23128 ms] [JavaFX Application Thread] PlayerShip [moveTop Line: 149] - Moving Top
[DEBUG] 2026-08-02 01:20:56 [time 23136 ms] [JavaFX Application Thread] PlayerShip [moveTop Line: 149] - Moving Top
[DEBUG] 2026-08-02 01:20:56 [time 23145 ms] [JavaFX Application Thread] PlayerShip [moveTop Line: 149] - Moving Top
[DEBUG] 2026-08-02 01:20:56 [time 23153 ms] [JavaFX Application Thread] PlayerShip [moveTop Line: 149] - Moving Top
[DEBUG] 2026-08-02 01:20:56 [time 23162 ms] [JavaFX Application Thread] PlayerShip [moveTop Line: 149] - Moving Top
[DEBUG] 2026-08-02 01:20:56 [time 23170 ms] [JavaFX Application Thread] PlayerShip [moveTop Line: 149] - Moving Top
[DEBUG] 2026-08-02 01:20:56 [time 23178 ms] [JavaFX Application Thread] PlayerShip [moveTop Line: 149] - Moving Top
[DEBUG] 2026-08-02 01:20:56 [time 23186 ms] [JavaFX Application Thread] PlayerShip [moveTop Line: 149] - Moving Top
[DEBUG] 2026-08-02 01:20:56 [time 23195 ms] [JavaFX Application Thread] PlayerShip [moveTop Line: 149] - Moving Top
[DEBUG] 2026-08-02 01:20:56 [time 23203 ms] [JavaFX Application Thread] PlayerShip [moveTop Line: 149] - Moving Top
[DEBUG] 2026-08-02 01:20:56 [time 23212 ms] [JavaFX Application Thread] PlayerShip [moveTop Line: 149] - Moving Top
[DEBUG] 2026-08-02 01:20:56 [time 23220 ms] [JavaFX Application Thread] PlayerShip [moveTop Line: 149] - Moving Top
[DEBUG] 2026-08-02 01:20:56 [time 23228 ms] [JavaFX Application Thread] PlayerShip [moveTop Line: 149] - Moving Top
[DEBUG] 2026-08-02 01:20:56 [time 23237 ms] [JavaFX Application Thread] PlayerShip [moveTop Line: 149] - Moving Top
[DEBUG] 2026-08-02 01:20:56 [time 23245 ms] [JavaFX Application Thread] PlayerShip [moveTop Line: 149] - Moving Top
[DEBUG] 2026-08-02 01:20:56 [time 23253 ms] [JavaFX Application Thread] PlayerShip [moveTop Line: 149] - Moving Top
[DEBUG] 2026-08-02 01:20:56 [time 23262 ms] [JavaFX Application Thread] PlayerShip [moveTop Line: 149] - Moving Top
[DEBUG] 2026-08-02 01:20:56 [time 23270 ms] [JavaFX Application Thread] PlayerShip [moveRight Line: 144] - Moving Right
[DEBUG] 2026-08-02 01:20:56 [time 23270 ms] [JavaFX Application Thread] PlayerShip [moveTop Line: 149] - Moving Top
[DEBUG] 2026-08-02 01:20:56 [time 23278 ms] [JavaFX Application Thread] PlayerShip [moveRight Line: 144] - Moving Right
[DEBUG] 2026-08-02 01:20:56 [time 23278 ms] [JavaFX Application Thread] PlayerShip [moveTop Line: 149] - Moving Top
[DEBUG] 2026-08-02 01:20:56 [time 23287 ms] [JavaFX Application Thread] PlayerShip [moveRight Line: 144] - Moving Right
[DEBUG] 2026-08-02 01:20:56 [time 23287 ms] [JavaFX Application Thread] PlayerShip [moveTop Line: 149] - Moving Top
[DEBUG] 2026-08-02 01:20:56 [time 23295 ms] [JavaFX Application Thread] PlayerShip [moveRight Line: 144] - Moving Right
[DEBUG] 2026-08-02 01:20:56 [time 23295 ms] [JavaFX Application Thread] PlayerShip [moveTop Line: 149] - Moving Top
[DEBUG] 2026-08-02 01:20:56 [time 23303 ms] [JavaFX Application Thread] PlayerShip [moveRight Line: 144] - Moving Right
[DEBUG] 2026-08-02 01:20:56 [time 23303 ms] [JavaFX Application Thread] PlayerShip [moveTop Line: 149] - Moving Top
[DEBUG] 2026-08-02 01:20:56 [time 23312 ms] [JavaFX Application Thread] PlayerShip [moveRight Line: 144] - Moving Right
[DEBUG] 2026-08-02 01:20:56 [time 23312 ms] [JavaFX Application Thread] PlayerShip [moveTop Line: 149] - Moving Top
[DEBUG] 2026-08-02 01:20:56 [time 23320 ms] [JavaFX Application Thread] PlayerShip [moveRight Line: 144] - Moving Right
[DEBUG] 2026-08-02 01:20:56 [time 23320 ms] [JavaFX Application Thread] PlayerShip [moveTop Line: 149] - Moving Top
[DEBUG] 2026-08-02 01:20:56 [time 23328 ms] [JavaFX Application Thread] PlayerShip [moveRight Line: 144] - Moving Right
[DEBUG] 2026-08-02 01:20:56 [time 23328 ms] [JavaFX Application Thread] PlayerShip [moveTop Line: 149] - Moving Top
[DEBUG] 2026-08-02 01:20:56 [time 23337 ms] [JavaFX Application Thread] PlayerShip [moveRight Line: 144] - Moving Right
[DEBUG] 2026-08-02 01:20:56 [time 23337 ms] [JavaFX Application Thread] PlayerShip [moveTop Line: 149] - Moving Top
[DEBUG] 2026-08-02 01:20:56 [time 23345 ms] [JavaFX Application Thread] PlayerShip [moveRight Line: 144] - Moving Right
[DEBUG] 2026-08-02 01:20:56 [time 23345 ms] [JavaFX Application Thread] PlayerShip [moveTop Line: 149] - Moving Top
[DEBUG] 2026-08-02 01:20:56 [time 23353 ms] [JavaFX Application Thread] PlayerShip [moveRight Line: 144] - Moving Right
[DEBUG] 2026-08-02 01:20:56 [time 23353 ms] [JavaFX Application Thread] PlayerShip [moveTop Line: 149] - Moving Top
[DEBUG] 2026-08-02 01:20:56 [time 23361 ms] [JavaFX Application Thread] PlayerShip [moveRight Line: 144] - Moving Right
[DEBUG] 2026-08-02 01:20:56 [time 23361 ms] [JavaFX Application Thread] PlayerShip [moveTop Line: 149] - Moving Top
[ INFO] 2026-08-02 01:20:56 [time 23361 ms] [JavaFX Application Thread] PlayerShip [updateAndCollidePlayerShip Line: 581] - PlayerShip collided with asteroid
[ INFO] 2026-08-02 01:20:56 [time 23363 ms] [JavaFX Application Thread] PlayerShip [updateAndCollidePlayerShip Line: 598] - PlayerShip collided with enemy ship
[ INFO] 2026-08-02 01:20:56 [time 23365 ms] [JavaFX Application Thread] PlayerShip [updateAndCollidePlayerShip Line: 673] - Remaining Life: 1
[DEBUG] 2026-08-02 01:20:56 [time 23365 ms] [JavaFX Application Thread] GameController [lambda$addEventListeners$0 Line: 59] - angle: -157.606524836637, rotatedangle: -67.60652483663699
[DEBUG] 2026-08-02 01:20:56 [time 23370 ms] [JavaFX Application Thread] GameController [lambda$addEventListeners$0 Line: 59] - angle: -157.41816249430028, rotatedangle: -67.41816249430028
[DEBUG] 2026-08-02 01:20:56 [time 23370 ms] [JavaFX Application Thread] PlayerShip [moveRight Line: 144] - Moving Right
[DEBUG] 2026-08-02 01:20:56 [time 23370 ms] [JavaFX Application Thread] PlayerShip [moveTop Line: 149] - Moving Top
[DEBUG] 2026-08-02 01:20:56 [time 23378 ms] [JavaFX Application Thread] GameController [lambda$addEventListeners$0 Line: 59] - angle: -158.65952320560262, rotatedangle: -68.65952320560262
[DEBUG] 2026-08-02 01:20:56 [time 23378 ms] [JavaFX Application Thread] PlayerShip [moveRight Line: 144] - Moving Right
[DEBUG] 2026-08-02 01:20:56 [time 23378 ms] [JavaFX Application Thread] PlayerShip [moveTop Line: 149] - Moving Top
[DEBUG] 2026-08-02 01:20:56 [time 23386 ms] [JavaFX Application Thread] GameController [lambda$addEventListeners$0 Line: 59] - angle: -160.16407271513074, rotatedangle: -70.16407271513074
[DEBUG] 2026-08-02 01:20:56 [time 23387 ms] [JavaFX Application Thread] PlayerShip [moveRight Line: 144] - Moving Right
[DEBUG] 2026-08-02 01:20:56 [time 23387 ms] [JavaFX Application Thread] PlayerShip [moveTop Line: 149] - Moving Top
[DEBUG] 2026-08-02 01:20:56 [time 23394 ms] [JavaFX Application Thread] GameController [lambda$addEventListeners$0 Line: 59] - angle: -161.487316440106, rotatedangle: -71.48731644010601
[DEBUG] 2026-08-02 01:20:56 [time 23395 ms] [JavaFX Application Thread] PlayerShip [moveRight Line: 144] - Moving Right
[DEBUG] 2026-08-02 01:20:56 [time 23395 ms] [JavaFX Application Thread] PlayerShip [moveTop Line: 149] - Moving Top
[DEBUG] 2026-08-02 01:20:56 [time 23403 ms] [JavaFX Application Thread] GameController [lambda$addEventListeners$0 Line: 59] - angle: -162.87929157476617, rotatedangle: -72.87929157476617
[DEBUG] 2026-08-02 01:20:56 [time 23403 ms] [JavaFX Application Thread] PlayerShip [moveRight Line: 144] - Moving Right
[DEBUG] 2026-08-02 01:20:56 [time 23403 ms] [JavaFX Application Thread] PlayerShip [moveTop Line: 149] - Moving Top
[DEBUG] 2026-08-02 01:20:56 [time 23411 ms] [JavaFX Application Thread] GameController [lambda$addEventListeners$0 Line: 59] - angle: -164.254814364661, rotatedangle: -74.254814364661
[DEBUG] 2026-08-02 01:20:56 [time 23412 ms] [JavaFX Application Thread] PlayerShip [moveRight Line: 144] - Moving Right
[DEBUG] 2026-08-02 01:20:56 [time 23412 ms] [JavaFX Application Thread] PlayerShip [moveTop Line: 149] - Moving Top
[DEBUG] 2026-08-02 01:20:56 [time 23419 ms] [JavaFX Application Thread] GameController [lambda$addEventListeners$0 Line: 59] - angle: -165.6126121265554, rotatedangle: -75.6126121265554
[DEBUG] 2026-08-02 01:20:56 [time 23420 ms] [JavaFX Application Thread] PlayerShip [moveRight Line: 144] - Moving Right
[DEBUG] 2026-08-02 01:20:56 [time 23420 ms] [JavaFX Application Thread] PlayerShip [moveTop Line: 149] - Moving Top
[DEBUG] 2026-08-02 01:20:56 [time 23427 ms] [JavaFX Application Thread] GameController [lambda$addEventListeners$0 Line: 59] - angle: -167.00539030261228, rotatedangle: -77.00539030261228
[DEBUG] 2026-08-02 01:20:56 [time 23428 ms] [JavaFX Application Thread] PlayerShip [moveRight Line: 144] - Moving Right
[DEBUG] 2026-08-02 01:20:56 [time 23428 ms] [JavaFX Application Thread] PlayerShip [moveTop Line: 149] - Moving Top
[DEBUG] 2026-08-02 01:20:56 [time 23435 ms] [JavaFX Application Thread] GameController [lambda$addEventListeners$0 Line: 59] - angle: -168.36636600105956, rotatedangle: -78.36636600105956
[DEBUG] 2026-08-02 01:20:56 [time 23437 ms] [JavaFX Application Thread] PlayerShip [moveRight Line: 144] - Moving Right
[DEBUG] 2026-08-02 01:20:56 [time 23437 ms] [JavaFX Application Thread] PlayerShip [moveTop Line: 149] - Moving Top
[DEBUG] 2026-08-02 01:20:56 [time 23443 ms] [JavaFX Application Thread] GameController [lambda$addEventListeners$0 Line: 59] - angle: -169.69515225957676, rotatedangle: -79.69515225957676
[DEBUG] 2026-08-02 01:20:56 [time 23445 ms] [JavaFX Application Thread] PlayerShip [moveRight Line: 144] - Moving Right
[DEBUG] 2026-08-02 01:20:56 [time 23445 ms] [JavaFX Application Thread] PlayerShip [moveTop Line: 149] - Moving Top
[DEBUG] 2026-08-02 01:20:57 [time 23452 ms] [JavaFX Application Thread] GameController [lambda$addEventListeners$0 Line: 59] - angle: -170.9914973571995, rotatedangle: -80.9914973571995
[DEBUG] 2026-08-02 01:20:57 [time 23453 ms] [JavaFX Application Thread] PlayerShip [moveRight Line: 144] - Moving Right
[DEBUG] 2026-08-02 01:20:57 [time 23453 ms] [JavaFX Application Thread] PlayerShip [moveTop Line: 149] - Moving Top
[DEBUG] 2026-08-02 01:20:57 [time 23460 ms] [JavaFX Application Thread] GameController [lambda$addEventListeners$0 Line: 59] - angle: -172.1309244482095, rotatedangle: -82.1309244482095
[DEBUG] 2026-08-02 01:20:57 [time 23462 ms] [JavaFX Application Thread] PlayerShip [moveRight Line: 144] - Moving Right
[DEBUG] 2026-08-02 01:20:57 [time 23462 ms] [JavaFX Application Thread] PlayerShip [moveTop Line: 149] - Moving Top
[DEBUG] 2026-08-02 01:20:57 [time 23468 ms] [JavaFX Application Thread] GameController [lambda$addEventListeners$0 Line: 59] - angle: -173.330387113098, rotatedangle: -83.330387113098
[DEBUG] 2026-08-02 01:20:57 [time 23470 ms] [JavaFX Application Thread] PlayerShip [moveRight Line: 144] - Moving Right
[DEBUG] 2026-08-02 01:20:57 [time 23470 ms] [JavaFX Application Thread] PlayerShip [moveTop Line: 149] - Moving Top
[DEBUG] 2026-08-02 01:20:57 [time 23476 ms] [JavaFX Application Thread] GameController [lambda$addEventListeners$0 Line: 59] - angle: -174.4945228126303, rotatedangle: -84.4945228126303
[DEBUG] 2026-08-02 01:20:57 [time 23478 ms] [JavaFX Application Thread] PlayerShip [moveRight Line: 144] - Moving Right
[DEBUG] 2026-08-02 01:20:57 [time 23478 ms] [JavaFX Application Thread] PlayerShip [moveTop Line: 149] - Moving Top
[DEBUG] 2026-08-02 01:20:57 [time 23484 ms] [JavaFX Application Thread] GameController [lambda$addEventListeners$0 Line: 59] - angle: -175.61896216819198, rotatedangle: -85.61896216819198
[DEBUG] 2026-08-02 01:20:57 [time 23487 ms] [JavaFX Application Thread] PlayerShip [moveRight Line: 144] - Moving Right
[DEBUG] 2026-08-02 01:20:57 [time 23487 ms] [JavaFX Application Thread] PlayerShip [moveTop Line: 149] - Moving Top
[DEBUG] 2026-08-02 01:20:57 [time 23493 ms] [JavaFX Application Thread] GameController [lambda$addEventListeners$0 Line: 59] - angle: -176.72951207681646, rotatedangle: -86.72951207681646
[DEBUG] 2026-08-02 01:20:57 [time 23495 ms] [JavaFX Application Thread] PlayerShip [moveRight Line: 144] - Moving Right
[DEBUG] 2026-08-02 01:20:57 [time 23495 ms] [JavaFX Application Thread] PlayerShip [moveTop Line: 149] - Moving Top
[DEBUG] 2026-08-02 01:20:57 [time 23501 ms] [JavaFX Application Thread] GameController [lambda$addEventListeners$0 Line: 59] - angle: -177.8613176929013, rotatedangle: -87.86131769290131
[DEBUG] 2026-08-02 01:20:57 [time 23503 ms] [JavaFX Application Thread] PlayerShip [moveRight Line: 144] - Moving Right
[DEBUG] 2026-08-02 01:20:57 [time 23503 ms] [JavaFX Application Thread] PlayerShip [moveTop Line: 149] - Moving Top
[DEBUG] 2026-08-02 01:20:57 [time 23509 ms] [JavaFX Application Thread] GameController [lambda$addEventListeners$0 Line: 59] - angle: -179.02484685690746, rotatedangle: -89.02484685690746
[DEBUG] 2026-08-02 01:20:57 [time 23512 ms] [JavaFX Application Thread] PlayerShip [moveRight Line: 144] - Moving Right
[DEBUG] 2026-08-02 01:20:57 [time 23512 ms] [JavaFX Application Thread] PlayerShip [moveTop Line: 149] - Moving Top
[DEBUG] 2026-08-02 01:20:57 [time 23518 ms] [JavaFX Application Thread] GameController [lambda$addEventListeners$0 Line: 59] - angle: 179.73350996176725, rotatedangle: 269.73350996176725
[DEBUG] 2026-08-02 01:20:57 [time 23520 ms] [JavaFX Application Thread] PlayerShip [moveRight Line: 144] - Moving Right
[DEBUG] 2026-08-02 01:20:57 [time 23520 ms] [JavaFX Application Thread] PlayerShip [moveTop Line: 149] - Moving Top
[DEBUG] 2026-08-02 01:20:57 [time 23526 ms] [JavaFX Application Thread] GameController [lambda$addEventListeners$0 Line: 59] - angle: 178.30703016829358, rotatedangle: 268.3070301682936
[DEBUG] 2026-08-02 01:20:57 [time 23528 ms] [JavaFX Application Thread] PlayerShip [moveRight Line: 144] - Moving Right
[DEBUG] 2026-08-02 01:20:57 [time 23528 ms] [JavaFX Application Thread] PlayerShip [moveTop Line: 149] - Moving Top
[DEBUG] 2026-08-02 01:20:57 [time 23535 ms] [JavaFX Application Thread] GameController [lambda$addEventListeners$0 Line: 59] - angle: 176.65140518554313, rotatedangle: 266.6514051855431
[DEBUG] 2026-08-02 01:20:57 [time 23537 ms] [JavaFX Application Thread] PlayerShip [moveRight Line: 144] - Moving Right
[DEBUG] 2026-08-02 01:20:57 [time 23537 ms] [JavaFX Application Thread] PlayerShip [moveTop Line: 149] - Moving Top
[DEBUG] 2026-08-02 01:20:57 [time 23543 ms] [JavaFX Application Thread] GameController [lambda$addEventListeners$0 Line: 59] - angle: 174.71599893118955, rotatedangle: 264.7159989311896
[DEBUG] 2026-08-02 01:20:57 [time 23545 ms] [JavaFX Application Thread] PlayerShip [moveRight Line: 144] - Moving Right
[DEBUG] 2026-08-02 01:20:57 [time 23545 ms] [JavaFX Application Thread] PlayerShip [moveTop Line: 149] - Moving Top
[DEBUG] 2026-08-02 01:20:57 [time 23551 ms] [JavaFX Application Thread] GameController [lambda$addEventListeners$0 Line: 59] - angle: 172.8749836510982, rotatedangle: 262.8749836510982
[DEBUG] 2026-08-02 01:20:57 [time 23553 ms] [JavaFX Application Thread] PlayerShip [moveRight Line: 144] - Moving Right
[DEBUG] 2026-08-02 01:20:57 [time 23553 ms] [JavaFX Application Thread] PlayerShip [moveTop Line: 149] - Moving Top
[DEBUG] 2026-08-02 01:20:57 [time 23559 ms] [JavaFX Application Thread] GameController [lambda$addEventListeners$0 Line: 59] - angle: 170.16644735264106, rotatedangle: 260.16644735264106
[DEBUG] 2026-08-02 01:20:57 [time 23562 ms] [JavaFX Application Thread] PlayerShip [moveRight Line: 144] - Moving Right
[DEBUG] 2026-08-02 01:20:57 [time 23562 ms] [JavaFX Application Thread] PlayerShip [moveTop Line: 149] - Moving Top
[DEBUG] 2026-08-02 01:20:57 [time 23568 ms] [JavaFX Application Thread] GameController [lambda$addEventListeners$0 Line: 59] - angle: 167.1593087660922, rotatedangle: 257.1593087660922
[DEBUG] 2026-08-02 01:20:57 [time 23570 ms] [JavaFX Application Thread] PlayerShip [moveRight Line: 144] - Moving Right
[DEBUG] 2026-08-02 01:20:57 [time 23570 ms] [JavaFX Application Thread] PlayerShip [moveTop Line: 149] - Moving Top
[DEBUG] 2026-08-02 01:20:57 [time 23576 ms] [JavaFX Application Thread] GameController [lambda$addEventListeners$0 Line: 59] - angle: 163.25804005415515, rotatedangle: 253.25804005415515
[DEBUG] 2026-08-02 01:20:57 [time 23578 ms] [JavaFX Application Thread] PlayerShip [moveRight Line: 144] - Moving Right
[DEBUG] 2026-08-02 01:20:57 [time 23578 ms] [JavaFX Application Thread] PlayerShip [moveTop Line: 149] - Moving Top
[DEBUG] 2026-08-02 01:20:57 [time 23584 ms] [JavaFX Application Thread] GameController [lambda$addEventListeners$0 Line: 59] - angle: 158.45902408146156, rotatedangle: 248.45902408146156
[DEBUG] 2026-08-02 01:20:57 [time 23587 ms] [JavaFX Application Thread] PlayerShip [moveRight Line: 144] - Moving Right
[DEBUG] 2026-08-02 01:20:57 [time 23587 ms] [JavaFX Application Thread] PlayerShip [moveTop Line: 149] - Moving Top
[DEBUG] 2026-08-02 01:20:57 [time 23593 ms] [JavaFX Application Thread] GameController [lambda$addEventListeners$0 Line: 59] - angle: 155.8977718889219, rotatedangle: 245.8977718889219
[DEBUG] 2026-08-02 01:20:57 [time 23595 ms] [JavaFX Application Thread] PlayerShip [moveRight Line: 144] - Moving Right
[DEBUG] 2026-08-02 01:20:57 [time 23595 ms] [JavaFX Application Thread] PlayerShip [moveTop Line: 149] - Moving Top
[DEBUG] 2026-08-02 01:20:57 [time 23599 ms] [JavaFX Application Thread] GameController [lambda$addEventListeners$0 Line: 59] - angle: 152.00793467299792, rotatedangle: 242.00793467299792
[DEBUG] 2026-08-02 01:20:57 [time 23603 ms] [JavaFX Application Thread] PlayerShip [moveRight Line: 144] - Moving Right
[DEBUG] 2026-08-02 01:20:57 [time 23603 ms] [JavaFX Application Thread] PlayerShip [moveTop Line: 149] - Moving Top
[DEBUG] 2026-08-02 01:20:57 [time 23607 ms] [JavaFX Application Thread] GameController [lambda$addEventListeners$0 Line: 59] - angle: 149.4207613456976, rotatedangle: 239.4207613456976
[DEBUG] 2026-08-02 01:20:57 [time 23612 ms] [JavaFX Application Thread] PlayerShip [moveRight Line: 144] - Moving Right
[DEBUG] 2026-08-02 01:20:57 [time 23612 ms] [JavaFX Application Thread] PlayerShip [moveTop Line: 149] - Moving Top
[DEBUG] 2026-08-02 01:20:57 [time 23615 ms] [JavaFX Application Thread] GameController [lambda$addEventListeners$0 Line: 59] - angle: 147.0306016402873, rotatedangle: 237.0306016402873
[DEBUG] 2026-08-02 01:20:57 [time 23620 ms] [JavaFX Application Thread] PlayerShip [moveRight Line: 144] - Moving Right
[DEBUG] 2026-08-02 01:20:57 [time 23620 ms] [JavaFX Application Thread] PlayerShip [moveTop Line: 149] - Moving Top
[DEBUG] 2026-08-02 01:20:57 [time 23624 ms] [JavaFX Application Thread] GameController [lambda$addEventListeners$0 Line: 59] - angle: 145.38401544750715, rotatedangle: 235.38401544750715
[DEBUG] 2026-08-02 01:20:57 [time 23628 ms] [JavaFX Application Thread] PlayerShip [moveRight Line: 144] - Moving Right
[DEBUG] 2026-08-02 01:20:57 [time 23628 ms] [JavaFX Application Thread] PlayerShip [moveTop Line: 149] - Moving Top
[DEBUG] 2026-08-02 01:20:57 [time 23632 ms] [JavaFX Application Thread] GameController [lambda$addEventListeners$0 Line: 59] - angle: 144.00176001349175, rotatedangle: 234.00176001349175
[DEBUG] 2026-08-02 01:20:57 [time 23637 ms] [JavaFX Application Thread] PlayerShip [moveRight Line: 144] - Moving Right
[DEBUG] 2026-08-02 01:20:57 [time 23637 ms] [JavaFX Application Thread] PlayerShip [moveTop Line: 149] - Moving Top
[DEBUG] 2026-08-02 01:20:57 [time 23640 ms] [JavaFX Application Thread] GameController [lambda$addEventListeners$0 Line: 59] - angle: 143.3580684437, rotatedangle: 233.3580684437
[DEBUG] 2026-08-02 01:20:57 [time 23645 ms] [JavaFX Application Thread] PlayerShip [moveRight Line: 144] - Moving Right
[DEBUG] 2026-08-02 01:20:57 [time 23645 ms] [JavaFX Application Thread] PlayerShip [moveTop Line: 149] - Moving Top
[DEBUG] 2026-08-02 01:20:57 [time 23648 ms] [JavaFX Application Thread] GameController [lambda$addEventListeners$0 Line: 59] - angle: 142.47574414287294, rotatedangle: 232.47574414287294
[DEBUG] 2026-08-02 01:20:57 [time 23653 ms] [JavaFX Application Thread] PlayerShip [moveRight Line: 144] - Moving Right
[DEBUG] 2026-08-02 01:20:57 [time 23653 ms] [JavaFX Application Thread] PlayerShip [moveTop Line: 149] - Moving Top
[DEBUG] 2026-08-02 01:20:57 [time 23656 ms] [JavaFX Application Thread] GameController [lambda$addEventListeners$0 Line: 59] - angle: 141.88171946808419, rotatedangle: 231.88171946808419
[DEBUG] 2026-08-02 01:20:57 [time 23662 ms] [JavaFX Application Thread] PlayerShip [moveRight Line: 144] - Moving Right
[DEBUG] 2026-08-02 01:20:57 [time 23662 ms] [JavaFX Application Thread] PlayerShip [moveTop Line: 149] - Moving Top
[DEBUG] 2026-08-02 01:20:57 [time 23665 ms] [JavaFX Application Thread] GameController [lambda$addEventListeners$0 Line: 59] - angle: 141.34019569470965, rotatedangle: 231.34019569470965
[DEBUG] 2026-08-02 01:20:57 [time 23670 ms] [JavaFX Application Thread] PlayerShip [moveRight Line: 144] - Moving Right
[DEBUG] 2026-08-02 01:20:57 [time 23670 ms] [JavaFX Application Thread] PlayerShip [moveTop Line: 149] - Moving Top
[DEBUG] 2026-08-02 01:20:57 [time 23673 ms] [JavaFX Application Thread] GameController [lambda$addEventListeners$0 Line: 59] - angle: 140.59933933652056, rotatedangle: 230.59933933652056
[DEBUG] 2026-08-02 01:20:57 [time 23678 ms] [JavaFX Application Thread] PlayerShip [moveRight Line: 144] - Moving Right
[DEBUG] 2026-08-02 01:20:57 [time 23678 ms] [JavaFX Application Thread] PlayerShip [moveTop Line: 149] - Moving Top
[DEBUG] 2026-08-02 01:20:57 [time 23681 ms] [JavaFX Application Thread] GameController [lambda$addEventListeners$0 Line: 59] - angle: 139.69286250558983, rotatedangle: 229.69286250558983
[DEBUG] 2026-08-02 01:20:57 [time 23687 ms] [JavaFX Application Thread] PlayerShip [moveRight Line: 144] - Moving Right
[DEBUG] 2026-08-02 01:20:57 [time 23687 ms] [JavaFX Application Thread] PlayerShip [moveTop Line: 149] - Moving Top
[DEBUG] 2026-08-02 01:20:57 [time 23689 ms] [JavaFX Application Thread] GameController [lambda$addEventListeners$0 Line: 59] - angle: 139.08561345155798, rotatedangle: 229.08561345155798
[DEBUG] 2026-08-02 01:20:57 [time 23695 ms] [JavaFX Application Thread] PlayerShip [moveRight Line: 144] - Moving Right
[DEBUG] 2026-08-02 01:20:57 [time 23695 ms] [JavaFX Application Thread] PlayerShip [moveTop Line: 149] - Moving Top
[DEBUG] 2026-08-02 01:20:57 [time 23697 ms] [JavaFX Application Thread] GameController [lambda$addEventListeners$0 Line: 59] - angle: 138.86546116985176, rotatedangle: 228.86546116985176
[DEBUG] 2026-08-02 01:20:57 [time 23703 ms] [JavaFX Application Thread] PlayerShip [moveTop Line: 149] - Moving Top
[DEBUG] 2026-08-02 01:20:57 [time 23706 ms] [JavaFX Application Thread] GameController [lambda$addEventListeners$0 Line: 59] - angle: 137.7791639043664, rotatedangle: 227.7791639043664
[DEBUG] 2026-08-02 01:20:57 [time 23712 ms] [JavaFX Application Thread] PlayerShip [moveTop Line: 149] - Moving Top
[DEBUG] 2026-08-02 01:20:57 [time 23714 ms] [JavaFX Application Thread] GameController [lambda$addEventListeners$0 Line: 59] - angle: 136.9505036520084, rotatedangle: 226.9505036520084
[DEBUG] 2026-08-02 01:20:57 [time 23720 ms] [JavaFX Application Thread] PlayerShip [moveTop Line: 149] - Moving Top
[DEBUG] 2026-08-02 01:20:57 [time 23722 ms] [JavaFX Application Thread] GameController [lambda$addEventListeners$0 Line: 59] - angle: 136.18994628514218, rotatedangle: 226.18994628514218
[DEBUG] 2026-08-02 01:20:57 [time 23728 ms] [JavaFX Application Thread] PlayerShip [moveTop Line: 149] - Moving Top
[DEBUG] 2026-08-02 01:20:57 [time 23731 ms] [JavaFX Application Thread] GameController [lambda$addEventListeners$0 Line: 59] - angle: 135.4982141685553, rotatedangle: 225.4982141685553
[DEBUG] 2026-08-02 01:20:57 [time 23737 ms] [JavaFX Application Thread] PlayerShip [moveTop Line: 149] - Moving Top
[DEBUG] 2026-08-02 01:20:57 [time 23739 ms] [JavaFX Application Thread] GameController [lambda$addEventListeners$0 Line: 59] - angle: 134.83860632063912, rotatedangle: 224.83860632063912
[DEBUG] 2026-08-02 01:20:57 [time 23745 ms] [JavaFX Application Thread] PlayerShip [moveTop Line: 149] - Moving Top
[DEBUG] 2026-08-02 01:20:57 [time 23747 ms] [JavaFX Application Thread] GameController [lambda$addEventListeners$0 Line: 59] - angle: 134.5316596485699, rotatedangle: 224.5316596485699
[DEBUG] 2026-08-02 01:20:57 [time 23753 ms] [JavaFX Application Thread] PlayerShip [moveTop Line: 149] - Moving Top
[DEBUG] 2026-08-02 01:20:57 [time 23755 ms] [JavaFX Application Thread] GameController [lambda$addEventListeners$0 Line: 59] - angle: 133.93060544043706, rotatedangle: 223.93060544043706
[DEBUG] 2026-08-02 01:20:57 [time 23762 ms] [JavaFX Application Thread] PlayerShip [moveTop Line: 149] - Moving Top
[DEBUG] 2026-08-02 01:20:57 [time 23763 ms] [JavaFX Application Thread] GameController [lambda$addEventListeners$0 Line: 59] - angle: 133.50045741644513, rotatedangle: 223.50045741644513
[DEBUG] 2026-08-02 01:20:57 [time 23770 ms] [JavaFX Application Thread] PlayerShip [moveTop Line: 149] - Moving Top
[DEBUG] 2026-08-02 01:20:57 [time 23771 ms] [JavaFX Application Thread] GameController [lambda$addEventListeners$0 Line: 59] - angle: 132.7917488130703, rotatedangle: 222.7917488130703
[DEBUG] 2026-08-02 01:20:57 [time 23778 ms] [JavaFX Application Thread] PlayerShip [moveTop Line: 149] - Moving Top
[DEBUG] 2026-08-02 01:20:57 [time 23787 ms] [JavaFX Application Thread] PlayerShip [moveTop Line: 149] - Moving Top
[DEBUG] 2026-08-02 01:20:57 [time 23789 ms] [JavaFX Application Thread] GameController [lambda$addEventListeners$0 Line: 59] - angle: 131.86753890069195, rotatedangle: 221.86753890069195
[DEBUG] 2026-08-02 01:20:57 [time 23795 ms] [JavaFX Application Thread] PlayerShip [moveTop Line: 149] - Moving Top
[DEBUG] 2026-08-02 01:20:57 [time 23796 ms] [JavaFX Application Thread] GameController [lambda$addEventListeners$0 Line: 59] - angle: 131.20460507766407, rotatedangle: 221.20460507766407
[DEBUG] 2026-08-02 01:20:57 [time 23803 ms] [JavaFX Application Thread] GameController [lambda$addEventListeners$0 Line: 59] - angle: 131.20460807283507, rotatedangle: 221.20460807283507
[DEBUG] 2026-08-02 01:20:57 [time 23804 ms] [JavaFX Application Thread] PlayerShip [moveTop Line: 149] - Moving Top
[DEBUG] 2026-08-02 01:20:57 [time 23812 ms] [JavaFX Application Thread] GameController [lambda$addEventListeners$0 Line: 59] - angle: 130.55876238404915, rotatedangle: 220.55876238404915
[DEBUG] 2026-08-02 01:20:57 [time 23812 ms] [JavaFX Application Thread] PlayerShip [moveTop Line: 149] - Moving Top
[DEBUG] 2026-08-02 01:20:57 [time 23820 ms] [JavaFX Application Thread] PlayerShip [moveTop Line: 149] - Moving Top
[DEBUG] 2026-08-02 01:20:57 [time 23828 ms] [JavaFX Application Thread] PlayerShip [moveTop Line: 149] - Moving Top
[DEBUG] 2026-08-02 01:20:57 [time 23837 ms] [JavaFX Application Thread] PlayerShip [moveTop Line: 149] - Moving Top
[DEBUG] 2026-08-02 01:20:57 [time 23845 ms] [JavaFX Application Thread] PlayerShip [moveTop Line: 149] - Moving Top
[DEBUG] 2026-08-02 01:20:57 [time 23853 ms] [JavaFX Application Thread] PlayerShip [moveTop Line: 149] - Moving Top
[DEBUG] 2026-08-02 01:20:57 [time 23862 ms] [JavaFX Application Thread] PlayerShip [moveTop Line: 149] - Moving Top
[DEBUG] 2026-08-02 01:20:57 [time 23870 ms] [JavaFX Application Thread] PlayerShip [moveTop Line: 149] - Moving Top
[DEBUG] 2026-08-02 01:20:57 [time 23878 ms] [JavaFX Application Thread] PlayerShip [moveTop Line: 149] - Moving Top
[DEBUG] 2026-08-02 01:20:57 [time 23887 ms] [JavaFX Application Thread] PlayerShip [moveTop Line: 149] - Moving Top
[DEBUG] 2026-08-02 01:20:57 [time 23895 ms] [JavaFX Application Thread] PlayerShip [moveTop Line: 149] - Moving Top
[DEBUG] 2026-08-02 01:20:57 [time 23903 ms] [JavaFX Application Thread] PlayerShip [moveTop Line: 149] - Moving Top
[DEBUG] 2026-08-02 01:20:57 [time 23912 ms] [JavaFX Application Thread] PlayerShip [moveTop Line: 149] - Moving Top
[DEBUG] 2026-08-02 01:20:57 [time 23920 ms] [JavaFX Application Thread] PlayerShip [moveTop Line: 149] - Moving Top
[DEBUG] 2026-08-02 01:20:57 [time 23928 ms] [JavaFX Application Thread] PlayerShip [moveTop Line: 149] - Moving Top
[DEBUG] 2026-08-02 01:20:57 [time 23937 ms] [JavaFX Application Thread] PlayerShip [moveTop Line: 149] - Moving Top
[DEBUG] 2026-08-02 01:20:57 [time 23945 ms] [JavaFX Application Thread] PlayerShip [moveTop Line: 149] - Moving Top
[DEBUG] 2026-08-02 01:20:57 [time 23953 ms] [JavaFX Application Thread] PlayerShip [moveTop Line: 149] - Moving Top
[DEBUG] 2026-08-02 01:20:57 [time 23962 ms] [JavaFX Application Thread] PlayerShip [moveTop Line: 149] - Moving Top
[DEBUG] 2026-08-02 01:20:57 [time 23970 ms] [JavaFX Application Thread] PlayerShip [moveTop Line: 149] - Moving Top
[DEBUG] 2026-08-02 01:20:57 [time 23978 ms] [JavaFX Application Thread] PlayerShip [moveTop Line: 149] - Moving Top
[DEBUG] 2026-08-02 01:20:57 [time 23987 ms] [JavaFX Application Thread] PlayerShip [moveTop Line: 149] - Moving Top
[DEBUG] 2026-08-02 01:20:57 [time 23994 ms] [JavaFX Application Thread] PlayerShip [moveTop Line: 149] - Moving Top
[DEBUG] 2026-08-02 01:20:57 [time 24003 ms] [JavaFX Application Thread] PlayerShip [moveTop Line: 149] - Moving Top
[DEBUG] 2026-08-02 01:20:57 [time 24012 ms] [JavaFX Application Thread] PlayerShip [moveTop Line: 149] - Moving Top
[DEBUG] 2026-08-02 01:20:57 [time 24019 ms] [JavaFX Application Thread] PlayerShip [moveTop Line: 149] - Moving Top
[DEBUG] 2026-08-02 01:20:57 [time 24028 ms] [JavaFX Application Thread] PlayerShip [moveTop Line: 149] - Moving Top
[DEBUG] 2026-08-02 01:20:57 [time 24037 ms] [JavaFX Application Thread] PlayerShip [moveTop Line: 149] - Moving Top
[DEBUG] 2026-08-02 01:20:57 [time 24045 ms] [JavaFX Application Thread] PlayerShip [moveTop Line: 149] - Moving Top
[DEBUG] 2026-08-02 01:20:57 [time 24370 ms] [JavaFX Application Thread] PlayerShip [moveLeft Line: 139] - Moving Left
[DEBUG] 2026-08-02 01:20:57 [time 24379 ms] [JavaFX Application Thread] PlayerShip [moveLeft Line: 139] - Moving Left
[DEBUG] 2026-08-02 01:20:57 [time 24387 ms] [JavaFX Application Thread] PlayerShip [moveLeft Line: 139] - Moving Left
[DEBUG] 2026-08-02 01:20:57 [time 24395 ms] [JavaFX Application Thread] PlayerShip [moveLeft Line: 139] - Moving Left
[DEBUG] 2026-08-02 01:20:57 [time 24403 ms] [JavaFX Application Thread] PlayerShip [moveLeft Line: 139] - Moving Left
[DEBUG] 2026-08-02 01:20:57 [time 24412 ms] [JavaFX Application Thread] PlayerShip [moveLeft Line: 139] - Moving Left
[DEBUG] 2026-08-02 01:20:57 [time 24420 ms] [JavaFX Application Thread] PlayerShip [moveLeft Line: 139] - Moving Left
[DEBUG] 2026-08-02 01:20:57 [time 24428 ms] [JavaFX Application Thread] PlayerShip [moveLeft Line: 139] - Moving Left
[DEBUG] 2026-08-02 01:20:58 [time 24557 ms] [JavaFX Application Thread] GameController [lambda$setUpKeyEvents$8 Line: 86] - PlayerShip shoot bullet
[ INFO] 2026-08-02 01:20:58 [time 24712 ms] [JavaFX Application Thread] GameController [updateAndCollidePlayerBullet Line: 400] - Current Score: 4
[DEBUG] 2026-08-02 01:20:58 [time 24786 ms] [JavaFX Application Thread] GameController [lambda$setUpKeyEvents$8 Line: 86] - PlayerShip shoot bullet
[ INFO] 2026-08-02 01:20:58 [time 24911 ms] [JavaFX Application Thread] GameController [updateAndCollidePlayerBullet Line: 400] - Current Score: 5
[DEBUG] 2026-08-02 01:20:58 [time 24957 ms] [JavaFX Application Thread] GameController [lambda$setUpKeyEvents$8 Line: 86] - PlayerShip shoot bullet
[DEBUG] 2026-08-02 01:20:58 [time 25112 ms] [JavaFX Application Thread] PlayerShip [moveLeft Line: 139] - Moving Left
[DEBUG] 2026-08-02 01:20:58 [time 25120 ms] [JavaFX Application Thread] PlayerShip [moveLeft Line: 139] - Moving Left
[DEBUG] 2026-08-02 01:20:58 [time 25129 ms] [JavaFX Application Thread] GameController [lambda$setUpKeyEvents$8 Line: 86] - PlayerShip shoot bullet
[DEBUG] 2026-08-02 01:20:58 [time 25129 ms] [JavaFX Application Thread] PlayerShip [moveLeft Line: 139] - Moving Left
[DEBUG] 2026-08-02 01:20:58 [time 25137 ms] [JavaFX Application Thread] PlayerShip [moveLeft Line: 139] - Moving Left
[DEBUG] 2026-08-02 01:20:58 [time 25145 ms] [JavaFX Application Thread] PlayerShip [moveLeft Line: 139] - Moving Left
[DEBUG] 2026-08-02 01:20:58 [time 25154 ms] [JavaFX Application Thread] PlayerShip [moveLeft Line: 139] - Moving Left
[DEBUG] 2026-08-02 01:20:58 [time 25162 ms] [JavaFX Application Thread] PlayerShip [moveLeft Line: 139] - Moving Left
[DEBUG] 2026-08-02 01:20:58 [time 25171 ms] [JavaFX Application Thread] PlayerShip [moveLeft Line: 139] - Moving Left
[DEBUG] 2026-08-02 01:20:58 [time 25171 ms] [JavaFX Application Thread] PlayerShip [moveBottom Line: 154] - Moving Bottom
[DEBUG] 2026-08-02 01:20:58 [time 25179 ms] [JavaFX Application Thread] PlayerShip [moveBottom Line: 154] - Moving Bottom
[DEBUG] 2026-08-02 01:20:58 [time 25187 ms] [JavaFX Application Thread] PlayerShip [moveBottom Line: 154] - Moving Bottom
[DEBUG] 2026-08-02 01:20:58 [time 25195 ms] [JavaFX Application Thread] PlayerShip [moveBottom Line: 154] - Moving Bottom
[DEBUG] 2026-08-02 01:20:58 [time 25203 ms] [JavaFX Application Thread] PlayerShip [moveBottom Line: 154] - Moving Bottom
[DEBUG] 2026-08-02 01:20:58 [time 25212 ms] [JavaFX Application Thread] PlayerShip [moveBottom Line: 154] - Moving Bottom
[DEBUG] 2026-08-02 01:20:58 [time 25220 ms] [JavaFX Application Thread] PlayerShip [moveBottom Line: 154] - Moving Bottom
[DEBUG] 2026-08-02 01:20:58 [time 25228 ms] [JavaFX Application Thread] PlayerShip [moveBottom Line: 154] - Moving Bottom
[DEBUG] 2026-08-02 01:20:58 [time 25237 ms] [JavaFX Application Thread] PlayerShip [moveBottom Line: 154] - Moving Bottom
[DEBUG] 2026-08-02 01:20:58 [time 25245 ms] [JavaFX Application Thread] PlayerShip [moveBottom Line: 154] - Moving Bottom
[DEBUG] 2026-08-02 01:20:58 [time 25253 ms] [JavaFX Application Thread] PlayerShip [moveBottom Line: 154] - Moving Bottom
[DEBUG] 2026-08-02 01:20:58 [time 25262 ms] [JavaFX Application Thread] PlayerShip [moveBottom Line: 154] - Moving Bottom
[DEBUG] 2026-08-02 01:20:58 [time 25270 ms] [JavaFX Application Thread] PlayerShip [moveBottom Line: 154] - Moving Bottom
[DEBUG] 2026-08-02 01:20:58 [time 25278 ms] [JavaFX Application Thread] PlayerShip [moveBottom Line: 154] - Moving Bottom
[DEBUG] 2026-08-02 01:20:58 [time 25287 ms] [JavaFX Application Thread] PlayerShip [moveBottom Line: 154] - Moving Bottom
[DEBUG] 2026-08-02 01:20:58 [time 25295 ms] [JavaFX Application Thread] PlayerShip [moveBottom Line: 154] - Moving Bottom
[DEBUG] 2026-08-02 01:20:58 [time 25303 ms] [JavaFX Application Thread] PlayerShip [moveBottom Line: 154] - Moving Bottom
[DEBUG] 2026-08-02 01:20:58 [time 25312 ms] [JavaFX Application Thread] PlayerShip [moveBottom Line: 154] - Moving Bottom
[DEBUG] 2026-08-02 01:20:58 [time 25320 ms] [JavaFX Application Thread] PlayerShip [moveBottom Line: 154] - Moving Bottom
[DEBUG] 2026-08-02 01:20:58 [time 25325 ms] [JavaFX Application Thread] GameController [lambda$setUpKeyEvents$8 Line: 86] - PlayerShip shoot bullet
[DEBUG] 2026-08-02 01:20:58 [time 25328 ms] [JavaFX Application Thread] PlayerShip [moveBottom Line: 154] - Moving Bottom
[DEBUG] 2026-08-02 01:20:58 [time 25337 ms] [JavaFX Application Thread] PlayerShip [moveBottom Line: 154] - Moving Bottom
[DEBUG] 2026-08-02 01:20:58 [time 25345 ms] [JavaFX Application Thread] PlayerShip [moveBottom Line: 154] - Moving Bottom
[DEBUG] 2026-08-02 01:20:58 [time 25353 ms] [JavaFX Application Thread] PlayerShip [moveBottom Line: 154] - Moving Bottom
[ INFO] 2026-08-02 01:20:58 [time 25362 ms] [JavaFX Application Thread] GameController [updateAndCollidePlayerBullet Line: 353] - Current Score: 7
[DEBUG] 2026-08-02 01:20:58 [time 25366 ms] [JavaFX Application Thread] PlayerShip [moveBottom Line: 154] - Moving Bottom
[DEBUG] 2026-08-02 01:20:58 [time 25370 ms] [JavaFX Application Thread] PlayerShip [moveBottom Line: 154] - Moving Bottom
[DEBUG] 2026-08-02 01:20:58 [time 25378 ms] [JavaFX Application Thread] PlayerShip [moveBottom Line: 154] - Moving Bottom
[DEBUG] 2026-08-02 01:20:58 [time 25387 ms] [JavaFX Application Thread] PlayerShip [moveBottom Line: 154] - Moving Bottom
[DEBUG] 2026-08-02 01:20:58 [time 25395 ms] [JavaFX Application Thread] PlayerShip [moveBottom Line: 154] - Moving Bottom
[DEBUG] 2026-08-02 01:20:58 [time 25403 ms] [JavaFX Application Thread] PlayerShip [moveBottom Line: 154] - Moving Bottom
[DEBUG] 2026-08-02 01:20:58 [time 25412 ms] [JavaFX Application Thread] PlayerShip [moveBottom Line: 154] - Moving Bottom
[DEBUG] 2026-08-02 01:20:58 [time 25420 ms] [JavaFX Application Thread] PlayerShip [moveBottom Line: 154] - Moving Bottom
[DEBUG] 2026-08-02 01:20:58 [time 25428 ms] [JavaFX Application Thread] PlayerShip [moveBottom Line: 154] - Moving Bottom
[DEBUG] 2026-08-02 01:20:58 [time 25437 ms] [JavaFX Application Thread] PlayerShip [moveBottom Line: 154] - Moving Bottom
[DEBUG] 2026-08-02 01:20:58 [time 25445 ms] [JavaFX Application Thread] PlayerShip [moveBottom Line: 154] - Moving Bottom
[DEBUG] 2026-08-02 01:20:59 [time 25453 ms] [JavaFX Application Thread] PlayerShip [moveBottom Line: 154] - Moving Bottom
[DEBUG] 2026-08-02 01:20:59 [time 25462 ms] [JavaFX Application Thread] PlayerShip [moveBottom Line: 154] - Moving Bottom
[ INFO] 2026-08-02 01:20:59 [time 25470 ms] [JavaFX Application Thread] GameController [updateAndCollidePlayerBullet Line: 353] - Current Score: 9
[DEBUG] 2026-08-02 01:20:59 [time 25474 ms] [JavaFX Application Thread] PlayerShip [moveBottom Line: 154] - Moving Bottom
[DEBUG] 2026-08-02 01:20:59 [time 25478 ms] [JavaFX Application Thread] PlayerShip [moveBottom Line: 154] - Moving Bottom
[DEBUG] 2026-08-02 01:20:59 [time 25487 ms] [JavaFX Application Thread] PlayerShip [moveBottom Line: 154] - Moving Bottom
[DEBUG] 2026-08-02 01:20:59 [time 25495 ms] [JavaFX Application Thread] PlayerShip [moveBottom Line: 154] - Moving Bottom
[DEBUG] 2026-08-02 01:20:59 [time 25497 ms] [JavaFX Application Thread] GameController [lambda$setUpKeyEvents$8 Line: 86] - PlayerShip shoot bullet
[DEBUG] 2026-08-02 01:20:59 [time 25503 ms] [JavaFX Application Thread] PlayerShip [moveBottom Line: 154] - Moving Bottom
[ INFO] 2026-08-02 01:20:59 [time 25512 ms] [JavaFX Application Thread] GameController [updateAndCollidePlayerBullet Line: 360] - Current Score: 10
[DEBUG] 2026-08-02 01:20:59 [time 25513 ms] [JavaFX Application Thread] PlayerShip [moveBottom Line: 154] - Moving Bottom
[DEBUG] 2026-08-02 01:20:59 [time 25520 ms] [JavaFX Application Thread] PlayerShip [moveBottom Line: 154] - Moving Bottom
[DEBUG] 2026-08-02 01:20:59 [time 25528 ms] [JavaFX Application Thread] PlayerShip [moveBottom Line: 154] - Moving Bottom
[DEBUG] 2026-08-02 01:20:59 [time 25537 ms] [JavaFX Application Thread] PlayerShip [moveBottom Line: 154] - Moving Bottom
[DEBUG] 2026-08-02 01:20:59 [time 25545 ms] [JavaFX Application Thread] PlayerShip [moveBottom Line: 154] - Moving Bottom
[DEBUG] 2026-08-02 01:20:59 [time 25553 ms] [JavaFX Application Thread] PlayerShip [moveBottom Line: 154] - Moving Bottom
[ INFO] 2026-08-02 01:20:59 [time 25587 ms] [JavaFX Application Thread] GameController [updateAndCollidePlayerBullet Line: 360] - Current Score: 11
[DEBUG] 2026-08-02 01:20:59 [time 25652 ms] [JavaFX Application Thread] GameController [lambda$setUpKeyEvents$8 Line: 86] - PlayerShip shoot bullet
[DEBUG] 2026-08-02 01:20:59 [time 25825 ms] [JavaFX Application Thread] GameController [lambda$setUpKeyEvents$8 Line: 86] - PlayerShip shoot bullet
[DEBUG] 2026-08-02 01:20:59 [time 25903 ms] [JavaFX Application Thread] PlayerShip [moveBottom Line: 154] - Moving Bottom
[DEBUG] 2026-08-02 01:20:59 [time 25912 ms] [JavaFX Application Thread] PlayerShip [moveBottom Line: 154] - Moving Bottom
[DEBUG] 2026-08-02 01:20:59 [time 25937 ms] [JavaFX Application Thread] PlayerShip [moveLeft Line: 139] - Moving Left
[DEBUG] 2026-08-02 01:20:59 [time 25945 ms] [JavaFX Application Thread] PlayerShip [moveLeft Line: 139] - Moving Left
[DEBUG] 2026-08-02 01:20:59 [time 25953 ms] [JavaFX Application Thread] PlayerShip [moveLeft Line: 139] - Moving Left
[DEBUG] 2026-08-02 01:20:59 [time 25962 ms] [JavaFX Application Thread] PlayerShip [moveLeft Line: 139] - Moving Left
[DEBUG] 2026-08-02 01:20:59 [time 25970 ms] [JavaFX Application Thread] PlayerShip [moveLeft Line: 139] - Moving Left
[DEBUG] 2026-08-02 01:20:59 [time 25979 ms] [JavaFX Application Thread] PlayerShip [moveLeft Line: 139] - Moving Left
[DEBUG] 2026-08-02 01:20:59 [time 25987 ms] [JavaFX Application Thread] PlayerShip [moveLeft Line: 139] - Moving Left
[DEBUG] 2026-08-02 01:20:59 [time 25996 ms] [JavaFX Application Thread] PlayerShip [moveLeft Line: 139] - Moving Left
[DEBUG] 2026-08-02 01:20:59 [time 26004 ms] [JavaFX Application Thread] PlayerShip [moveLeft Line: 139] - Moving Left
[DEBUG] 2026-08-02 01:20:59 [time 26012 ms] [JavaFX Application Thread] PlayerShip [moveLeft Line: 139] - Moving Left
[DEBUG] 2026-08-02 01:20:59 [time 26020 ms] [JavaFX Application Thread] PlayerShip [moveLeft Line: 139] - Moving Left
[DEBUG] 2026-08-02 01:20:59 [time 26029 ms] [JavaFX Application Thread] PlayerShip [moveLeft Line: 139] - Moving Left
[DEBUG] 2026-08-02 01:20:59 [time 26037 ms] [JavaFX Application Thread] PlayerShip [moveLeft Line: 139] - Moving Left
[DEBUG] 2026-08-02 01:20:59 [time 26045 ms] [JavaFX Application Thread] PlayerShip [moveLeft Line: 139] - Moving Left
[DEBUG] 2026-08-02 01:20:59 [time 26054 ms] [JavaFX Application Thread] PlayerShip [moveLeft Line: 139] - Moving Left
[DEBUG] 2026-08-02 01:20:59 [time 26062 ms] [JavaFX Application Thread] PlayerShip [moveLeft Line: 139] - Moving Left
[DEBUG] 2026-08-02 01:20:59 [time 26070 ms] [JavaFX Application Thread] PlayerShip [moveLeft Line: 139] - Moving Left
[DEBUG] 2026-08-02 01:20:59 [time 26079 ms] [JavaFX Application Thread] PlayerShip [moveLeft Line: 139] - Moving Left
[DEBUG] 2026-08-02 01:20:59 [time 26087 ms] [JavaFX Application Thread] PlayerShip [moveLeft Line: 139] - Moving Left
[DEBUG] 2026-08-02 01:20:59 [time 26095 ms] [JavaFX Application Thread] PlayerShip [moveLeft Line: 139] - Moving Left
[DEBUG] 2026-08-02 01:20:59 [time 26103 ms] [JavaFX Application Thread] PlayerShip [moveLeft Line: 139] - Moving Left
[DEBUG] 2026-08-02 01:20:59 [time 26112 ms] [JavaFX Application Thread] PlayerShip [moveLeft Line: 139] - Moving Left
[DEBUG] 2026-08-02 01:20:59 [time 26403 ms] [JavaFX Application Thread] PlayerShip [moveBottom Line: 154] - Moving Bottom
[DEBUG] 2026-08-02 01:20:59 [time 26412 ms] [JavaFX Application Thread] PlayerShip [moveBottom Line: 154] - Moving Bottom
[DEBUG] 2026-08-02 01:20:59 [time 26420 ms] [JavaFX Application Thread] PlayerShip [moveBottom Line: 154] - Moving Bottom
[DEBUG] 2026-08-02 01:20:59 [time 26429 ms] [JavaFX Application Thread] PlayerShip [moveBottom Line: 154] - Moving Bottom
[DEBUG] 2026-08-02 01:20:59 [time 26437 ms] [JavaFX Application Thread] PlayerShip [moveBottom Line: 154] - Moving Bottom
[DEBUG] 2026-08-02 01:20:59 [time 26445 ms] [JavaFX Application Thread] PlayerShip [moveBottom Line: 154] - Moving Bottom
[DEBUG] 2026-08-02 01:21:00 [time 26453 ms] [JavaFX Application Thread] PlayerShip [moveBottom Line: 154] - Moving Bottom
[DEBUG] 2026-08-02 01:21:00 [time 26462 ms] [JavaFX Application Thread] PlayerShip [moveBottom Line: 154] - Moving Bottom
[DEBUG] 2026-08-02 01:21:00 [time 26470 ms] [JavaFX Application Thread] PlayerShip [moveBottom Line: 154] - Moving Bottom
[DEBUG] 2026-08-02 01:21:00 [time 26478 ms] [JavaFX Application Thread] PlayerShip [moveBottom Line: 154] - Moving Bottom
[DEBUG] 2026-08-02 01:21:00 [time 26487 ms] [JavaFX Application Thread] PlayerShip [moveBottom Line: 154] - Moving Bottom
[DEBUG] 2026-08-02 01:21:00 [time 26495 ms] [JavaFX Application Thread] PlayerShip [moveBottom Line: 154] - Moving Bottom
[DEBUG] 2026-08-02 01:21:00 [time 26503 ms] [JavaFX Application Thread] PlayerShip [moveBottom Line: 154] - Moving Bottom
[DEBUG] 2026-08-02 01:21:00 [time 26512 ms] [JavaFX Application Thread] PlayerShip [moveBottom Line: 154] - Moving Bottom
[DEBUG] 2026-08-02 01:21:00 [time 26520 ms] [JavaFX Application Thread] PlayerShip [moveBottom Line: 154] - Moving Bottom
[DEBUG] 2026-08-02 01:21:00 [time 26528 ms] [JavaFX Application Thread] PlayerShip [moveBottom Line: 154] - Moving Bottom
[DEBUG] 2026-08-02 01:21:00 [time 26537 ms] [JavaFX Application Thread] PlayerShip [moveBottom Line: 154] - Moving Bottom
[DEBUG] 2026-08-02 01:21:00 [time 26545 ms] [JavaFX Application Thread] PlayerShip [moveBottom Line: 154] - Moving Bottom
[DEBUG] 2026-08-02 01:21:00 [time 26553 ms] [JavaFX Application Thread] PlayerShip [moveBottom Line: 154] - Moving Bottom
[DEBUG] 2026-08-02 01:21:00 [time 26562 ms] [JavaFX Application Thread] PlayerShip [moveBottom Line: 154] - Moving Bottom
[DEBUG] 2026-08-02 01:21:00 [time 26570 ms] [JavaFX Application Thread] PlayerShip [moveBottom Line: 154] - Moving Bottom
[DEBUG] 2026-08-02 01:21:00 [time 26578 ms] [JavaFX Application Thread] PlayerShip [moveBottom Line: 154] - Moving Bottom
[DEBUG] 2026-08-02 01:21:00 [time 26587 ms] [JavaFX Application Thread] PlayerShip [moveBottom Line: 154] - Moving Bottom
[DEBUG] 2026-08-02 01:21:00 [time 26595 ms] [JavaFX Application Thread] PlayerShip [moveBottom Line: 154] - Moving Bottom
[DEBUG] 2026-08-02 01:21:00 [time 26603 ms] [JavaFX Application Thread] PlayerShip [moveBottom Line: 154] - Moving Bottom
[DEBUG] 2026-08-02 01:21:00 [time 26611 ms] [JavaFX Application Thread] PlayerShip [moveBottom Line: 154] - Moving Bottom
[DEBUG] 2026-08-02 01:21:00 [time 26620 ms] [JavaFX Application Thread] PlayerShip [moveBottom Line: 154] - Moving Bottom
[DEBUG] 2026-08-02 01:21:00 [time 26628 ms] [JavaFX Application Thread] PlayerShip [moveBottom Line: 154] - Moving Bottom
[DEBUG] 2026-08-02 01:21:00 [time 26637 ms] [JavaFX Application Thread] PlayerShip [moveBottom Line: 154] - Moving Bottom
[DEBUG] 2026-08-02 01:21:00 [time 26645 ms] [JavaFX Application Thread] PlayerShip [moveBottom Line: 154] - Moving Bottom
[DEBUG] 2026-08-02 01:21:00 [time 26653 ms] [JavaFX Application Thread] GameController [lambda$addEventListeners$0 Line: 59] - angle: -114.07549649555392, rotatedangle: -24.07549649555392
[DEBUG] 2026-08-02 01:21:00 [time 26653 ms] [JavaFX Application Thread] PlayerShip [moveBottom Line: 154] - Moving Bottom
[DEBUG] 2026-08-02 01:21:00 [time 26661 ms] [JavaFX Application Thread] GameController [lambda$addEventListeners$0 Line: 59] - angle: -111.66596184060147, rotatedangle: -21.66596184060147
[DEBUG] 2026-08-02 01:21:00 [time 26662 ms] [JavaFX Application Thread] PlayerShip [moveBottom Line: 154] - Moving Bottom
[DEBUG] 2026-08-02 01:21:00 [time 26669 ms] [JavaFX Application Thread] GameController [lambda$addEventListeners$0 Line: 59] - angle: -109.67785752120461, rotatedangle: -19.677857521204615
[DEBUG] 2026-08-02 01:21:00 [time 26670 ms] [JavaFX Application Thread] PlayerShip [moveBottom Line: 154] - Moving Bottom
[DEBUG] 2026-08-02 01:21:00 [time 26677 ms] [JavaFX Application Thread] GameController [lambda$addEventListeners$0 Line: 59] - angle: -108.10375631613853, rotatedangle: -18.10375631613853
[DEBUG] 2026-08-02 01:21:00 [time 26678 ms] [JavaFX Application Thread] PlayerShip [moveBottom Line: 154] - Moving Bottom
[DEBUG] 2026-08-02 01:21:00 [time 26685 ms] [JavaFX Application Thread] GameController [lambda$addEventListeners$0 Line: 59] - angle: -106.60124348701609, rotatedangle: -16.60124348701609
[DEBUG] 2026-08-02 01:21:00 [time 26687 ms] [JavaFX Application Thread] PlayerShip [moveBottom Line: 154] - Moving Bottom
[DEBUG] 2026-08-02 01:21:00 [time 26694 ms] [JavaFX Application Thread] GameController [lambda$addEventListeners$0 Line: 59] - angle: -105.48850144290968, rotatedangle: -15.48850144290968
[DEBUG] 2026-08-02 01:21:00 [time 26695 ms] [JavaFX Application Thread] PlayerShip [moveBottom Line: 154] - Moving Bottom
[DEBUG] 2026-08-02 01:21:00 [time 26702 ms] [JavaFX Application Thread] GameController [lambda$addEventListeners$0 Line: 59] - angle: -104.42974265940477, rotatedangle: -14.429742659404766
[DEBUG] 2026-08-02 01:21:00 [time 26703 ms] [JavaFX Application Thread] PlayerShip [moveBottom Line: 154] - Moving Bottom
[DEBUG] 2026-08-02 01:21:00 [time 26710 ms] [JavaFX Application Thread] GameController [lambda$addEventListeners$0 Line: 59] - angle: -103.72944752354404, rotatedangle: -13.729447523544039
[DEBUG] 2026-08-02 01:21:00 [time 26712 ms] [JavaFX Application Thread] PlayerShip [moveBottom Line: 154] - Moving Bottom
[DEBUG] 2026-08-02 01:21:00 [time 26718 ms] [JavaFX Application Thread] GameController [lambda$addEventListeners$0 Line: 59] - angle: -103.36396400137242, rotatedangle: -13.363964001372423
[DEBUG] 2026-08-02 01:21:00 [time 26720 ms] [JavaFX Application Thread] PlayerShip [moveBottom Line: 154] - Moving Bottom
[DEBUG] 2026-08-02 01:21:00 [time 26727 ms] [JavaFX Application Thread] GameController [lambda$addEventListeners$0 Line: 59] - angle: -102.65850930879766, rotatedangle: -12.658509308797662
[DEBUG] 2026-08-02 01:21:00 [time 26728 ms] [JavaFX Application Thread] PlayerShip [moveBottom Line: 154] - Moving Bottom
[DEBUG] 2026-08-02 01:21:00 [time 26735 ms] [JavaFX Application Thread] GameController [lambda$addEventListeners$0 Line: 59] - angle: -102.05398825197942, rotatedangle: -12.053988251979419
[DEBUG] 2026-08-02 01:21:00 [time 26737 ms] [JavaFX Application Thread] PlayerShip [moveBottom Line: 154] - Moving Bottom
[DEBUG] 2026-08-02 01:21:00 [time 26743 ms] [JavaFX Application Thread] GameController [lambda$addEventListeners$0 Line: 59] - angle: -101.7566792769562, rotatedangle: -11.756679276956206
[DEBUG] 2026-08-02 01:21:00 [time 26745 ms] [JavaFX Application Thread] PlayerShip [moveBottom Line: 154] - Moving Bottom
[DEBUG] 2026-08-02 01:21:00 [time 26752 ms] [JavaFX Application Thread] GameController [lambda$addEventListeners$0 Line: 59] - angle: -101.20079444785013, rotatedangle: -11.200794447850129
[DEBUG] 2026-08-02 01:21:00 [time 26753 ms] [JavaFX Application Thread] PlayerShip [moveBottom Line: 154] - Moving Bottom
[DEBUG] 2026-08-02 01:21:00 [time 26760 ms] [JavaFX Application Thread] GameController [lambda$addEventListeners$0 Line: 59] - angle: -100.88552861361798, rotatedangle: -10.885528613617979
[DEBUG] 2026-08-02 01:21:00 [time 26762 ms] [JavaFX Application Thread] PlayerShip [moveBottom Line: 154] - Moving Bottom
[DEBUG] 2026-08-02 01:21:00 [time 26768 ms] [JavaFX Application Thread] GameController [lambda$addEventListeners$0 Line: 59] - angle: -100.37584167582018, rotatedangle: -10.375841675820183
[DEBUG] 2026-08-02 01:21:00 [time 26770 ms] [JavaFX Application Thread] PlayerShip [moveBottom Line: 154] - Moving Bottom
[DEBUG] 2026-08-02 01:21:00 [time 26777 ms] [JavaFX Application Thread] GameController [lambda$addEventListeners$0 Line: 59] - angle: -99.63271807596807, rotatedangle: -9.632718075968072
[DEBUG] 2026-08-02 01:21:00 [time 26785 ms] [JavaFX Application Thread] GameController [lambda$addEventListeners$0 Line: 59] - angle: -99.08007286402672, rotatedangle: -9.080072864026718
[DEBUG] 2026-08-02 01:21:00 [time 26793 ms] [JavaFX Application Thread] GameController [lambda$addEventListeners$0 Line: 59] - angle: -98.05683524182228, rotatedangle: -8.056835241822284
[DEBUG] 2026-08-02 01:21:00 [time 26801 ms] [JavaFX Application Thread] GameController [lambda$addEventListeners$0 Line: 59] - angle: -97.50933446498429, rotatedangle: -7.509334464984292
[DEBUG] 2026-08-02 01:21:00 [time 26810 ms] [JavaFX Application Thread] GameController [lambda$addEventListeners$0 Line: 59] - angle: -96.96541602087989, rotatedangle: -6.965416020879886
[DEBUG] 2026-08-02 01:21:00 [time 26818 ms] [JavaFX Application Thread] GameController [lambda$addEventListeners$0 Line: 59] - angle: -95.94151628748727, rotatedangle: -5.941516287487275
[DEBUG] 2026-08-02 01:21:00 [time 26827 ms] [JavaFX Application Thread] GameController [lambda$addEventListeners$0 Line: 59] - angle: -95.14788412027664, rotatedangle: -5.147884120276643
[DEBUG] 2026-08-02 01:21:00 [time 26835 ms] [JavaFX Application Thread] GameController [lambda$addEventListeners$0 Line: 59] - angle: -94.61476236839725, rotatedangle: -4.614762368397251
[DEBUG] 2026-08-02 01:21:00 [time 26844 ms] [JavaFX Application Thread] GameController [lambda$addEventListeners$0 Line: 59] - angle: -94.10387965287423, rotatedangle: -4.103879652874227
[DEBUG] 2026-08-02 01:21:00 [time 26849 ms] [JavaFX Application Thread] GameController [lambda$addEventListeners$0 Line: 59] - angle: -93.57633024423286, rotatedangle: -3.5763302442328637
[DEBUG] 2026-08-02 01:21:00 [time 26854 ms] [JavaFX Application Thread] PlayerShip [moveLeft Line: 139] - Moving Left
[DEBUG] 2026-08-02 01:21:00 [time 26860 ms] [JavaFX Application Thread] GameController [lambda$addEventListeners$0 Line: 59] - angle: -91.78990683093701, rotatedangle: -1.7899068309370136
[DEBUG] 2026-08-02 01:21:00 [time 26862 ms] [JavaFX Application Thread] PlayerShip [moveLeft Line: 139] - Moving Left
[DEBUG] 2026-08-02 01:21:00 [time 26866 ms] [JavaFX Application Thread] GameController [lambda$addEventListeners$0 Line: 59] - angle: -90.25464623227286, rotatedangle: -0.25464623227286154
[DEBUG] 2026-08-02 01:21:00 [time 26870 ms] [JavaFX Application Thread] PlayerShip [moveLeft Line: 139] - Moving Left
[DEBUG] 2026-08-02 01:21:00 [time 26874 ms] [JavaFX Application Thread] GameController [lambda$addEventListeners$0 Line: 59] - angle: -88.72697394994834, rotatedangle: 1.273026050051655
[DEBUG] 2026-08-02 01:21:00 [time 26878 ms] [JavaFX Application Thread] PlayerShip [moveLeft Line: 139] - Moving Left
[DEBUG] 2026-08-02 01:21:00 [time 26882 ms] [JavaFX Application Thread] GameController [lambda$addEventListeners$0 Line: 59] - angle: -87.20110148642367, rotatedangle: 2.798898513576333
[DEBUG] 2026-08-02 01:21:00 [time 26887 ms] [JavaFX Application Thread] PlayerShip [moveLeft Line: 139] - Moving Left
[DEBUG] 2026-08-02 01:21:00 [time 26890 ms] [JavaFX Application Thread] GameController [lambda$addEventListeners$0 Line: 59] - angle: -85.93248043341985, rotatedangle: 4.067519566580145
[DEBUG] 2026-08-02 01:21:00 [time 26895 ms] [JavaFX Application Thread] PlayerShip [moveLeft Line: 139] - Moving Left
[DEBUG] 2026-08-02 01:21:00 [time 26898 ms] [JavaFX Application Thread] GameController [lambda$addEventListeners$0 Line: 59] - angle: -84.41549772301306, rotatedangle: 5.584502276986939
[DEBUG] 2026-08-02 01:21:00 [time 26903 ms] [JavaFX Application Thread] PlayerShip [moveLeft Line: 139] - Moving Left
[DEBUG] 2026-08-02 01:21:00 [time 26907 ms] [JavaFX Application Thread] GameController [lambda$addEventListeners$0 Line: 59] - angle: -83.15722658736907, rotatedangle: 6.842773412630933
[DEBUG] 2026-08-02 01:21:00 [time 26912 ms] [JavaFX Application Thread] PlayerShip [moveLeft Line: 139] - Moving Left
[DEBUG] 2026-08-02 01:21:00 [time 26915 ms] [JavaFX Application Thread] GameController [lambda$addEventListeners$0 Line: 59] - angle: -81.90554716748085, rotatedangle: 8.094452832519153
[DEBUG] 2026-08-02 01:21:00 [time 26919 ms] [JavaFX Application Thread] PlayerShip [moveLeft Line: 139] - Moving Left
[DEBUG] 2026-08-02 01:21:00 [time 26923 ms] [JavaFX Application Thread] GameController [lambda$addEventListeners$0 Line: 59] - angle: -80.66160186259812, rotatedangle: 9.338398137401882
[DEBUG] 2026-08-02 01:21:00 [time 26928 ms] [JavaFX Application Thread] PlayerShip [moveLeft Line: 139] - Moving Left
[DEBUG] 2026-08-02 01:21:00 [time 26937 ms] [JavaFX Application Thread] PlayerShip [moveLeft Line: 139] - Moving Left
[DEBUG] 2026-08-02 01:21:00 [time 26939 ms] [JavaFX Application Thread] GameController [lambda$addEventListeners$0 Line: 59] - angle: -78.25196050326035, rotatedangle: 11.74803949673965
[DEBUG] 2026-08-02 01:21:00 [time 26945 ms] [JavaFX Application Thread] PlayerShip [moveLeft Line: 139] - Moving Left
[DEBUG] 2026-08-02 01:21:00 [time 26947 ms] [JavaFX Application Thread] GameController [lambda$addEventListeners$0 Line: 59] - angle: -77.04242442516012, rotatedangle: 12.957575574839879
[DEBUG] 2026-08-02 01:21:00 [time 26953 ms] [JavaFX Application Thread] PlayerShip [moveLeft Line: 139] - Moving Left
[DEBUG] 2026-08-02 01:21:00 [time 26956 ms] [JavaFX Application Thread] GameController [lambda$addEventListeners$0 Line: 59] - angle: -76.08312256669873, rotatedangle: 13.916877433301266
[DEBUG] 2026-08-02 01:21:00 [time 26962 ms] [JavaFX Application Thread] PlayerShip [moveLeft Line: 139] - Moving Left
[DEBUG] 2026-08-02 01:21:00 [time 26964 ms] [JavaFX Application Thread] GameController [lambda$addEventListeners$0 Line: 59] - angle: -75.36880427554186, rotatedangle: 14.631195724458138
[DEBUG] 2026-08-02 01:21:00 [time 26970 ms] [JavaFX Application Thread] PlayerShip [moveLeft Line: 139] - Moving Left
[DEBUG] 2026-08-02 01:21:00 [time 26972 ms] [JavaFX Application Thread] GameController [lambda$addEventListeners$0 Line: 59] - angle: -75.43051422228265, rotatedangle: 14.569485777717347
[DEBUG] 2026-08-02 01:21:00 [time 26978 ms] [JavaFX Application Thread] PlayerShip [moveLeft Line: 139] - Moving Left
[DEBUG] 2026-08-02 01:21:00 [time 26980 ms] [JavaFX Application Thread] GameController [lambda$addEventListeners$0 Line: 59] - angle: -74.72352878583204, rotatedangle: 15.276471214167955
[DEBUG] 2026-08-02 01:21:00 [time 26987 ms] [JavaFX Application Thread] PlayerShip [moveLeft Line: 139] - Moving Left
[DEBUG] 2026-08-02 01:21:00 [time 26988 ms] [JavaFX Application Thread] GameController [lambda$addEventListeners$0 Line: 59] - angle: -74.32047332088818, rotatedangle: 15.679526679111817
[DEBUG] 2026-08-02 01:21:00 [time 26995 ms] [JavaFX Application Thread] PlayerShip [moveLeft Line: 139] - Moving Left
[DEBUG] 2026-08-02 01:21:00 [time 26996 ms] [JavaFX Application Thread] GameController [lambda$addEventListeners$0 Line: 59] - angle: -73.85565665752819, rotatedangle: 16.144343342471814
[DEBUG] 2026-08-02 01:21:00 [time 27003 ms] [JavaFX Application Thread] PlayerShip [moveLeft Line: 139] - Moving Left
[DEBUG] 2026-08-02 01:21:00 [time 27004 ms] [JavaFX Application Thread] GameController [lambda$addEventListeners$0 Line: 59] - angle: -73.3930218924522, rotatedangle: 16.606978107547803
[DEBUG] 2026-08-02 01:21:00 [time 27012 ms] [JavaFX Application Thread] PlayerShip [moveLeft Line: 139] - Moving Left
[DEBUG] 2026-08-02 01:21:00 [time 27013 ms] [JavaFX Application Thread] GameController [lambda$addEventListeners$0 Line: 59] - angle: -72.70323036160262, rotatedangle: 17.29676963839738
[DEBUG] 2026-08-02 01:21:00 [time 27020 ms] [JavaFX Application Thread] PlayerShip [moveLeft Line: 139] - Moving Left
[DEBUG] 2026-08-02 01:21:00 [time 27021 ms] [JavaFX Application Thread] GameController [lambda$addEventListeners$0 Line: 59] - angle: -71.79151785132089, rotatedangle: 18.20848214867911
[DEBUG] 2026-08-02 01:21:00 [time 27028 ms] [JavaFX Application Thread] PlayerShip [moveLeft Line: 139] - Moving Left
[DEBUG] 2026-08-02 01:21:00 [time 27029 ms] [JavaFX Application Thread] GameController [lambda$addEventListeners$0 Line: 59] - angle: -70.88925000808318, rotatedangle: 19.11074999191682
[DEBUG] 2026-08-02 01:21:00 [time 27037 ms] [JavaFX Application Thread] PlayerShip [moveLeft Line: 139] - Moving Left
[DEBUG] 2026-08-02 01:21:00 [time 27037 ms] [JavaFX Application Thread] GameController [lambda$addEventListeners$0 Line: 59] - angle: -69.77514056883193, rotatedangle: 20.22485943116807
[DEBUG] 2026-08-02 01:21:00 [time 27045 ms] [JavaFX Application Thread] PlayerShip [moveLeft Line: 139] - Moving Left
[DEBUG] 2026-08-02 01:21:00 [time 27053 ms] [JavaFX Application Thread] GameController [lambda$addEventListeners$0 Line: 59] - angle: -68.67677136766488, rotatedangle: 21.323228632335116
[DEBUG] 2026-08-02 01:21:00 [time 27053 ms] [JavaFX Application Thread] PlayerShip [moveLeft Line: 139] - Moving Left
[DEBUG] 2026-08-02 01:21:00 [time 27062 ms] [JavaFX Application Thread] PlayerShip [moveLeft Line: 139] - Moving Left
[DEBUG] 2026-08-02 01:21:00 [time 27062 ms] [JavaFX Application Thread] GameController [lambda$addEventListeners$0 Line: 59] - angle: -66.43685548806809, rotatedangle: 23.56314451193191
[DEBUG] 2026-08-02 01:21:00 [time 27070 ms] [JavaFX Application Thread] GameController [lambda$addEventListeners$0 Line: 59] - angle: -66.43686013522516, rotatedangle: 23.56313986477484
[DEBUG] 2026-08-02 01:21:00 [time 27070 ms] [JavaFX Application Thread] PlayerShip [moveLeft Line: 139] - Moving Left
[DEBUG] 2026-08-02 01:21:00 [time 27078 ms] [JavaFX Application Thread] GameController [lambda$addEventListeners$0 Line: 59] - angle: -65.3851298446795, rotatedangle: 24.614870155320503
[DEBUG] 2026-08-02 01:21:00 [time 27078 ms] [JavaFX Application Thread] PlayerShip [moveLeft Line: 139] - Moving Left
[DEBUG] 2026-08-02 01:21:00 [time 27087 ms] [JavaFX Application Thread] PlayerShip [moveLeft Line: 139] - Moving Left
[DEBUG] 2026-08-02 01:21:00 [time 27095 ms] [JavaFX Application Thread] PlayerShip [moveLeft Line: 139] - Moving Left
[DEBUG] 2026-08-02 01:21:00 [time 27103 ms] [JavaFX Application Thread] GameController [lambda$addEventListeners$0 Line: 59] - angle: -62.33516493335028, rotatedangle: 27.664835066649722
[DEBUG] 2026-08-02 01:21:00 [time 27103 ms] [JavaFX Application Thread] PlayerShip [moveLeft Line: 139] - Moving Left
[DEBUG] 2026-08-02 01:21:00 [time 27111 ms] [JavaFX Application Thread] GameController [lambda$addEventListeners$0 Line: 59] - angle: -61.1601466925636, rotatedangle: 28.8398533074364
[DEBUG] 2026-08-02 01:21:00 [time 27112 ms] [JavaFX Application Thread] PlayerShip [moveLeft Line: 139] - Moving Left
[DEBUG] 2026-08-02 01:21:00 [time 27119 ms] [JavaFX Application Thread] GameController [lambda$addEventListeners$0 Line: 59] - angle: -60.200780850810034, rotatedangle: 29.799219149189966
[DEBUG] 2026-08-02 01:21:00 [time 27120 ms] [JavaFX Application Thread] PlayerShip [moveLeft Line: 139] - Moving Left
[DEBUG] 2026-08-02 01:21:00 [time 27128 ms] [JavaFX Application Thread] PlayerShip [moveLeft Line: 139] - Moving Left
[DEBUG] 2026-08-02 01:21:00 [time 27137 ms] [JavaFX Application Thread] PlayerShip [moveLeft Line: 139] - Moving Left
[DEBUG] 2026-08-02 01:21:00 [time 27145 ms] [JavaFX Application Thread] PlayerShip [moveLeft Line: 139] - Moving Left
[DEBUG] 2026-08-02 01:21:00 [time 27153 ms] [JavaFX Application Thread] PlayerShip [moveLeft Line: 139] - Moving Left
[DEBUG] 2026-08-02 01:21:00 [time 27161 ms] [JavaFX Application Thread] GameController [lambda$setUpKeyEvents$8 Line: 86] - PlayerShip shoot bullet
[DEBUG] 2026-08-02 01:21:00 [time 27162 ms] [JavaFX Application Thread] PlayerShip [moveLeft Line: 139] - Moving Left
[DEBUG] 2026-08-02 01:21:00 [time 27170 ms] [JavaFX Application Thread] PlayerShip [moveLeft Line: 139] - Moving Left
[DEBUG] 2026-08-02 01:21:00 [time 27178 ms] [JavaFX Application Thread] PlayerShip [moveLeft Line: 139] - Moving Left
[DEBUG] 2026-08-02 01:21:00 [time 27187 ms] [JavaFX Application Thread] PlayerShip [moveLeft Line: 139] - Moving Left
[DEBUG] 2026-08-02 01:21:00 [time 27195 ms] [JavaFX Application Thread] PlayerShip [moveLeft Line: 139] - Moving Left
[DEBUG] 2026-08-02 01:21:00 [time 27203 ms] [JavaFX Application Thread] PlayerShip [moveLeft Line: 139] - Moving Left
[DEBUG] 2026-08-02 01:21:00 [time 27212 ms] [JavaFX Application Thread] PlayerShip [moveLeft Line: 139] - Moving Left
[DEBUG] 2026-08-02 01:21:00 [time 27220 ms] [JavaFX Application Thread] PlayerShip [moveLeft Line: 139] - Moving Left
[DEBUG] 2026-08-02 01:21:00 [time 27229 ms] [JavaFX Application Thread] PlayerShip [moveLeft Line: 139] - Moving Left
[DEBUG] 2026-08-02 01:21:00 [time 27237 ms] [JavaFX Application Thread] PlayerShip [moveLeft Line: 139] - Moving Left
[DEBUG] 2026-08-02 01:21:00 [time 27245 ms] [JavaFX Application Thread] PlayerShip [moveLeft Line: 139] - Moving Left
[DEBUG] 2026-08-02 01:21:00 [time 27253 ms] [JavaFX Application Thread] PlayerShip [moveLeft Line: 139] - Moving Left
[DEBUG] 2026-08-02 01:21:00 [time 27262 ms] [JavaFX Application Thread] PlayerShip [moveLeft Line: 139] - Moving Left
[DEBUG] 2026-08-02 01:21:00 [time 27270 ms] [JavaFX Application Thread] PlayerShip [moveLeft Line: 139] - Moving Left
[DEBUG] 2026-08-02 01:21:00 [time 27278 ms] [JavaFX Application Thread] PlayerShip [moveLeft Line: 139] - Moving Left
[ INFO] 2026-08-02 01:21:00 [time 27295 ms] [JavaFX Application Thread] GameController [updateAndCollidePlayerBullet Line: 407] - Current Score: 13
[DEBUG] 2026-08-02 01:21:00 [time 27364 ms] [JavaFX Application Thread] GameController [lambda$setUpKeyEvents$8 Line: 86] - PlayerShip shoot bullet
[DEBUG] 2026-08-02 01:21:01 [time 27528 ms] [JavaFX Application Thread] GameController [lambda$setUpKeyEvents$8 Line: 86] - PlayerShip shoot bullet
[ INFO] 2026-08-02 01:21:01 [time 27604 ms] [JavaFX Application Thread] GameController [updateAndCollidePlayerBullet Line: 407] - Current Score: 15
[DEBUG] 2026-08-02 01:21:01 [time 27611 ms] [JavaFX Application Thread] PlayerShip [moveBottom Line: 154] - Moving Bottom
[DEBUG] 2026-08-02 01:21:01 [time 27620 ms] [JavaFX Application Thread] PlayerShip [moveBottom Line: 154] - Moving Bottom
[DEBUG] 2026-08-02 01:21:01 [time 27628 ms] [JavaFX Application Thread] PlayerShip [moveBottom Line: 154] - Moving Bottom
[DEBUG] 2026-08-02 01:21:01 [time 27637 ms] [JavaFX Application Thread] PlayerShip [moveBottom Line: 154] - Moving Bottom
[DEBUG] 2026-08-02 01:21:01 [time 27645 ms] [JavaFX Application Thread] PlayerShip [moveBottom Line: 154] - Moving Bottom
[DEBUG] 2026-08-02 01:21:01 [time 27653 ms] [JavaFX Application Thread] PlayerShip [moveBottom Line: 154] - Moving Bottom
[DEBUG] 2026-08-02 01:21:01 [time 27662 ms] [JavaFX Application Thread] PlayerShip [moveBottom Line: 154] - Moving Bottom
[DEBUG] 2026-08-02 01:21:01 [time 27670 ms] [JavaFX Application Thread] PlayerShip [moveBottom Line: 154] - Moving Bottom
[DEBUG] 2026-08-02 01:21:01 [time 27678 ms] [JavaFX Application Thread] PlayerShip [moveBottom Line: 154] - Moving Bottom
[DEBUG] 2026-08-02 01:21:01 [time 27687 ms] [JavaFX Application Thread] PlayerShip [moveBottom Line: 154] - Moving Bottom
[DEBUG] 2026-08-02 01:21:01 [time 27695 ms] [JavaFX Application Thread] PlayerShip [moveBottom Line: 154] - Moving Bottom
[DEBUG] 2026-08-02 01:21:01 [time 27703 ms] [JavaFX Application Thread] PlayerShip [moveBottom Line: 154] - Moving Bottom
[DEBUG] 2026-08-02 01:21:01 [time 27712 ms] [JavaFX Application Thread] PlayerShip [moveBottom Line: 154] - Moving Bottom
[DEBUG] 2026-08-02 01:21:01 [time 27720 ms] [JavaFX Application Thread] GameController [lambda$addEventListeners$0 Line: 59] - angle: -51.773512712868886, rotatedangle: 38.226487287131114
[DEBUG] 2026-08-02 01:21:01 [time 27720 ms] [JavaFX Application Thread] PlayerShip [moveBottom Line: 154] - Moving Bottom
[DEBUG] 2026-08-02 01:21:01 [time 27728 ms] [JavaFX Application Thread] GameController [lambda$addEventListeners$0 Line: 59] - angle: -52.15183379635118, rotatedangle: 37.84816620364882
[DEBUG] 2026-08-02 01:21:01 [time 27728 ms] [JavaFX Application Thread] PlayerShip [moveBottom Line: 154] - Moving Bottom
[DEBUG] 2026-08-02 01:21:01 [time 27735 ms] [JavaFX Application Thread] GameController [lambda$addEventListeners$0 Line: 59] - angle: -52.43140797117251, rotatedangle: 37.56859202882749
[DEBUG] 2026-08-02 01:21:01 [time 27737 ms] [JavaFX Application Thread] PlayerShip [moveBottom Line: 154] - Moving Bottom
[DEBUG] 2026-08-02 01:21:01 [time 27743 ms] [JavaFX Application Thread] GameController [lambda$addEventListeners$0 Line: 59] - angle: -52.79873988601247, rotatedangle: 37.20126011398753
[ INFO] 2026-08-02 01:21:01 [time 27745 ms] [JavaFX Application Thread] GameController [updateAndCollidePlayerBullet Line: 360] - Current Score: 16
[DEBUG] 2026-08-02 01:21:01 [time 27749 ms] [JavaFX Application Thread] PlayerShip [moveBottom Line: 154] - Moving Bottom
[DEBUG] 2026-08-02 01:21:01 [time 27752 ms] [JavaFX Application Thread] GameController [lambda$addEventListeners$0 Line: 59] - angle: -52.98010800860475, rotatedangle: 37.01989199139525
[DEBUG] 2026-08-02 01:21:01 [time 27754 ms] [JavaFX Application Thread] PlayerShip [moveBottom Line: 154] - Moving Bottom
[DEBUG] 2026-08-02 01:21:01 [time 27761 ms] [JavaFX Application Thread] GameController [lambda$addEventListeners$0 Line: 59] - angle: -53.27969662010387, rotatedangle: 36.72030337989613
[DEBUG] 2026-08-02 01:21:01 [time 27762 ms] [JavaFX Application Thread] PlayerShip [moveBottom Line: 154] - Moving Bottom
[DEBUG] 2026-08-02 01:21:01 [time 27768 ms] [JavaFX Application Thread] GameController [lambda$addEventListeners$0 Line: 59] - angle: -53.3997978330525, rotatedangle: 36.6002021669475
[DEBUG] 2026-08-02 01:21:01 [time 27770 ms] [JavaFX Application Thread] PlayerShip [moveBottom Line: 154] - Moving Bottom
[DEBUG] 2026-08-02 01:21:01 [time 27776 ms] [JavaFX Application Thread] GameController [lambda$addEventListeners$0 Line: 59] - angle: -53.46216058298841, rotatedangle: 36.53783941701159
[DEBUG] 2026-08-02 01:21:01 [time 27778 ms] [JavaFX Application Thread] PlayerShip [moveBottom Line: 154] - Moving Bottom
[DEBUG] 2026-08-02 01:21:01 [time 27782 ms] [JavaFX Application Thread] GameController [lambda$addEventListeners$0 Line: 59] - angle: -53.70546619820648, rotatedangle: 36.29453380179352
[DEBUG] 2026-08-02 01:21:01 [time 27787 ms] [JavaFX Application Thread] PlayerShip [moveBottom Line: 154] - Moving Bottom
[DEBUG] 2026-08-02 01:21:01 [time 27790 ms] [JavaFX Application Thread] GameController [lambda$addEventListeners$0 Line: 59] - angle: -53.98383197372208, rotatedangle: 36.01616802627792
[DEBUG] 2026-08-02 01:21:01 [time 27795 ms] [JavaFX Application Thread] PlayerShip [moveBottom Line: 154] - Moving Bottom
[DEBUG] 2026-08-02 01:21:01 [time 27798 ms] [JavaFX Application Thread] GameController [lambda$addEventListeners$0 Line: 59] - angle: -54.26604591372089, rotatedangle: 35.73395408627911
[DEBUG] 2026-08-02 01:21:01 [time 27803 ms] [JavaFX Application Thread] PlayerShip [moveBottom Line: 154] - Moving Bottom
[DEBUG] 2026-08-02 01:21:01 [time 27807 ms] [JavaFX Application Thread] GameController [lambda$addEventListeners$0 Line: 59] - angle: -54.678257602641324, rotatedangle: 35.321742397358676
[DEBUG] 2026-08-02 01:21:01 [time 27812 ms] [JavaFX Application Thread] PlayerShip [moveBottom Line: 154] - Moving Bottom
[DEBUG] 2026-08-02 01:21:01 [time 27815 ms] [JavaFX Application Thread] GameController [lambda$addEventListeners$0 Line: 59] - angle: -55.07106964998194, rotatedangle: 34.92893035001806
[DEBUG] 2026-08-02 01:21:01 [time 27823 ms] [JavaFX Application Thread] GameController [lambda$addEventListeners$0 Line: 59] - angle: -55.058946063782116, rotatedangle: 34.941053936217884
[DEBUG] 2026-08-02 01:21:01 [time 27832 ms] [JavaFX Application Thread] GameController [lambda$addEventListeners$0 Line: 59] - angle: -55.085476597853635, rotatedangle: 34.914523402146365
[DEBUG] 2026-08-02 01:21:01 [time 27839 ms] [JavaFX Application Thread] GameController [lambda$addEventListeners$0 Line: 59] - angle: -55.16416963584511, rotatedangle: 34.83583036415489
[DEBUG] 2026-08-02 01:21:01 [time 27848 ms] [JavaFX Application Thread] GameController [lambda$addEventListeners$0 Line: 59] - angle: -55.33515634753611, rotatedangle: 34.66484365246389
[DEBUG] 2026-08-02 01:21:01 [time 27856 ms] [JavaFX Application Thread] GameController [lambda$addEventListeners$0 Line: 59] - angle: -55.28451719101638, rotatedangle: 34.71548280898362
[DEBUG] 2026-08-02 01:21:01 [time 27864 ms] [JavaFX Application Thread] GameController [lambda$addEventListeners$0 Line: 59] - angle: -55.41685158193682, rotatedangle: 34.58314841806318
[DEBUG] 2026-08-02 01:21:01 [time 27873 ms] [JavaFX Application Thread] GameController [lambda$addEventListeners$0 Line: 59] - angle: -55.499836525379266, rotatedangle: 34.500163474620734
[DEBUG] 2026-08-02 01:21:01 [time 27881 ms] [JavaFX Application Thread] GameController [lambda$addEventListeners$0 Line: 59] - angle: -55.49983123481901, rotatedangle: 34.50016876518099
[DEBUG] 2026-08-02 01:21:01 [time 27889 ms] [JavaFX Application Thread] GameController [lambda$addEventListeners$0 Line: 59] - angle: -55.54182022478379, rotatedangle: 34.45817977521621
[DEBUG] 2026-08-02 01:21:01 [time 27898 ms] [JavaFX Application Thread] GameController [lambda$addEventListeners$0 Line: 59] - angle: -55.58413435281443, rotatedangle: 34.41586564718557
[DEBUG] 2026-08-02 01:21:01 [time 27906 ms] [JavaFX Application Thread] GameController [lambda$addEventListeners$0 Line: 59] - angle: -55.49147417799413, rotatedangle: 34.50852582200587
[DEBUG] 2026-08-02 01:21:01 [time 27913 ms] [JavaFX Application Thread] GameController [lambda$addEventListeners$0 Line: 59] - angle: -55.440491072044786, rotatedangle: 34.559508927955214
[DEBUG] 2026-08-02 01:21:01 [time 27922 ms] [JavaFX Application Thread] GameController [lambda$addEventListeners$0 Line: 59] - angle: -55.38885526034349, rotatedangle: 34.61114473965651
[DEBUG] 2026-08-02 01:21:01 [time 27930 ms] [JavaFX Application Thread] GameController [lambda$addEventListeners$0 Line: 59] - angle: -55.474240947179155, rotatedangle: 34.525759052820845
[DEBUG] 2026-08-02 01:21:01 [time 27939 ms] [JavaFX Application Thread] GameController [lambda$addEventListeners$0 Line: 59] - angle: -55.36919667867101, rotatedangle: 34.63080332132899
[DEBUG] 2026-08-02 01:21:01 [time 27946 ms] [JavaFX Application Thread] GameController [lambda$addEventListeners$0 Line: 59] - angle: -55.40282211291054, rotatedangle: 34.59717788708946
[DEBUG] 2026-08-02 01:21:01 [time 27955 ms] [JavaFX Application Thread] GameController [lambda$addEventListeners$0 Line: 59] - angle: -55.43747871817713, rotatedangle: 34.56252128182287
[DEBUG] 2026-08-02 01:21:01 [time 27963 ms] [JavaFX Application Thread] GameController [lambda$addEventListeners$0 Line: 59] - angle: -55.47319793191392, rotatedangle: 34.52680206808608
[DEBUG] 2026-08-02 01:21:01 [time 27971 ms] [JavaFX Application Thread] GameController [lambda$addEventListeners$0 Line: 59] - angle: -55.65887520236265, rotatedangle: 34.34112479763735
[DEBUG] 2026-08-02 01:21:01 [time 27979 ms] [JavaFX Application Thread] GameController [lambda$addEventListeners$0 Line: 59] - angle: -55.74771939719216, rotatedangle: 34.25228060280784
[DEBUG] 2026-08-02 01:21:01 [time 27987 ms] [JavaFX Application Thread] GameController [lambda$addEventListeners$0 Line: 59] - angle: -55.74112741708523, rotatedangle: 34.25887258291477
[DEBUG] 2026-08-02 01:21:01 [time 27995 ms] [JavaFX Application Thread] GameController [lambda$addEventListeners$0 Line: 59] - angle: -55.83467480810453, rotatedangle: 34.16532519189547
[DEBUG] 2026-08-02 01:21:01 [time 28003 ms] [JavaFX Application Thread] GameController [lambda$addEventListeners$0 Line: 59] - angle: -56.04093647284207, rotatedangle: 33.95906352715793
[DEBUG] 2026-08-02 01:21:01 [time 28012 ms] [JavaFX Application Thread] GameController [lambda$addEventListeners$0 Line: 59] - angle: -56.20079737553457, rotatedangle: 33.79920262446543
[DEBUG] 2026-08-02 01:21:01 [time 28020 ms] [JavaFX Application Thread] GameController [lambda$addEventListeners$0 Line: 59] - angle: -56.25441714026979, rotatedangle: 33.74558285973021
[DEBUG] 2026-08-02 01:21:01 [time 28028 ms] [JavaFX Application Thread] GameController [lambda$addEventListeners$0 Line: 59] - angle: -56.253705461131815, rotatedangle: 33.746294538868185
[DEBUG] 2026-08-02 01:21:01 [time 28036 ms] [JavaFX Application Thread] GameController [lambda$addEventListeners$0 Line: 59] - angle: -56.30993203157883, rotatedangle: 33.69006796842117
[DEBUG] 2026-08-02 01:21:01 [time 28044 ms] [JavaFX Application Thread] GameController [lambda$addEventListeners$0 Line: 59] - angle: -56.36900026702524, rotatedangle: 33.63099973297476
[DEBUG] 2026-08-02 01:21:01 [time 28052 ms] [JavaFX Application Thread] GameController [lambda$addEventListeners$0 Line: 59] - angle: -56.24904059243445, rotatedangle: 33.75095940756555
[DEBUG] 2026-08-02 01:21:01 [time 28061 ms] [JavaFX Application Thread] GameController [lambda$addEventListeners$0 Line: 59] - angle: -56.056409559068705, rotatedangle: 33.943590440931295
[DEBUG] 2026-08-02 01:21:01 [time 28069 ms] [JavaFX Application Thread] GameController [lambda$addEventListeners$0 Line: 59] - angle: -55.69460717051523, rotatedangle: 34.30539282948477
[DEBUG] 2026-08-02 01:21:01 [time 28077 ms] [JavaFX Application Thread] GameController [lambda$addEventListeners$0 Line: 59] - angle: -55.35509070656708, rotatedangle: 34.64490929343292
[DEBUG] 2026-08-02 01:21:01 [time 28085 ms] [JavaFX Application Thread] GameController [lambda$addEventListeners$0 Line: 59] - angle: -55.07629694644303, rotatedangle: 34.92370305355697
[DEBUG] 2026-08-02 01:21:01 [time 28094 ms] [JavaFX Application Thread] GameController [lambda$addEventListeners$0 Line: 59] - angle: -54.392448811632455, rotatedangle: 35.607551188367545
[DEBUG] 2026-08-02 01:21:01 [time 28102 ms] [JavaFX Application Thread] GameController [lambda$addEventListeners$0 Line: 59] - angle: -54.16234704572171, rotatedangle: 35.83765295427829
[DEBUG] 2026-08-02 01:21:01 [time 28110 ms] [JavaFX Application Thread] GameController [lambda$addEventListeners$0 Line: 59] - angle: -54.1922430928458, rotatedangle: 35.8077569071542
[DEBUG] 2026-08-02 01:21:01 [time 28118 ms] [JavaFX Application Thread] GameController [lambda$addEventListeners$0 Line: 59] - angle: -54.46232220802562, rotatedangle: 35.53767779197438
[DEBUG] 2026-08-02 01:21:01 [time 28127 ms] [JavaFX Application Thread] GameController [lambda$addEventListeners$0 Line: 59] - angle: -54.88799524293989, rotatedangle: 35.11200475706011
[DEBUG] 2026-08-02 01:21:01 [time 28135 ms] [JavaFX Application Thread] GameController [lambda$addEventListeners$0 Line: 59] - angle: -55.47202760331383, rotatedangle: 34.52797239668617
[DEBUG] 2026-08-02 01:21:01 [time 28143 ms] [JavaFX Application Thread] GameController [lambda$addEventListeners$0 Line: 59] - angle: -55.98864450516488, rotatedangle: 34.01135549483512
[DEBUG] 2026-08-02 01:21:01 [time 28152 ms] [JavaFX Application Thread] GameController [lambda$addEventListeners$0 Line: 59] - angle: -56.63363399894044, rotatedangle: 33.36636600105956
[DEBUG] 2026-08-02 01:21:01 [time 28160 ms] [JavaFX Application Thread] GameController [lambda$addEventListeners$0 Line: 59] - angle: -57.07528769340991, rotatedangle: 32.92471230659009
[DEBUG] 2026-08-02 01:21:01 [time 28168 ms] [JavaFX Application Thread] GameController [lambda$addEventListeners$0 Line: 59] - angle: -57.742028658184864, rotatedangle: 32.257971341815136
[DEBUG] 2026-08-02 01:21:01 [time 28176 ms] [JavaFX Application Thread] GameController [lambda$addEventListeners$0 Line: 59] - angle: -57.74202218930902, rotatedangle: 32.25797781069098
[DEBUG] 2026-08-02 01:21:01 [time 28184 ms] [JavaFX Application Thread] GameController [lambda$addEventListeners$0 Line: 59] - angle: -58.079131185498625, rotatedangle: 31.920868814501375
[DEBUG] 2026-08-02 01:21:01 [time 28193 ms] [JavaFX Application Thread] GameController [lambda$addEventListeners$0 Line: 59] - angle: -58.41872187132626, rotatedangle: 31.581278128673738
[DEBUG] 2026-08-02 01:21:01 [time 28201 ms] [JavaFX Application Thread] GameController [lambda$addEventListeners$0 Line: 59] - angle: -58.41870707930331, rotatedangle: 31.58129292069669
[DEBUG] 2026-08-02 01:21:01 [time 28217 ms] [JavaFX Application Thread] GameController [lambda$addEventListeners$0 Line: 59] - angle: -58.760785111791236, rotatedangle: 31.239214888208764
[ INFO] 2026-08-02 01:21:01 [time 28220 ms] [JavaFX Application Thread] PlayerShip [updateAndCollidePlayerShip Line: 618] - PlayerShip collided with enemy bullet
[ INFO] 2026-08-02 01:21:01 [time 28222 ms] [JavaFX Application Thread] PlayerShip [updateAndCollidePlayerShip Line: 673] - Remaining Life: 0
[DEBUG] 2026-08-02 01:21:01 [time 28226 ms] [JavaFX Application Thread] GameController [lambda$addEventListeners$0 Line: 59] - angle: 153.4349468359581, rotatedangle: 243.4349468359581
[DEBUG] 2026-08-02 01:21:01 [time 28240 ms] [JavaFX Application Thread] GameController [lambda$addEventListeners$0 Line: 59] - angle: 153.43495677077905, rotatedangle: 243.43495677077905
[DEBUG] 2026-08-02 01:21:01 [time 28249 ms] [JavaFX Application Thread] GameController [lambda$addEventListeners$0 Line: 59] - angle: 153.434948822922, rotatedangle: 243.434948822922
[DEBUG] 2026-08-02 01:21:02 [time 28519 ms] [JavaFX Application Thread] GameController [lambda$setUpKeyEvents$8 Line: 86] - PlayerShip shoot bullet
[ INFO] 2026-08-02 01:21:02 [time 28612 ms] [JavaFX Application Thread] GameController [updateAndCollidePlayerBullet Line: 407] - Current Score: 18
[DEBUG] 2026-08-02 01:21:02 [time 28687 ms] [JavaFX Application Thread] PlayerShip [moveRight Line: 144] - Moving Right
[DEBUG] 2026-08-02 01:21:02 [time 28695 ms] [JavaFX Application Thread] PlayerShip [moveRight Line: 144] - Moving Right
[DEBUG] 2026-08-02 01:21:02 [time 28703 ms] [JavaFX Application Thread] PlayerShip [moveRight Line: 144] - Moving Right
[DEBUG] 2026-08-02 01:21:02 [time 28712 ms] [JavaFX Application Thread] PlayerShip [moveRight Line: 144] - Moving Right
[DEBUG] 2026-08-02 01:21:02 [time 28720 ms] [JavaFX Application Thread] PlayerShip [moveRight Line: 144] - Moving Right
[DEBUG] 2026-08-02 01:21:02 [time 28728 ms] [JavaFX Application Thread] PlayerShip [moveRight Line: 144] - Moving Right
[DEBUG] 2026-08-02 01:21:02 [time 28737 ms] [JavaFX Application Thread] PlayerShip [moveRight Line: 144] - Moving Right
[DEBUG] 2026-08-02 01:21:02 [time 28745 ms] [JavaFX Application Thread] PlayerShip [moveRight Line: 144] - Moving Right
[DEBUG] 2026-08-02 01:21:02 [time 28753 ms] [JavaFX Application Thread] PlayerShip [moveRight Line: 144] - Moving Right
[DEBUG] 2026-08-02 01:21:02 [time 28762 ms] [JavaFX Application Thread] PlayerShip [moveRight Line: 144] - Moving Right
[DEBUG] 2026-08-02 01:21:02 [time 28770 ms] [JavaFX Application Thread] PlayerShip [moveRight Line: 144] - Moving Right
[DEBUG] 2026-08-02 01:21:02 [time 28778 ms] [JavaFX Application Thread] PlayerShip [moveRight Line: 144] - Moving Right
[DEBUG] 2026-08-02 01:21:02 [time 28787 ms] [JavaFX Application Thread] PlayerShip [moveRight Line: 144] - Moving Right
[DEBUG] 2026-08-02 01:21:02 [time 28795 ms] [JavaFX Application Thread] PlayerShip [moveRight Line: 144] - Moving Right
[DEBUG] 2026-08-02 01:21:02 [time 28803 ms] [JavaFX Application Thread] PlayerShip [moveRight Line: 144] - Moving Right
[DEBUG] 2026-08-02 01:21:02 [time 28812 ms] [JavaFX Application Thread] PlayerShip [moveRight Line: 144] - Moving Right
[DEBUG] 2026-08-02 01:21:02 [time 28820 ms] [JavaFX Application Thread] PlayerShip [moveRight Line: 144] - Moving Right
[DEBUG] 2026-08-02 01:21:02 [time 28828 ms] [JavaFX Application Thread] PlayerShip [moveRight Line: 144] - Moving Right
[DEBUG] 2026-08-02 01:21:02 [time 28837 ms] [JavaFX Application Thread] PlayerShip [moveRight Line: 144] - Moving Right
[DEBUG] 2026-08-02 01:21:02 [time 28845 ms] [JavaFX Application Thread] PlayerShip [moveRight Line: 144] - Moving Right
[DEBUG] 2026-08-02 01:21:02 [time 28853 ms] [JavaFX Application Thread] PlayerShip [moveRight Line: 144] - Moving Right
[DEBUG] 2026-08-02 01:21:02 [time 28862 ms] [JavaFX Application Thread] PlayerShip [moveRight Line: 144] - Moving Right
[DEBUG] 2026-08-02 01:21:02 [time 28870 ms] [JavaFX Application Thread] PlayerShip [moveRight Line: 144] - Moving Right
[DEBUG] 2026-08-02 01:21:02 [time 28878 ms] [JavaFX Application Thread] PlayerShip [moveRight Line: 144] - Moving Right
[DEBUG] 2026-08-02 01:21:02 [time 28886 ms] [JavaFX Application Thread] PlayerShip [moveRight Line: 144] - Moving Right
[DEBUG] 2026-08-02 01:21:02 [time 28895 ms] [JavaFX Application Thread] PlayerShip [moveRight Line: 144] - Moving Right
[DEBUG] 2026-08-02 01:21:02 [time 28903 ms] [JavaFX Application Thread] PlayerShip [moveRight Line: 144] - Moving Right
[DEBUG] 2026-08-02 01:21:02 [time 28912 ms] [JavaFX Application Thread] PlayerShip [moveRight Line: 144] - Moving Right
[DEBUG] 2026-08-02 01:21:02 [time 28920 ms] [JavaFX Application Thread] PlayerShip [moveRight Line: 144] - Moving Right
[DEBUG] 2026-08-02 01:21:02 [time 28928 ms] [JavaFX Application Thread] PlayerShip [moveRight Line: 144] - Moving Right
[DEBUG] 2026-08-02 01:21:02 [time 28937 ms] [JavaFX Application Thread] PlayerShip [moveRight Line: 144] - Moving Right
[DEBUG] 2026-08-02 01:21:02 [time 28945 ms] [JavaFX Application Thread] PlayerShip [moveRight Line: 144] - Moving Right
[DEBUG] 2026-08-02 01:21:02 [time 28953 ms] [JavaFX Application Thread] PlayerShip [moveRight Line: 144] - Moving Right
[DEBUG] 2026-08-02 01:21:02 [time 28962 ms] [JavaFX Application Thread] PlayerShip [moveRight Line: 144] - Moving Right
[DEBUG] 2026-08-02 01:21:02 [time 28969 ms] [JavaFX Application Thread] PlayerShip [moveRight Line: 144] - Moving Right
[DEBUG] 2026-08-02 01:21:02 [time 28978 ms] [JavaFX Application Thread] PlayerShip [moveRight Line: 144] - Moving Right
[DEBUG] 2026-08-02 01:21:02 [time 28986 ms] [JavaFX Application Thread] GameController [lambda$addEventListeners$0 Line: 59] - angle: 166.22989758995269, rotatedangle: 256.22989758995266
[DEBUG] 2026-08-02 01:21:02 [time 28994 ms] [JavaFX Application Thread] GameController [lambda$addEventListeners$0 Line: 59] - angle: 166.07903494185095, rotatedangle: 256.079034941851
[DEBUG] 2026-08-02 01:21:02 [time 29002 ms] [JavaFX Application Thread] GameController [lambda$addEventListeners$0 Line: 59] - angle: 166.35404394850445, rotatedangle: 256.35404394850445
[DEBUG] 2026-08-02 01:21:02 [time 29010 ms] [JavaFX Application Thread] GameController [lambda$addEventListeners$0 Line: 59] - angle: 166.2814013969916, rotatedangle: 256.2814013969916
[DEBUG] 2026-08-02 01:21:02 [time 29018 ms] [JavaFX Application Thread] GameController [lambda$addEventListeners$0 Line: 59] - angle: 166.4126459048727, rotatedangle: 256.4126459048727
[DEBUG] 2026-08-02 01:21:02 [time 29020 ms] [JavaFX Application Thread] PlayerShip [moveLeft Line: 139] - Moving Left
[DEBUG] 2026-08-02 01:21:02 [time 29027 ms] [JavaFX Application Thread] GameController [lambda$addEventListeners$0 Line: 59] - angle: 166.34714785176365, rotatedangle: 256.3471478517637
[DEBUG] 2026-08-02 01:21:02 [time 29028 ms] [JavaFX Application Thread] PlayerShip [moveLeft Line: 139] - Moving Left
[DEBUG] 2026-08-02 01:21:02 [time 29035 ms] [JavaFX Application Thread] GameController [lambda$addEventListeners$0 Line: 59] - angle: 166.7379822744748, rotatedangle: 256.7379822744748
[DEBUG] 2026-08-02 01:21:02 [time 29037 ms] [JavaFX Application Thread] PlayerShip [moveLeft Line: 139] - Moving Left
[DEBUG] 2026-08-02 01:21:02 [time 29043 ms] [JavaFX Application Thread] GameController [lambda$addEventListeners$0 Line: 59] - angle: 166.65463570103708, rotatedangle: 256.6546357010371
[DEBUG] 2026-08-02 01:21:02 [time 29045 ms] [JavaFX Application Thread] PlayerShip [moveLeft Line: 139] - Moving Left
[DEBUG] 2026-08-02 01:21:02 [time 29051 ms] [JavaFX Application Thread] GameController [lambda$addEventListeners$0 Line: 59] - angle: 166.60749567988697, rotatedangle: 256.60749567988694
[DEBUG] 2026-08-02 01:21:02 [time 29053 ms] [JavaFX Application Thread] PlayerShip [moveLeft Line: 139] - Moving Left
[DEBUG] 2026-08-02 01:21:02 [time 29059 ms] [JavaFX Application Thread] GameController [lambda$addEventListeners$0 Line: 59] - angle: 167.0778564080619, rotatedangle: 257.0778564080619
[DEBUG] 2026-08-02 01:21:02 [time 29062 ms] [JavaFX Application Thread] PlayerShip [moveLeft Line: 139] - Moving Left
[DEBUG] 2026-08-02 01:21:02 [time 29067 ms] [JavaFX Application Thread] GameController [lambda$addEventListeners$0 Line: 59] - angle: 167.24245999354224, rotatedangle: 257.24245999354224
[DEBUG] 2026-08-02 01:21:02 [time 29070 ms] [JavaFX Application Thread] PlayerShip [moveLeft Line: 139] - Moving Left
[DEBUG] 2026-08-02 01:21:02 [time 29076 ms] [JavaFX Application Thread] GameController [lambda$addEventListeners$0 Line: 59] - angle: 167.72290383129484, rotatedangle: 257.72290383129484
[DEBUG] 2026-08-02 01:21:02 [time 29078 ms] [JavaFX Application Thread] PlayerShip [moveLeft Line: 139] - Moving Left
[DEBUG] 2026-08-02 01:21:02 [time 29084 ms] [JavaFX Application Thread] GameController [lambda$addEventListeners$0 Line: 59] - angle: 168.06184950549516, rotatedangle: 258.06184950549516
[DEBUG] 2026-08-02 01:21:02 [time 29087 ms] [JavaFX Application Thread] PlayerShip [moveLeft Line: 139] - Moving Left
[DEBUG] 2026-08-02 01:21:02 [time 29093 ms] [JavaFX Application Thread] GameController [lambda$addEventListeners$0 Line: 59] - angle: 168.34615941416567, rotatedangle: 258.34615941416564
[DEBUG] 2026-08-02 01:21:02 [time 29095 ms] [JavaFX Application Thread] PlayerShip [moveLeft Line: 139] - Moving Left
[DEBUG] 2026-08-02 01:21:02 [time 29101 ms] [JavaFX Application Thread] GameController [lambda$addEventListeners$0 Line: 59] - angle: 169.07050037249925, rotatedangle: 259.0705003724993
[DEBUG] 2026-08-02 01:21:02 [time 29103 ms] [JavaFX Application Thread] PlayerShip [moveLeft Line: 139] - Moving Left
[DEBUG] 2026-08-02 01:21:02 [time 29109 ms] [JavaFX Application Thread] GameController [lambda$addEventListeners$0 Line: 59] - angle: 169.77099171264047, rotatedangle: 259.77099171264047
[DEBUG] 2026-08-02 01:21:02 [time 29112 ms] [JavaFX Application Thread] PlayerShip [moveLeft Line: 139] - Moving Left
[DEBUG] 2026-08-02 01:21:02 [time 29118 ms] [JavaFX Application Thread] GameController [lambda$addEventListeners$0 Line: 59] - angle: 169.57420500426645, rotatedangle: 259.57420500426645
[DEBUG] 2026-08-02 01:21:02 [time 29120 ms] [JavaFX Application Thread] PlayerShip [moveLeft Line: 139] - Moving Left
[DEBUG] 2026-08-02 01:21:02 [time 29126 ms] [JavaFX Application Thread] GameController [lambda$addEventListeners$0 Line: 59] - angle: 170.13419305691565, rotatedangle: 260.13419305691565
[DEBUG] 2026-08-02 01:21:02 [time 29128 ms] [JavaFX Application Thread] PlayerShip [moveLeft Line: 139] - Moving Left
[DEBUG] 2026-08-02 01:21:02 [time 29137 ms] [JavaFX Application Thread] PlayerShip [moveLeft Line: 139] - Moving Left
[DEBUG] 2026-08-02 01:21:02 [time 29145 ms] [JavaFX Application Thread] PlayerShip [moveLeft Line: 139] - Moving Left
[DEBUG] 2026-08-02 01:21:02 [time 29149 ms] [JavaFX Application Thread] GameController [lambda$addEventListeners$0 Line: 59] - angle: 169.85443773164036, rotatedangle: 259.85443773164036
[DEBUG] 2026-08-02 01:21:02 [time 29152 ms] [JavaFX Application Thread] GameController [lambda$addEventListeners$0 Line: 59] - angle: 170.23822522495774, rotatedangle: 260.2382252249578
[DEBUG] 2026-08-02 01:21:02 [time 29153 ms] [JavaFX Application Thread] PlayerShip [moveLeft Line: 139] - Moving Left
[DEBUG] 2026-08-02 01:21:02 [time 29159 ms] [JavaFX Application Thread] GameController [lambda$addEventListeners$0 Line: 59] - angle: 171.20258929000894, rotatedangle: 261.202589290009
[DEBUG] 2026-08-02 01:21:02 [time 29161 ms] [JavaFX Application Thread] PlayerShip [moveLeft Line: 139] - Moving Left
[DEBUG] 2026-08-02 01:21:02 [time 29166 ms] [JavaFX Application Thread] GameController [lambda$addEventListeners$0 Line: 59] - angle: 172.40535663140858, rotatedangle: 262.4053566314086
[DEBUG] 2026-08-02 01:21:02 [time 29170 ms] [JavaFX Application Thread] PlayerShip [moveLeft Line: 139] - Moving Left
[DEBUG] 2026-08-02 01:21:02 [time 29174 ms] [JavaFX Application Thread] GameController [lambda$addEventListeners$0 Line: 59] - angle: 173.29013782963068, rotatedangle: 263.2901378296307
[DEBUG] 2026-08-02 01:21:02 [time 29178 ms] [JavaFX Application Thread] PlayerShip [moveLeft Line: 139] - Moving Left
[DEBUG] 2026-08-02 01:21:02 [time 29182 ms] [JavaFX Application Thread] GameController [lambda$addEventListeners$0 Line: 59] - angle: 175.2363583092738, rotatedangle: 265.2363583092738
[DEBUG] 2026-08-02 01:21:02 [time 29187 ms] [JavaFX Application Thread] PlayerShip [moveLeft Line: 139] - Moving Left
[DEBUG] 2026-08-02 01:21:02 [time 29190 ms] [JavaFX Application Thread] GameController [lambda$addEventListeners$0 Line: 59] - angle: 176.69810274508586, rotatedangle: 266.69810274508586
[DEBUG] 2026-08-02 01:21:02 [time 29195 ms] [JavaFX Application Thread] PlayerShip [moveLeft Line: 139] - Moving Left
[DEBUG] 2026-08-02 01:21:02 [time 29199 ms] [JavaFX Application Thread] GameController [lambda$addEventListeners$0 Line: 59] - angle: 178.7546357332315, rotatedangle: 268.7546357332315
[DEBUG] 2026-08-02 01:21:02 [time 29207 ms] [JavaFX Application Thread] GameController [lambda$addEventListeners$0 Line: 59] - angle: -178.6677810912802, rotatedangle: -88.6677810912802
[DEBUG] 2026-08-02 01:21:02 [time 29215 ms] [JavaFX Application Thread] GameController [lambda$addEventListeners$0 Line: 59] - angle: -175.81508387488145, rotatedangle: -85.81508387488145
[DEBUG] 2026-08-02 01:21:02 [time 29223 ms] [JavaFX Application Thread] GameController [lambda$addEventListeners$0 Line: 59] - angle: -172.8749406104025, rotatedangle: -82.87494061040249
[DEBUG] 2026-08-02 01:21:02 [time 29231 ms] [JavaFX Application Thread] GameController [lambda$addEventListeners$0 Line: 59] - angle: -169.82448915695664, rotatedangle: -79.82448915695664
[DEBUG] 2026-08-02 01:21:02 [time 29239 ms] [JavaFX Application Thread] GameController [lambda$addEventListeners$0 Line: 59] - angle: -168.1113419603722, rotatedangle: -78.11134196037219
[DEBUG] 2026-08-02 01:21:02 [time 29248 ms] [JavaFX Application Thread] GameController [lambda$addEventListeners$0 Line: 59] - angle: -163.44288520453972, rotatedangle: -73.44288520453972
[DEBUG] 2026-08-02 01:21:02 [time 29256 ms] [JavaFX Application Thread] GameController [lambda$addEventListeners$0 Line: 59] - angle: -160.64099104479538, rotatedangle: -70.64099104479538
[DEBUG] 2026-08-02 01:21:02 [time 29264 ms] [JavaFX Application Thread] GameController [lambda$addEventListeners$0 Line: 59] - angle: -157.38013505195966, rotatedangle: -67.38013505195966
[DEBUG] 2026-08-02 01:21:02 [time 29273 ms] [JavaFX Application Thread] GameController [lambda$addEventListeners$0 Line: 59] - angle: -154.72233623256875, rotatedangle: -64.72233623256875
[DEBUG] 2026-08-02 01:21:02 [time 29281 ms] [JavaFX Application Thread] GameController [lambda$addEventListeners$0 Line: 59] - angle: -150.25508104245964, rotatedangle: -60.255081042459636
[DEBUG] 2026-08-02 01:21:02 [time 29289 ms] [JavaFX Application Thread] GameController [lambda$addEventListeners$0 Line: 59] - angle: -145.9228047198692, rotatedangle: -55.92280471986919
[DEBUG] 2026-08-02 01:21:02 [time 29297 ms] [JavaFX Application Thread] GameController [lambda$addEventListeners$0 Line: 59] - angle: -143.67314066778937, rotatedangle: -53.67314066778937
[DEBUG] 2026-08-02 01:21:02 [time 29305 ms] [JavaFX Application Thread] GameController [lambda$addEventListeners$0 Line: 59] - angle: -141.5462907832941, rotatedangle: -51.5462907832941
[DEBUG] 2026-08-02 01:21:02 [time 29313 ms] [JavaFX Application Thread] GameController [lambda$addEventListeners$0 Line: 59] - angle: -139.68589517178597, rotatedangle: -49.68589517178597
[DEBUG] 2026-08-02 01:21:02 [time 29322 ms] [JavaFX Application Thread] GameController [lambda$addEventListeners$0 Line: 59] - angle: -137.72628462091512, rotatedangle: -47.72628462091512
[DEBUG] 2026-08-02 01:21:02 [time 29329 ms] [JavaFX Application Thread] GameController [lambda$addEventListeners$0 Line: 59] - angle: -137.72631099390622, rotatedangle: -47.726310993906225
[DEBUG] 2026-08-02 01:21:02 [time 29338 ms] [JavaFX Application Thread] GameController [lambda$addEventListeners$0 Line: 59] - angle: -135.8813502084376, rotatedangle: -45.881350208437595
[DEBUG] 2026-08-02 01:21:02 [time 29346 ms] [JavaFX Application Thread] GameController [lambda$addEventListeners$0 Line: 59] - angle: -134.9999735071328, rotatedangle: -44.99997350713281
[DEBUG] 2026-08-02 01:21:02 [time 29354 ms] [JavaFX Application Thread] GameController [lambda$addEventListeners$0 Line: 59] - angle: -135.0000529857099, rotatedangle: -45.000052985709914
[DEBUG] 2026-08-02 01:21:02 [time 29362 ms] [JavaFX Application Thread] GameController [lambda$addEventListeners$0 Line: 59] - angle: -134.14490260373339, rotatedangle: -44.144902603733385
[DEBUG] 2026-08-02 01:21:02 [time 29370 ms] [JavaFX Application Thread] GameController [lambda$addEventListeners$0 Line: 59] - angle: -134.14492908477555, rotatedangle: -44.144929084775555
[DEBUG] 2026-08-02 01:21:02 [time 29379 ms] [JavaFX Application Thread] GameController [lambda$addEventListeners$0 Line: 59] - angle: -133.31534212915128, rotatedangle: -43.315342129151276
[DEBUG] 2026-08-02 01:21:02 [time 29387 ms] [JavaFX Application Thread] GameController [lambda$addEventListeners$0 Line: 59] - angle: -132.5104206851078, rotatedangle: -42.51042068510779
[DEBUG] 2026-08-02 01:21:02 [time 29387 ms] [JavaFX Application Thread] PlayerShip [moveRight Line: 144] - Moving Right
[DEBUG] 2026-08-02 01:21:02 [time 29395 ms] [JavaFX Application Thread] GameController [lambda$addEventListeners$0 Line: 59] - angle: -136.5481576989779, rotatedangle: -46.54815769897789
[DEBUG] 2026-08-02 01:21:02 [time 29395 ms] [JavaFX Application Thread] PlayerShip [moveRight Line: 144] - Moving Right
[DEBUG] 2026-08-02 01:21:02 [time 29403 ms] [JavaFX Application Thread] GameController [lambda$addEventListeners$0 Line: 59] - angle: -139.28917343308416, rotatedangle: -49.28917343308416
[DEBUG] 2026-08-02 01:21:02 [time 29403 ms] [JavaFX Application Thread] PlayerShip [moveRight Line: 144] - Moving Right
[DEBUG] 2026-08-02 01:21:02 [time 29412 ms] [JavaFX Application Thread] PlayerShip [moveRight Line: 144] - Moving Right
[DEBUG] 2026-08-02 01:21:02 [time 29420 ms] [JavaFX Application Thread] PlayerShip [moveRight Line: 144] - Moving Right
[DEBUG] 2026-08-02 01:21:02 [time 29428 ms] [JavaFX Application Thread] PlayerShip [moveRight Line: 144] - Moving Right
[DEBUG] 2026-08-02 01:21:02 [time 29437 ms] [JavaFX Application Thread] PlayerShip [moveRight Line: 144] - Moving Right
[DEBUG] 2026-08-02 01:21:02 [time 29445 ms] [JavaFX Application Thread] PlayerShip [moveRight Line: 144] - Moving Right
[DEBUG] 2026-08-02 01:21:03 [time 29453 ms] [JavaFX Application Thread] PlayerShip [moveRight Line: 144] - Moving Right
[DEBUG] 2026-08-02 01:21:03 [time 29462 ms] [JavaFX Application Thread] PlayerShip [moveRight Line: 144] - Moving Right
[DEBUG] 2026-08-02 01:21:03 [time 29470 ms] [JavaFX Application Thread] PlayerShip [moveRight Line: 144] - Moving Right
[DEBUG] 2026-08-02 01:21:03 [time 29478 ms] [JavaFX Application Thread] PlayerShip [moveRight Line: 144] - Moving Right
[DEBUG] 2026-08-02 01:21:03 [time 29487 ms] [JavaFX Application Thread] PlayerShip [moveRight Line: 144] - Moving Right
[DEBUG] 2026-08-02 01:21:03 [time 29495 ms] [JavaFX Application Thread] PlayerShip [moveRight Line: 144] - Moving Right
[DEBUG] 2026-08-02 01:21:03 [time 29503 ms] [JavaFX Application Thread] PlayerShip [moveRight Line: 144] - Moving Right
[DEBUG] 2026-08-02 01:21:03 [time 29512 ms] [JavaFX Application Thread] PlayerShip [moveRight Line: 144] - Moving Right
[DEBUG] 2026-08-02 01:21:03 [time 29520 ms] [JavaFX Application Thread] PlayerShip [moveRight Line: 144] - Moving Right
[DEBUG] 2026-08-02 01:21:03 [time 29528 ms] [JavaFX Application Thread] PlayerShip [moveRight Line: 144] - Moving Right
[DEBUG] 2026-08-02 01:21:03 [time 29537 ms] [JavaFX Application Thread] PlayerShip [moveRight Line: 144] - Moving Right
[DEBUG] 2026-08-02 01:21:03 [time 29545 ms] [JavaFX Application Thread] PlayerShip [moveRight Line: 144] - Moving Right
[DEBUG] 2026-08-02 01:21:03 [time 29553 ms] [JavaFX Application Thread] PlayerShip [moveRight Line: 144] - Moving Right
[DEBUG] 2026-08-02 01:21:03 [time 29562 ms] [JavaFX Application Thread] PlayerShip [moveRight Line: 144] - Moving Right
[DEBUG] 2026-08-02 01:21:03 [time 29673 ms] [JavaFX Application Thread] GameController [lambda$setUpKeyEvents$8 Line: 86] - PlayerShip shoot bullet
[ INFO] 2026-08-02 01:21:03 [time 29737 ms] [JavaFX Application Thread] GameController [updateAndCollidePlayerBullet Line: 353] - Current Score: 20
[DEBUG] 2026-08-02 01:21:03 [time 30034 ms] [JavaFX Application Thread] GameController [lambda$setUpKeyEvents$8 Line: 86] - PlayerShip shoot bullet
[ INFO] 2026-08-02 01:21:03 [time 30036 ms] [JavaFX Application Thread] GameController [updateAndCollidePlayerBullet Line: 360] - Current Score: 21
[DEBUG] 2026-08-02 01:21:03 [time 30386 ms] [JavaFX Application Thread] PlayerShip [moveBottom Line: 154] - Moving Bottom
[DEBUG] 2026-08-02 01:21:03 [time 30395 ms] [JavaFX Application Thread] PlayerShip [moveBottom Line: 154] - Moving Bottom
[DEBUG] 2026-08-02 01:21:03 [time 30403 ms] [JavaFX Application Thread] PlayerShip [moveBottom Line: 154] - Moving Bottom
[DEBUG] 2026-08-02 01:21:03 [time 30412 ms] [JavaFX Application Thread] PlayerShip [moveBottom Line: 154] - Moving Bottom
[DEBUG] 2026-08-02 01:21:03 [time 30420 ms] [JavaFX Application Thread] PlayerShip [moveBottom Line: 154] - Moving Bottom
[DEBUG] 2026-08-02 01:21:03 [time 30428 ms] [JavaFX Application Thread] PlayerShip [moveBottom Line: 154] - Moving Bottom
[DEBUG] 2026-08-02 01:21:03 [time 30437 ms] [JavaFX Application Thread] PlayerShip [moveBottom Line: 154] - Moving Bottom
[DEBUG] 2026-08-02 01:21:03 [time 30445 ms] [JavaFX Application Thread] PlayerShip [moveBottom Line: 154] - Moving Bottom
[DEBUG] 2026-08-02 01:21:04 [time 30453 ms] [JavaFX Application Thread] PlayerShip [moveBottom Line: 154] - Moving Bottom
[DEBUG] 2026-08-02 01:21:04 [time 30462 ms] [JavaFX Application Thread] PlayerShip [moveBottom Line: 154] - Moving Bottom
[DEBUG] 2026-08-02 01:21:04 [time 30470 ms] [JavaFX Application Thread] PlayerShip [moveBottom Line: 154] - Moving Bottom
[DEBUG] 2026-08-02 01:21:04 [time 30478 ms] [JavaFX Application Thread] PlayerShip [moveBottom Line: 154] - Moving Bottom
[DEBUG] 2026-08-02 01:21:04 [time 30487 ms] [JavaFX Application Thread] PlayerShip [moveBottom Line: 154] - Moving Bottom
[DEBUG] 2026-08-02 01:21:04 [time 30495 ms] [JavaFX Application Thread] PlayerShip [moveBottom Line: 154] - Moving Bottom
[DEBUG] 2026-08-02 01:21:04 [time 30503 ms] [JavaFX Application Thread] PlayerShip [moveBottom Line: 154] - Moving Bottom
[DEBUG] 2026-08-02 01:21:04 [time 30512 ms] [JavaFX Application Thread] PlayerShip [moveBottom Line: 154] - Moving Bottom
[DEBUG] 2026-08-02 01:21:04 [time 30520 ms] [JavaFX Application Thread] PlayerShip [moveBottom Line: 154] - Moving Bottom
[DEBUG] 2026-08-02 01:21:04 [time 30528 ms] [JavaFX Application Thread] PlayerShip [moveBottom Line: 154] - Moving Bottom
[DEBUG] 2026-08-02 01:21:04 [time 30537 ms] [JavaFX Application Thread] PlayerShip [moveBottom Line: 154] - Moving Bottom
[DEBUG] 2026-08-02 01:21:04 [time 30545 ms] [JavaFX Application Thread] PlayerShip [moveBottom Line: 154] - Moving Bottom
[DEBUG] 2026-08-02 01:21:04 [time 30553 ms] [JavaFX Application Thread] PlayerShip [moveBottom Line: 154] - Moving Bottom
[DEBUG] 2026-08-02 01:21:04 [time 30562 ms] [JavaFX Application Thread] PlayerShip [moveBottom Line: 154] - Moving Bottom
[DEBUG] 2026-08-02 01:21:04 [time 30569 ms] [JavaFX Application Thread] GameController [lambda$addEventListeners$0 Line: 59] - angle: -134.40526159719917, rotatedangle: -44.40526159719917
[DEBUG] 2026-08-02 01:21:04 [time 30570 ms] [JavaFX Application Thread] PlayerShip [moveBottom Line: 154] - Moving Bottom
[DEBUG] 2026-08-02 01:21:04 [time 30574 ms] [JavaFX Application Thread] GameController [lambda$addEventListeners$0 Line: 59] - angle: -133.82284900544204, rotatedangle: -43.82284900544204
[DEBUG] 2026-08-02 01:21:04 [time 30578 ms] [JavaFX Application Thread] PlayerShip [moveBottom Line: 154] - Moving Bottom
[DEBUG] 2026-08-02 01:21:04 [time 30582 ms] [JavaFX Application Thread] GameController [lambda$addEventListeners$0 Line: 59] - angle: -133.2525290914009, rotatedangle: -43.2525290914009
[DEBUG] 2026-08-02 01:21:04 [time 30587 ms] [JavaFX Application Thread] PlayerShip [moveBottom Line: 154] - Moving Bottom
[DEBUG] 2026-08-02 01:21:04 [time 30590 ms] [JavaFX Application Thread] GameController [lambda$addEventListeners$0 Line: 59] - angle: -132.4936975847676, rotatedangle: -42.4936975847676
[DEBUG] 2026-08-02 01:21:04 [time 30595 ms] [JavaFX Application Thread] PlayerShip [moveBottom Line: 154] - Moving Bottom
[DEBUG] 2026-08-02 01:21:04 [time 30599 ms] [JavaFX Application Thread] GameController [lambda$addEventListeners$0 Line: 59] - angle: -131.74587769780854, rotatedangle: -41.74587769780854
[DEBUG] 2026-08-02 01:21:04 [time 30603 ms] [JavaFX Application Thread] PlayerShip [moveBottom Line: 154] - Moving Bottom
[DEBUG] 2026-08-02 01:21:04 [time 30607 ms] [JavaFX Application Thread] GameController [lambda$addEventListeners$0 Line: 59] - angle: -131.0090984634222, rotatedangle: -41.00909846342219
[DEBUG] 2026-08-02 01:21:04 [time 30612 ms] [JavaFX Application Thread] PlayerShip [moveBottom Line: 154] - Moving Bottom
[DEBUG] 2026-08-02 01:21:04 [time 30615 ms] [JavaFX Application Thread] GameController [lambda$addEventListeners$0 Line: 59] - angle: -130.252111891366, rotatedangle: -40.25211189136601
[DEBUG] 2026-08-02 01:21:04 [time 30620 ms] [JavaFX Application Thread] PlayerShip [moveBottom Line: 154] - Moving Bottom
[DEBUG] 2026-08-02 01:21:04 [time 30624 ms] [JavaFX Application Thread] GameController [lambda$addEventListeners$0 Line: 59] - angle: -129.3269778600747, rotatedangle: -39.32697786007469
[DEBUG] 2026-08-02 01:21:04 [time 30628 ms] [JavaFX Application Thread] PlayerShip [moveBottom Line: 154] - Moving Bottom
[DEBUG] 2026-08-02 01:21:04 [time 30631 ms] [JavaFX Application Thread] GameController [lambda$addEventListeners$0 Line: 59] - angle: -128.41087812081932, rotatedangle: -38.41087812081932
[DEBUG] 2026-08-02 01:21:04 [time 30637 ms] [JavaFX Application Thread] PlayerShip [moveBottom Line: 154] - Moving Bottom
[DEBUG] 2026-08-02 01:21:04 [time 30640 ms] [JavaFX Application Thread] GameController [lambda$addEventListeners$0 Line: 59] - angle: -127.45506945395574, rotatedangle: -37.455069453955744
[DEBUG] 2026-08-02 01:21:04 [time 30644 ms] [JavaFX Application Thread] PlayerShip [moveBottom Line: 154] - Moving Bottom
[DEBUG] 2026-08-02 01:21:04 [time 30648 ms] [JavaFX Application Thread] GameController [lambda$addEventListeners$0 Line: 59] - angle: -126.28254303540035, rotatedangle: -36.28254303540035
[DEBUG] 2026-08-02 01:21:04 [time 30653 ms] [JavaFX Application Thread] PlayerShip [moveBottom Line: 154] - Moving Bottom
[DEBUG] 2026-08-02 01:21:04 [time 30656 ms] [JavaFX Application Thread] GameController [lambda$addEventListeners$0 Line: 59] - angle: -125.0137415825936, rotatedangle: -35.013741582593596
[DEBUG] 2026-08-02 01:21:04 [time 30662 ms] [JavaFX Application Thread] PlayerShip [moveBottom Line: 154] - Moving Bottom
[DEBUG] 2026-08-02 01:21:04 [time 30664 ms] [JavaFX Application Thread] GameController [lambda$addEventListeners$0 Line: 59] - angle: -123.76305574065523, rotatedangle: -33.76305574065523
[DEBUG] 2026-08-02 01:21:04 [time 30670 ms] [JavaFX Application Thread] PlayerShip [moveBottom Line: 154] - Moving Bottom
[DEBUG] 2026-08-02 01:21:04 [time 30672 ms] [JavaFX Application Thread] GameController [lambda$addEventListeners$0 Line: 59] - angle: -122.45102794044521, rotatedangle: -32.451027940445215
[DEBUG] 2026-08-02 01:21:04 [time 30678 ms] [JavaFX Application Thread] PlayerShip [moveBottom Line: 154] - Moving Bottom
[DEBUG] 2026-08-02 01:21:04 [time 30681 ms] [JavaFX Application Thread] GameController [lambda$addEventListeners$0 Line: 59] - angle: -121.23190687182836, rotatedangle: -31.231906871828357
[DEBUG] 2026-08-02 01:21:04 [time 30687 ms] [JavaFX Application Thread] PlayerShip [moveBottom Line: 154] - Moving Bottom
[DEBUG] 2026-08-02 01:21:04 [time 30689 ms] [JavaFX Application Thread] GameController [lambda$addEventListeners$0 Line: 59] - angle: -120.03328043599515, rotatedangle: -30.033280435995152
[DEBUG] 2026-08-02 01:21:04 [time 30695 ms] [JavaFX Application Thread] PlayerShip [moveBottom Line: 154] - Moving Bottom
[DEBUG] 2026-08-02 01:21:04 [time 30697 ms] [JavaFX Application Thread] GameController [lambda$addEventListeners$0 Line: 59] - angle: -118.73258192404228, rotatedangle: -28.73258192404228
[DEBUG] 2026-08-02 01:21:04 [time 30703 ms] [JavaFX Application Thread] PlayerShip [moveBottom Line: 154] - Moving Bottom
[DEBUG] 2026-08-02 01:21:04 [time 30705 ms] [JavaFX Application Thread] GameController [lambda$addEventListeners$0 Line: 59] - angle: -117.24174151735734, rotatedangle: -27.24174151735734
[DEBUG] 2026-08-02 01:21:04 [time 30712 ms] [JavaFX Application Thread] PlayerShip [moveBottom Line: 154] - Moving Bottom
[DEBUG] 2026-08-02 01:21:04 [time 30713 ms] [JavaFX Application Thread] GameController [lambda$addEventListeners$0 Line: 59] - angle: -116.45422775723222, rotatedangle: -26.454227757232218
[DEBUG] 2026-08-02 01:21:04 [time 30720 ms] [JavaFX Application Thread] PlayerShip [moveBottom Line: 154] - Moving Bottom
[DEBUG] 2026-08-02 01:21:04 [time 30721 ms] [JavaFX Application Thread] GameController [lambda$addEventListeners$0 Line: 59] - angle: -115.47383143224538, rotatedangle: -25.473831432245376
[DEBUG] 2026-08-02 01:21:04 [time 30728 ms] [JavaFX Application Thread] PlayerShip [moveBottom Line: 154] - Moving Bottom
[DEBUG] 2026-08-02 01:21:04 [time 30729 ms] [JavaFX Application Thread] GameController [lambda$addEventListeners$0 Line: 59] - angle: -114.64166199955834, rotatedangle: -24.641661999558337
[DEBUG] 2026-08-02 01:21:04 [time 30737 ms] [JavaFX Application Thread] PlayerShip [moveBottom Line: 154] - Moving Bottom
[DEBUG] 2026-08-02 01:21:04 [time 30739 ms] [JavaFX Application Thread] GameController [lambda$addEventListeners$0 Line: 59] - angle: -113.84372257147409, rotatedangle: -23.84372257147409
[DEBUG] 2026-08-02 01:21:04 [time 30745 ms] [JavaFX Application Thread] PlayerShip [moveRight Line: 144] - Moving Right
[DEBUG] 2026-08-02 01:21:04 [time 30745 ms] [JavaFX Application Thread] PlayerShip [moveBottom Line: 154] - Moving Bottom
[DEBUG] 2026-08-02 01:21:04 [time 30745 ms] [JavaFX Application Thread] GameController [lambda$addEventListeners$0 Line: 59] - angle: -114.23805773316195, rotatedangle: -24.238057733161952
[DEBUG] 2026-08-02 01:21:04 [time 30753 ms] [JavaFX Application Thread] PlayerShip [moveRight Line: 144] - Moving Right
[DEBUG] 2026-08-02 01:21:04 [time 30753 ms] [JavaFX Application Thread] GameController [lambda$addEventListeners$0 Line: 59] - angle: -115.05761541830302, rotatedangle: -25.057615418303016
[DEBUG] 2026-08-02 01:21:04 [time 30762 ms] [JavaFX Application Thread] PlayerShip [moveRight Line: 144] - Moving Right
[DEBUG] 2026-08-02 01:21:04 [time 30762 ms] [JavaFX Application Thread] GameController [lambda$addEventListeners$0 Line: 59] - angle: -115.96927598303331, rotatedangle: -25.969275983033313
[DEBUG] 2026-08-02 01:21:04 [time 30770 ms] [JavaFX Application Thread] GameController [lambda$addEventListeners$0 Line: 59] - angle: -115.87238670494378, rotatedangle: -25.87238670494378
[DEBUG] 2026-08-02 01:21:04 [time 30770 ms] [JavaFX Application Thread] PlayerShip [moveRight Line: 144] - Moving Right
[DEBUG] 2026-08-02 01:21:04 [time 30778 ms] [JavaFX Application Thread] GameController [lambda$addEventListeners$0 Line: 59] - angle: -116.76059019175923, rotatedangle: -26.760590191759235
[DEBUG] 2026-08-02 01:21:04 [time 30778 ms] [JavaFX Application Thread] PlayerShip [moveRight Line: 144] - Moving Right
[DEBUG] 2026-08-02 01:21:04 [time 30786 ms] [JavaFX Application Thread] GameController [lambda$addEventListeners$0 Line: 59] - angle: -117.91976642810863, rotatedangle: -27.91976642810863
[DEBUG] 2026-08-02 01:21:04 [time 30787 ms] [JavaFX Application Thread] PlayerShip [moveRight Line: 144] - Moving Right
[DEBUG] 2026-08-02 01:21:04 [time 30795 ms] [JavaFX Application Thread] GameController [lambda$addEventListeners$0 Line: 59] - angle: -118.95099520746682, rotatedangle: -28.950995207466818
[DEBUG] 2026-08-02 01:21:04 [time 30795 ms] [JavaFX Application Thread] PlayerShip [moveRight Line: 144] - Moving Right
[DEBUG] 2026-08-02 01:21:04 [time 30803 ms] [JavaFX Application Thread] GameController [lambda$addEventListeners$0 Line: 59] - angle: -120.2412778550497, rotatedangle: -30.241277855049702
[DEBUG] 2026-08-02 01:21:04 [time 30803 ms] [JavaFX Application Thread] PlayerShip [moveRight Line: 144] - Moving Right
[DEBUG] 2026-08-02 01:21:04 [time 30811 ms] [JavaFX Application Thread] GameController [lambda$addEventListeners$0 Line: 59] - angle: -121.63446266690333, rotatedangle: -31.63446266690333
[DEBUG] 2026-08-02 01:21:04 [time 30812 ms] [JavaFX Application Thread] PlayerShip [moveRight Line: 144] - Moving Right
[DEBUG] 2026-08-02 01:21:04 [time 30819 ms] [JavaFX Application Thread] GameController [lambda$addEventListeners$0 Line: 59] - angle: -123.01537777836121, rotatedangle: -33.01537777836121
[DEBUG] 2026-08-02 01:21:04 [time 30820 ms] [JavaFX Application Thread] PlayerShip [moveRight Line: 144] - Moving Right
[DEBUG] 2026-08-02 01:21:04 [time 30827 ms] [JavaFX Application Thread] GameController [lambda$addEventListeners$0 Line: 59] - angle: -124.24203291161, rotatedangle: -34.242032911609996
[DEBUG] 2026-08-02 01:21:04 [time 30828 ms] [JavaFX Application Thread] PlayerShip [moveRight Line: 144] - Moving Right
[DEBUG] 2026-08-02 01:21:04 [time 30835 ms] [JavaFX Application Thread] GameController [lambda$addEventListeners$0 Line: 59] - angle: -125.4241310133272, rotatedangle: -35.4241310133272
[DEBUG] 2026-08-02 01:21:04 [time 30837 ms] [JavaFX Application Thread] PlayerShip [moveRight Line: 144] - Moving Right
[DEBUG] 2026-08-02 01:21:04 [time 30844 ms] [JavaFX Application Thread] GameController [lambda$addEventListeners$0 Line: 59] - angle: -126.6776388615783, rotatedangle: -36.6776388615783
[DEBUG] 2026-08-02 01:21:04 [time 30845 ms] [JavaFX Application Thread] PlayerShip [moveRight Line: 144] - Moving Right
[DEBUG] 2026-08-02 01:21:04 [time 30852 ms] [JavaFX Application Thread] GameController [lambda$addEventListeners$0 Line: 59] - angle: -127.77568430595468, rotatedangle: -37.775684305954684
[DEBUG] 2026-08-02 01:21:04 [time 30853 ms] [JavaFX Application Thread] PlayerShip [moveRight Line: 144] - Moving Right
[DEBUG] 2026-08-02 01:21:04 [time 30860 ms] [JavaFX Application Thread] GameController [lambda$addEventListeners$0 Line: 59] - angle: -128.80508121741053, rotatedangle: -38.80508121741053
[DEBUG] 2026-08-02 01:21:04 [time 30862 ms] [JavaFX Application Thread] PlayerShip [moveRight Line: 144] - Moving Right
[DEBUG] 2026-08-02 01:21:04 [time 30868 ms] [JavaFX Application Thread] GameController [lambda$addEventListeners$0 Line: 59] - angle: -129.80556320955517, rotatedangle: -39.805563209555174
[DEBUG] 2026-08-02 01:21:04 [time 30870 ms] [JavaFX Application Thread] PlayerShip [moveRight Line: 144] - Moving Right
[DEBUG] 2026-08-02 01:21:04 [time 30876 ms] [JavaFX Application Thread] GameController [lambda$addEventListeners$0 Line: 59] - angle: -130.38523342211158, rotatedangle: -40.38523342211158
[DEBUG] 2026-08-02 01:21:04 [time 30877 ms] [JavaFX Application Thread] PlayerShip [moveRight Line: 144] - Moving Right
[DEBUG] 2026-08-02 01:21:04 [time 30885 ms] [JavaFX Application Thread] GameController [lambda$addEventListeners$0 Line: 59] - angle: -131.20275211956158, rotatedangle: -41.20275211956158
[DEBUG] 2026-08-02 01:21:04 [time 30887 ms] [JavaFX Application Thread] PlayerShip [moveRight Line: 144] - Moving Right
[DEBUG] 2026-08-02 01:21:04 [time 30893 ms] [JavaFX Application Thread] GameController [lambda$addEventListeners$0 Line: 59] - angle: -131.86877815994626, rotatedangle: -41.86877815994626
[DEBUG] 2026-08-02 01:21:04 [time 30895 ms] [JavaFX Application Thread] PlayerShip [moveRight Line: 144] - Moving Right
[DEBUG] 2026-08-02 01:21:04 [time 31032 ms] [JavaFX Application Thread] GameController [lambda$setUpKeyEvents$8 Line: 86] - PlayerShip shoot bullet
[ INFO] 2026-08-02 01:21:04 [time 31162 ms] [JavaFX Application Thread] GameController [updateAndCollidePlayerBullet Line: 360] - Current Score: 22
[DEBUG] 2026-08-02 01:21:04 [time 31204 ms] [JavaFX Application Thread] GameController [lambda$setUpKeyEvents$8 Line: 86] - PlayerShip shoot bullet
[DEBUG] 2026-08-02 01:21:04 [time 31376 ms] [JavaFX Application Thread] GameController [lambda$setUpKeyEvents$8 Line: 86] - PlayerShip shoot bullet
[DEBUG] 2026-08-02 01:21:04 [time 31428 ms] [JavaFX Application Thread] PlayerShip [moveTop Line: 149] - Moving Top
[DEBUG] 2026-08-02 01:21:04 [time 31437 ms] [JavaFX Application Thread] PlayerShip [moveTop Line: 149] - Moving Top
[DEBUG] 2026-08-02 01:21:04 [time 31445 ms] [JavaFX Application Thread] PlayerShip [moveTop Line: 149] - Moving Top
[DEBUG] 2026-08-02 01:21:05 [time 31453 ms] [JavaFX Application Thread] PlayerShip [moveTop Line: 149] - Moving Top
[DEBUG] 2026-08-02 01:21:05 [time 31462 ms] [JavaFX Application Thread] PlayerShip [moveTop Line: 149] - Moving Top
[DEBUG] 2026-08-02 01:21:05 [time 31470 ms] [JavaFX Application Thread] PlayerShip [moveTop Line: 149] - Moving Top
[DEBUG] 2026-08-02 01:21:05 [time 31478 ms] [JavaFX Application Thread] PlayerShip [moveTop Line: 149] - Moving Top
[DEBUG] 2026-08-02 01:21:05 [time 31487 ms] [JavaFX Application Thread] PlayerShip [moveTop Line: 149] - Moving Top
[DEBUG] 2026-08-02 01:21:05 [time 31495 ms] [JavaFX Application Thread] PlayerShip [moveTop Line: 149] - Moving Top
[DEBUG] 2026-08-02 01:21:05 [time 31503 ms] [JavaFX Application Thread] PlayerShip [moveTop Line: 149] - Moving Top
[DEBUG] 2026-08-02 01:21:05 [time 31512 ms] [JavaFX Application Thread] PlayerShip [moveTop Line: 149] - Moving Top
[DEBUG] 2026-08-02 01:21:05 [time 31520 ms] [JavaFX Application Thread] PlayerShip [moveTop Line: 149] - Moving Top
[DEBUG] 2026-08-02 01:21:05 [time 31529 ms] [JavaFX Application Thread] PlayerShip [moveTop Line: 149] - Moving Top
[DEBUG] 2026-08-02 01:21:05 [time 31537 ms] [JavaFX Application Thread] PlayerShip [moveTop Line: 149] - Moving Top
[DEBUG] 2026-08-02 01:21:05 [time 31545 ms] [JavaFX Application Thread] PlayerShip [moveTop Line: 149] - Moving Top
[DEBUG] 2026-08-02 01:21:05 [time 31553 ms] [JavaFX Application Thread] PlayerShip [moveTop Line: 149] - Moving Top
[DEBUG] 2026-08-02 01:21:05 [time 31562 ms] [JavaFX Application Thread] PlayerShip [moveTop Line: 149] - Moving Top
[DEBUG] 2026-08-02 01:21:05 [time 31570 ms] [JavaFX Application Thread] PlayerShip [moveTop Line: 149] - Moving Top
[DEBUG] 2026-08-02 01:21:05 [time 31578 ms] [JavaFX Application Thread] PlayerShip [moveTop Line: 149] - Moving Top
[ INFO] 2026-08-02 01:21:05 [time 31587 ms] [JavaFX Application Thread] GameController [updateAndCollidePlayerBullet Line: 360] - Current Score: 23
[DEBUG] 2026-08-02 01:21:05 [time 31589 ms] [JavaFX Application Thread] PlayerShip [moveTop Line: 149] - Moving Top
[DEBUG] 2026-08-02 01:21:05 [time 31595 ms] [JavaFX Application Thread] PlayerShip [moveTop Line: 149] - Moving Top
[DEBUG] 2026-08-02 01:21:05 [time 31598 ms] [JavaFX Application Thread] GameController [lambda$setUpKeyEvents$8 Line: 86] - PlayerShip shoot bullet
[DEBUG] 2026-08-02 01:21:05 [time 31603 ms] [JavaFX Application Thread] PlayerShip [moveTop Line: 149] - Moving Top
[DEBUG] 2026-08-02 01:21:05 [time 31612 ms] [JavaFX Application Thread] PlayerShip [moveTop Line: 149] - Moving Top
[DEBUG] 2026-08-02 01:21:05 [time 31620 ms] [JavaFX Application Thread] PlayerShip [moveTop Line: 149] - Moving Top
[DEBUG] 2026-08-02 01:21:05 [time 31628 ms] [JavaFX Application Thread] PlayerShip [moveTop Line: 149] - Moving Top
[DEBUG] 2026-08-02 01:21:05 [time 31637 ms] [JavaFX Application Thread] PlayerShip [moveTop Line: 149] - Moving Top
[DEBUG] 2026-08-02 01:21:05 [time 31645 ms] [JavaFX Application Thread] PlayerShip [moveTop Line: 149] - Moving Top
[DEBUG] 2026-08-02 01:21:05 [time 31653 ms] [JavaFX Application Thread] PlayerShip [moveTop Line: 149] - Moving Top
[DEBUG] 2026-08-02 01:21:05 [time 31662 ms] [JavaFX Application Thread] PlayerShip [moveTop Line: 149] - Moving Top
[DEBUG] 2026-08-02 01:21:05 [time 31762 ms] [JavaFX Application Thread] GameController [lambda$setUpKeyEvents$8 Line: 86] - PlayerShip shoot bullet
[ INFO] 2026-08-02 01:21:05 [time 31837 ms] [JavaFX Application Thread] GameController [updateAndCollidePlayerBullet Line: 360] - Current Score: 24
[ INFO] 2026-08-02 01:21:05 [time 31912 ms] [JavaFX Application Thread] GameController [updateAndCollidePlayerBullet Line: 360] - Current Score: 25
[DEBUG] 2026-08-02 01:21:05 [time 32015 ms] [JavaFX Application Thread] GameController [lambda$setUpKeyEvents$8 Line: 86] - PlayerShip shoot bullet
[DEBUG] 2026-08-02 01:21:05 [time 32045 ms] [JavaFX Application Thread] PlayerShip [moveLeft Line: 139] - Moving Left
[DEBUG] 2026-08-02 01:21:05 [time 32053 ms] [JavaFX Application Thread] PlayerShip [moveLeft Line: 139] - Moving Left
[DEBUG] 2026-08-02 01:21:05 [time 32062 ms] [JavaFX Application Thread] PlayerShip [moveLeft Line: 139] - Moving Left
[DEBUG] 2026-08-02 01:21:05 [time 32070 ms] [JavaFX Application Thread] PlayerShip [moveLeft Line: 139] - Moving Left
[DEBUG] 2026-08-02 01:21:05 [time 32078 ms] [JavaFX Application Thread] PlayerShip [moveLeft Line: 139] - Moving Left
[DEBUG] 2026-08-02 01:21:05 [time 32087 ms] [JavaFX Application Thread] PlayerShip [moveLeft Line: 139] - Moving Left
[DEBUG] 2026-08-02 01:21:05 [time 32095 ms] [JavaFX Application Thread] PlayerShip [moveLeft Line: 139] - Moving Left
[DEBUG] 2026-08-02 01:21:05 [time 32104 ms] [JavaFX Application Thread] PlayerShip [moveLeft Line: 139] - Moving Left
[DEBUG] 2026-08-02 01:21:05 [time 32112 ms] [JavaFX Application Thread] PlayerShip [moveLeft Line: 139] - Moving Left
[DEBUG] 2026-08-02 01:21:05 [time 32120 ms] [JavaFX Application Thread] PlayerShip [moveLeft Line: 139] - Moving Left
[DEBUG] 2026-08-02 01:21:05 [time 32128 ms] [JavaFX Application Thread] PlayerShip [moveLeft Line: 139] - Moving Left
[DEBUG] 2026-08-02 01:21:05 [time 32137 ms] [JavaFX Application Thread] PlayerShip [moveLeft Line: 139] - Moving Left
[DEBUG] 2026-08-02 01:21:05 [time 32145 ms] [JavaFX Application Thread] PlayerShip [moveLeft Line: 139] - Moving Left
[DEBUG] 2026-08-02 01:21:05 [time 32154 ms] [JavaFX Application Thread] PlayerShip [moveLeft Line: 139] - Moving Left
[DEBUG] 2026-08-02 01:21:05 [time 32162 ms] [JavaFX Application Thread] PlayerShip [moveLeft Line: 139] - Moving Left
[DEBUG] 2026-08-02 01:21:05 [time 32170 ms] [JavaFX Application Thread] PlayerShip [moveLeft Line: 139] - Moving Left
[DEBUG] 2026-08-02 01:21:05 [time 32237 ms] [JavaFX Application Thread] PlayerShip [moveLeft Line: 139] - Moving Left
[DEBUG] 2026-08-02 01:21:05 [time 32245 ms] [JavaFX Application Thread] PlayerShip [moveLeft Line: 139] - Moving Left
[DEBUG] 2026-08-02 01:21:05 [time 32253 ms] [JavaFX Application Thread] PlayerShip [moveLeft Line: 139] - Moving Left
[DEBUG] 2026-08-02 01:21:05 [time 32262 ms] [JavaFX Application Thread] PlayerShip [moveLeft Line: 139] - Moving Left
[DEBUG] 2026-08-02 01:21:05 [time 32269 ms] [JavaFX Application Thread] PlayerShip [moveLeft Line: 139] - Moving Left
[DEBUG] 2026-08-02 01:21:05 [time 32278 ms] [JavaFX Application Thread] PlayerShip [moveLeft Line: 139] - Moving Left
[DEBUG] 2026-08-02 01:21:05 [time 32287 ms] [JavaFX Application Thread] PlayerShip [moveLeft Line: 139] - Moving Left
[DEBUG] 2026-08-02 01:21:05 [time 32295 ms] [JavaFX Application Thread] PlayerShip [moveLeft Line: 139] - Moving Left
[DEBUG] 2026-08-02 01:21:05 [time 32303 ms] [JavaFX Application Thread] PlayerShip [moveLeft Line: 139] - Moving Left
[DEBUG] 2026-08-02 01:21:05 [time 32311 ms] [JavaFX Application Thread] PlayerShip [moveLeft Line: 139] - Moving Left
[DEBUG] 2026-08-02 01:21:05 [time 32320 ms] [JavaFX Application Thread] PlayerShip [moveLeft Line: 139] - Moving Left
[DEBUG] 2026-08-02 01:21:05 [time 32328 ms] [JavaFX Application Thread] PlayerShip [moveLeft Line: 139] - Moving Left
[DEBUG] 2026-08-02 01:21:05 [time 32337 ms] [JavaFX Application Thread] PlayerShip [moveLeft Line: 139] - Moving Left
[ INFO] 2026-08-02 01:21:05 [time 32345 ms] [JavaFX Application Thread] GameController [updateAndCollidePlayerBullet Line: 360] - Current Score: 26
[DEBUG] 2026-08-02 01:21:05 [time 32348 ms] [JavaFX Application Thread] PlayerShip [moveLeft Line: 139] - Moving Left
[DEBUG] 2026-08-02 01:21:05 [time 32354 ms] [JavaFX Application Thread] PlayerShip [moveLeft Line: 139] - Moving Left
[DEBUG] 2026-08-02 01:21:05 [time 32362 ms] [JavaFX Application Thread] PlayerShip [moveLeft Line: 139] - Moving Left
[DEBUG] 2026-08-02 01:21:05 [time 32370 ms] [JavaFX Application Thread] PlayerShip [moveLeft Line: 139] - Moving Left
[DEBUG] 2026-08-02 01:21:05 [time 32378 ms] [JavaFX Application Thread] PlayerShip [moveLeft Line: 139] - Moving Left
[DEBUG] 2026-08-02 01:21:05 [time 32387 ms] [JavaFX Application Thread] PlayerShip [moveLeft Line: 139] - Moving Left
[DEBUG] 2026-08-02 01:21:05 [time 32395 ms] [JavaFX Application Thread] PlayerShip [moveLeft Line: 139] - Moving Left
[DEBUG] 2026-08-02 01:21:05 [time 32403 ms] [JavaFX Application Thread] PlayerShip [moveLeft Line: 139] - Moving Left
[DEBUG] 2026-08-02 01:21:05 [time 32408 ms] [JavaFX Application Thread] GameController [lambda$setUpKeyEvents$8 Line: 86] - PlayerShip shoot bullet
[DEBUG] 2026-08-02 01:21:05 [time 32412 ms] [JavaFX Application Thread] PlayerShip [moveLeft Line: 139] - Moving Left
[DEBUG] 2026-08-02 01:21:05 [time 32419 ms] [JavaFX Application Thread] PlayerShip [moveLeft Line: 139] - Moving Left
[DEBUG] 2026-08-02 01:21:05 [time 32428 ms] [JavaFX Application Thread] PlayerShip [moveLeft Line: 139] - Moving Left
[DEBUG] 2026-08-02 01:21:05 [time 32437 ms] [JavaFX Application Thread] PlayerShip [moveLeft Line: 139] - Moving Left
[DEBUG] 2026-08-02 01:21:05 [time 32445 ms] [JavaFX Application Thread] PlayerShip [moveLeft Line: 139] - Moving Left
[DEBUG] 2026-08-02 01:21:06 [time 32453 ms] [JavaFX Application Thread] PlayerShip [moveLeft Line: 139] - Moving Left
[DEBUG] 2026-08-02 01:21:06 [time 32462 ms] [JavaFX Application Thread] PlayerShip [moveLeft Line: 139] - Moving Left
[DEBUG] 2026-08-02 01:21:06 [time 32469 ms] [JavaFX Application Thread] PlayerShip [moveLeft Line: 139] - Moving Left
[DEBUG] 2026-08-02 01:21:06 [time 32478 ms] [JavaFX Application Thread] PlayerShip [moveLeft Line: 139] - Moving Left
[DEBUG] 2026-08-02 01:21:06 [time 32486 ms] [JavaFX Application Thread] PlayerShip [moveLeft Line: 139] - Moving Left
[DEBUG] 2026-08-02 01:21:06 [time 32495 ms] [JavaFX Application Thread] PlayerShip [moveLeft Line: 139] - Moving Left
[DEBUG] 2026-08-02 01:21:06 [time 32503 ms] [JavaFX Application Thread] PlayerShip [moveLeft Line: 139] - Moving Left
[DEBUG] 2026-08-02 01:21:06 [time 32512 ms] [JavaFX Application Thread] PlayerShip [moveLeft Line: 139] - Moving Left
[DEBUG] 2026-08-02 01:21:06 [time 32520 ms] [JavaFX Application Thread] PlayerShip [moveLeft Line: 139] - Moving Left
[DEBUG] 2026-08-02 01:21:06 [time 32528 ms] [JavaFX Application Thread] PlayerShip [moveLeft Line: 139] - Moving Left
[DEBUG] 2026-08-02 01:21:06 [time 32537 ms] [JavaFX Application Thread] PlayerShip [moveLeft Line: 139] - Moving Left
[DEBUG] 2026-08-02 01:21:06 [time 32545 ms] [JavaFX Application Thread] PlayerShip [moveLeft Line: 139] - Moving Left
[DEBUG] 2026-08-02 01:21:06 [time 32553 ms] [JavaFX Application Thread] PlayerShip [moveLeft Line: 139] - Moving Left
[DEBUG] 2026-08-02 01:21:06 [time 32562 ms] [JavaFX Application Thread] PlayerShip [moveLeft Line: 139] - Moving Left
[DEBUG] 2026-08-02 01:21:06 [time 32570 ms] [JavaFX Application Thread] PlayerShip [moveLeft Line: 139] - Moving Left
[DEBUG] 2026-08-02 01:21:06 [time 32578 ms] [JavaFX Application Thread] PlayerShip [moveLeft Line: 139] - Moving Left
[DEBUG] 2026-08-02 01:21:06 [time 32587 ms] [JavaFX Application Thread] PlayerShip [moveLeft Line: 139] - Moving Left
[DEBUG] 2026-08-02 01:21:06 [time 32588 ms] [JavaFX Application Thread] GameController [lambda$setUpKeyEvents$8 Line: 86] - PlayerShip shoot bullet
[DEBUG] 2026-08-02 01:21:06 [time 32595 ms] [JavaFX Application Thread] PlayerShip [moveLeft Line: 139] - Moving Left
[DEBUG] 2026-08-02 01:21:06 [time 32603 ms] [JavaFX Application Thread] PlayerShip [moveLeft Line: 139] - Moving Left
[DEBUG] 2026-08-02 01:21:06 [time 32612 ms] [JavaFX Application Thread] PlayerShip [moveLeft Line: 139] - Moving Left
[DEBUG] 2026-08-02 01:21:06 [time 32620 ms] [JavaFX Application Thread] PlayerShip [moveLeft Line: 139] - Moving Left
[DEBUG] 2026-08-02 01:21:06 [time 32628 ms] [JavaFX Application Thread] PlayerShip [moveLeft Line: 139] - Moving Left
[DEBUG] 2026-08-02 01:21:06 [time 32637 ms] [JavaFX Application Thread] PlayerShip [moveLeft Line: 139] - Moving Left
[DEBUG] 2026-08-02 01:21:06 [time 32645 ms] [JavaFX Application Thread] PlayerShip [moveLeft Line: 139] - Moving Left
[DEBUG] 2026-08-02 01:21:06 [time 32653 ms] [JavaFX Application Thread] PlayerShip [moveLeft Line: 139] - Moving Left
[ INFO] 2026-08-02 01:21:06 [time 32770 ms] [JavaFX Application Thread] GameController [updateAndCollidePlayerBullet Line: 360] - Current Score: 27
[DEBUG] 2026-08-02 01:21:06 [time 32987 ms] [JavaFX Application Thread] PlayerShip [moveBottom Line: 154] - Moving Bottom
[DEBUG] 2026-08-02 01:21:06 [time 32995 ms] [JavaFX Application Thread] PlayerShip [moveBottom Line: 154] - Moving Bottom
[DEBUG] 2026-08-02 01:21:06 [time 33003 ms] [JavaFX Application Thread] PlayerShip [moveBottom Line: 154] - Moving Bottom
[DEBUG] 2026-08-02 01:21:06 [time 33012 ms] [JavaFX Application Thread] PlayerShip [moveBottom Line: 154] - Moving Bottom
[DEBUG] 2026-08-02 01:21:06 [time 33020 ms] [JavaFX Application Thread] PlayerShip [moveBottom Line: 154] - Moving Bottom
[DEBUG] 2026-08-02 01:21:06 [time 33028 ms] [JavaFX Application Thread] PlayerShip [moveBottom Line: 154] - Moving Bottom
[DEBUG] 2026-08-02 01:21:06 [time 33037 ms] [JavaFX Application Thread] PlayerShip [moveBottom Line: 154] - Moving Bottom
[DEBUG] 2026-08-02 01:21:06 [time 33045 ms] [JavaFX Application Thread] PlayerShip [moveBottom Line: 154] - Moving Bottom
[DEBUG] 2026-08-02 01:21:06 [time 33053 ms] [JavaFX Application Thread] PlayerShip [moveBottom Line: 154] - Moving Bottom
[DEBUG] 2026-08-02 01:21:06 [time 33062 ms] [JavaFX Application Thread] PlayerShip [moveBottom Line: 154] - Moving Bottom
[DEBUG] 2026-08-02 01:21:06 [time 33070 ms] [JavaFX Application Thread] PlayerShip [moveBottom Line: 154] - Moving Bottom
[DEBUG] 2026-08-02 01:21:06 [time 33078 ms] [JavaFX Application Thread] PlayerShip [moveBottom Line: 154] - Moving Bottom
[DEBUG] 2026-08-02 01:21:06 [time 33087 ms] [JavaFX Application Thread] PlayerShip [moveBottom Line: 154] - Moving Bottom
[DEBUG] 2026-08-02 01:21:06 [time 33095 ms] [JavaFX Application Thread] PlayerShip [moveBottom Line: 154] - Moving Bottom
[DEBUG] 2026-08-02 01:21:06 [time 33103 ms] [JavaFX Application Thread] PlayerShip [moveBottom Line: 154] - Moving Bottom
[DEBUG] 2026-08-02 01:21:06 [time 33112 ms] [JavaFX Application Thread] PlayerShip [moveBottom Line: 154] - Moving Bottom
[DEBUG] 2026-08-02 01:21:06 [time 33120 ms] [JavaFX Application Thread] PlayerShip [moveBottom Line: 154] - Moving Bottom
[DEBUG] 2026-08-02 01:21:06 [time 33128 ms] [JavaFX Application Thread] PlayerShip [moveBottom Line: 154] - Moving Bottom
[DEBUG] 2026-08-02 01:21:06 [time 33187 ms] [JavaFX Application Thread] PlayerShip [moveLeft Line: 139] - Moving Left
[DEBUG] 2026-08-02 01:21:06 [time 33195 ms] [JavaFX Application Thread] PlayerShip [moveLeft Line: 139] - Moving Left
[DEBUG] 2026-08-02 01:21:06 [time 33203 ms] [JavaFX Application Thread] PlayerShip [moveLeft Line: 139] - Moving Left
[DEBUG] 2026-08-02 01:21:06 [time 33212 ms] [JavaFX Application Thread] PlayerShip [moveLeft Line: 139] - Moving Left
[DEBUG] 2026-08-02 01:21:06 [time 33220 ms] [JavaFX Application Thread] PlayerShip [moveLeft Line: 139] - Moving Left
[DEBUG] 2026-08-02 01:21:06 [time 33228 ms] [JavaFX Application Thread] PlayerShip [moveLeft Line: 139] - Moving Left
[DEBUG] 2026-08-02 01:21:06 [time 33237 ms] [JavaFX Application Thread] PlayerShip [moveLeft Line: 139] - Moving Left
[DEBUG] 2026-08-02 01:21:06 [time 33245 ms] [JavaFX Application Thread] PlayerShip [moveLeft Line: 139] - Moving Left
[DEBUG] 2026-08-02 01:21:06 [time 33253 ms] [JavaFX Application Thread] PlayerShip [moveLeft Line: 139] - Moving Left
[DEBUG] 2026-08-02 01:21:06 [time 33261 ms] [JavaFX Application Thread] PlayerShip [moveLeft Line: 139] - Moving Left
[DEBUG] 2026-08-02 01:21:06 [time 33270 ms] [JavaFX Application Thread] PlayerShip [moveLeft Line: 139] - Moving Left
[DEBUG] 2026-08-02 01:21:06 [time 33278 ms] [JavaFX Application Thread] PlayerShip [moveLeft Line: 139] - Moving Left
[DEBUG] 2026-08-02 01:21:06 [time 33287 ms] [JavaFX Application Thread] PlayerShip [moveLeft Line: 139] - Moving Left
[DEBUG] 2026-08-02 01:21:06 [time 33295 ms] [JavaFX Application Thread] PlayerShip [moveLeft Line: 139] - Moving Left
[DEBUG] 2026-08-02 01:21:06 [time 33303 ms] [JavaFX Application Thread] PlayerShip [moveLeft Line: 139] - Moving Left
[DEBUG] 2026-08-02 01:21:06 [time 33312 ms] [JavaFX Application Thread] PlayerShip [moveLeft Line: 139] - Moving Left
[DEBUG] 2026-08-02 01:21:06 [time 33320 ms] [JavaFX Application Thread] PlayerShip [moveLeft Line: 139] - Moving Left
[DEBUG] 2026-08-02 01:21:06 [time 33328 ms] [JavaFX Application Thread] PlayerShip [moveLeft Line: 139] - Moving Left
[DEBUG] 2026-08-02 01:21:06 [time 33337 ms] [JavaFX Application Thread] PlayerShip [moveLeft Line: 139] - Moving Left
[DEBUG] 2026-08-02 01:21:06 [time 33345 ms] [JavaFX Application Thread] PlayerShip [moveLeft Line: 139] - Moving Left
[DEBUG] 2026-08-02 01:21:06 [time 33353 ms] [JavaFX Application Thread] PlayerShip [moveLeft Line: 139] - Moving Left
[DEBUG] 2026-08-02 01:21:06 [time 33362 ms] [JavaFX Application Thread] PlayerShip [moveLeft Line: 139] - Moving Left
[DEBUG] 2026-08-02 01:21:06 [time 33370 ms] [JavaFX Application Thread] PlayerShip [moveLeft Line: 139] - Moving Left
[DEBUG] 2026-08-02 01:21:06 [time 33378 ms] [JavaFX Application Thread] PlayerShip [moveLeft Line: 139] - Moving Left
[DEBUG] 2026-08-02 01:21:06 [time 33387 ms] [JavaFX Application Thread] PlayerShip [moveLeft Line: 139] - Moving Left
[DEBUG] 2026-08-02 01:21:06 [time 33395 ms] [JavaFX Application Thread] PlayerShip [moveLeft Line: 139] - Moving Left
[DEBUG] 2026-08-02 01:21:06 [time 33403 ms] [JavaFX Application Thread] PlayerShip [moveLeft Line: 139] - Moving Left
[DEBUG] 2026-08-02 01:21:06 [time 33412 ms] [JavaFX Application Thread] PlayerShip [moveLeft Line: 139] - Moving Left
[DEBUG] 2026-08-02 01:21:06 [time 33420 ms] [JavaFX Application Thread] PlayerShip [moveLeft Line: 139] - Moving Left
[DEBUG] 2026-08-02 01:21:06 [time 33428 ms] [JavaFX Application Thread] PlayerShip [moveLeft Line: 139] - Moving Left
[DEBUG] 2026-08-02 01:21:06 [time 33437 ms] [JavaFX Application Thread] PlayerShip [moveLeft Line: 139] - Moving Left
[DEBUG] 2026-08-02 01:21:06 [time 33445 ms] [JavaFX Application Thread] PlayerShip [moveLeft Line: 139] - Moving Left
[DEBUG] 2026-08-02 01:21:07 [time 33453 ms] [JavaFX Application Thread] PlayerShip [moveLeft Line: 139] - Moving Left
[DEBUG] 2026-08-02 01:21:07 [time 33462 ms] [JavaFX Application Thread] PlayerShip [moveLeft Line: 139] - Moving Left
[DEBUG] 2026-08-02 01:21:07 [time 33470 ms] [JavaFX Application Thread] PlayerShip [moveLeft Line: 139] - Moving Left
[DEBUG] 2026-08-02 01:21:07 [time 33478 ms] [JavaFX Application Thread] PlayerShip [moveLeft Line: 139] - Moving Left
[DEBUG] 2026-08-02 01:21:07 [time 33487 ms] [JavaFX Application Thread] PlayerShip [moveLeft Line: 139] - Moving Left
[DEBUG] 2026-08-02 01:21:07 [time 33495 ms] [JavaFX Application Thread] PlayerShip [moveLeft Line: 139] - Moving Left
[DEBUG] 2026-08-02 01:21:07 [time 33503 ms] [JavaFX Application Thread] PlayerShip [moveLeft Line: 139] - Moving Left
[DEBUG] 2026-08-02 01:21:07 [time 33512 ms] [JavaFX Application Thread] PlayerShip [moveLeft Line: 139] - Moving Left
[DEBUG] 2026-08-02 01:21:07 [time 33520 ms] [JavaFX Application Thread] PlayerShip [moveLeft Line: 139] - Moving Left
[DEBUG] 2026-08-02 01:21:07 [time 33528 ms] [JavaFX Application Thread] PlayerShip [moveLeft Line: 139] - Moving Left
[DEBUG] 2026-08-02 01:21:07 [time 33537 ms] [JavaFX Application Thread] PlayerShip [moveLeft Line: 139] - Moving Left
[DEBUG] 2026-08-02 01:21:07 [time 33545 ms] [JavaFX Application Thread] PlayerShip [moveLeft Line: 139] - Moving Left
[DEBUG] 2026-08-02 01:21:07 [time 33553 ms] [JavaFX Application Thread] PlayerShip [moveLeft Line: 139] - Moving Left
[DEBUG] 2026-08-02 01:21:07 [time 33562 ms] [JavaFX Application Thread] PlayerShip [moveLeft Line: 139] - Moving Left
[DEBUG] 2026-08-02 01:21:07 [time 33570 ms] [JavaFX Application Thread] PlayerShip [moveLeft Line: 139] - Moving Left
[DEBUG] 2026-08-02 01:21:07 [time 33578 ms] [JavaFX Application Thread] PlayerShip [moveLeft Line: 139] - Moving Left
[DEBUG] 2026-08-02 01:21:07 [time 33587 ms] [JavaFX Application Thread] PlayerShip [moveLeft Line: 139] - Moving Left
[DEBUG] 2026-08-02 01:21:07 [time 33595 ms] [JavaFX Application Thread] PlayerShip [moveLeft Line: 139] - Moving Left
[DEBUG] 2026-08-02 01:21:07 [time 33603 ms] [JavaFX Application Thread] PlayerShip [moveLeft Line: 139] - Moving Left
[DEBUG] 2026-08-02 01:21:07 [time 33611 ms] [JavaFX Application Thread] PlayerShip [moveLeft Line: 139] - Moving Left
[DEBUG] 2026-08-02 01:21:07 [time 33620 ms] [JavaFX Application Thread] PlayerShip [moveLeft Line: 139] - Moving Left
[DEBUG] 2026-08-02 01:21:07 [time 33687 ms] [JavaFX Application Thread] PlayerShip [moveRight Line: 144] - Moving Right
[DEBUG] 2026-08-02 01:21:07 [time 33695 ms] [JavaFX Application Thread] PlayerShip [moveRight Line: 144] - Moving Right
[DEBUG] 2026-08-02 01:21:07 [time 33703 ms] [JavaFX Application Thread] PlayerShip [moveRight Line: 144] - Moving Right
[DEBUG] 2026-08-02 01:21:07 [time 33703 ms] [JavaFX Application Thread] PlayerShip [moveBottom Line: 154] - Moving Bottom
[DEBUG] 2026-08-02 01:21:07 [time 33712 ms] [JavaFX Application Thread] PlayerShip [moveRight Line: 144] - Moving Right
[DEBUG] 2026-08-02 01:21:07 [time 33712 ms] [JavaFX Application Thread] PlayerShip [moveBottom Line: 154] - Moving Bottom
[DEBUG] 2026-08-02 01:21:07 [time 33720 ms] [JavaFX Application Thread] PlayerShip [moveRight Line: 144] - Moving Right
[DEBUG] 2026-08-02 01:21:07 [time 33720 ms] [JavaFX Application Thread] PlayerShip [moveBottom Line: 154] - Moving Bottom
[DEBUG] 2026-08-02 01:21:07 [time 33728 ms] [JavaFX Application Thread] PlayerShip [moveBottom Line: 154] - Moving Bottom
[DEBUG] 2026-08-02 01:21:07 [time 33737 ms] [JavaFX Application Thread] PlayerShip [moveBottom Line: 154] - Moving Bottom
[DEBUG] 2026-08-02 01:21:07 [time 33745 ms] [JavaFX Application Thread] PlayerShip [moveBottom Line: 154] - Moving Bottom
[DEBUG] 2026-08-02 01:21:07 [time 33753 ms] [JavaFX Application Thread] PlayerShip [moveBottom Line: 154] - Moving Bottom
[DEBUG] 2026-08-02 01:21:07 [time 33762 ms] [JavaFX Application Thread] PlayerShip [moveBottom Line: 154] - Moving Bottom
[DEBUG] 2026-08-02 01:21:07 [time 33770 ms] [JavaFX Application Thread] PlayerShip [moveBottom Line: 154] - Moving Bottom
[DEBUG] 2026-08-02 01:21:07 [time 33778 ms] [JavaFX Application Thread] PlayerShip [moveBottom Line: 154] - Moving Bottom
[DEBUG] 2026-08-02 01:21:07 [time 33787 ms] [JavaFX Application Thread] PlayerShip [moveBottom Line: 154] - Moving Bottom
[DEBUG] 2026-08-02 01:21:07 [time 33795 ms] [JavaFX Application Thread] PlayerShip [moveBottom Line: 154] - Moving Bottom
[DEBUG] 2026-08-02 01:21:07 [time 33803 ms] [JavaFX Application Thread] PlayerShip [moveBottom Line: 154] - Moving Bottom
[DEBUG] 2026-08-02 01:21:07 [time 33812 ms] [JavaFX Application Thread] PlayerShip [moveBottom Line: 154] - Moving Bottom
[DEBUG] 2026-08-02 01:21:07 [time 33820 ms] [JavaFX Application Thread] PlayerShip [moveBottom Line: 154] - Moving Bottom
[DEBUG] 2026-08-02 01:21:07 [time 33828 ms] [JavaFX Application Thread] PlayerShip [moveBottom Line: 154] - Moving Bottom
[DEBUG] 2026-08-02 01:21:07 [time 33837 ms] [JavaFX Application Thread] PlayerShip [moveBottom Line: 154] - Moving Bottom
[DEBUG] 2026-08-02 01:21:07 [time 33845 ms] [JavaFX Application Thread] PlayerShip [moveBottom Line: 154] - Moving Bottom
[DEBUG] 2026-08-02 01:21:07 [time 33853 ms] [JavaFX Application Thread] PlayerShip [moveBottom Line: 154] - Moving Bottom
[DEBUG] 2026-08-02 01:21:07 [time 33861 ms] [JavaFX Application Thread] PlayerShip [moveBottom Line: 154] - Moving Bottom
[DEBUG] 2026-08-02 01:21:07 [time 33870 ms] [JavaFX Application Thread] PlayerShip [moveBottom Line: 154] - Moving Bottom
[DEBUG] 2026-08-02 01:21:07 [time 33878 ms] [JavaFX Application Thread] PlayerShip [moveBottom Line: 154] - Moving Bottom
[DEBUG] 2026-08-02 01:21:07 [time 33887 ms] [JavaFX Application Thread] PlayerShip [moveRight Line: 144] - Moving Right
[DEBUG] 2026-08-02 01:21:07 [time 33887 ms] [JavaFX Application Thread] PlayerShip [moveBottom Line: 154] - Moving Bottom
[DEBUG] 2026-08-02 01:21:07 [time 33895 ms] [JavaFX Application Thread] PlayerShip [moveRight Line: 144] - Moving Right
[DEBUG] 2026-08-02 01:21:07 [time 33895 ms] [JavaFX Application Thread] PlayerShip [moveBottom Line: 154] - Moving Bottom
[DEBUG] 2026-08-02 01:21:07 [time 33903 ms] [JavaFX Application Thread] PlayerShip [moveRight Line: 144] - Moving Right
[DEBUG] 2026-08-02 01:21:07 [time 33904 ms] [JavaFX Application Thread] PlayerShip [moveBottom Line: 154] - Moving Bottom
[DEBUG] 2026-08-02 01:21:07 [time 33912 ms] [JavaFX Application Thread] PlayerShip [moveRight Line: 144] - Moving Right
[DEBUG] 2026-08-02 01:21:07 [time 33912 ms] [JavaFX Application Thread] PlayerShip [moveBottom Line: 154] - Moving Bottom
[DEBUG] 2026-08-02 01:21:07 [time 33920 ms] [JavaFX Application Thread] PlayerShip [moveRight Line: 144] - Moving Right
[DEBUG] 2026-08-02 01:21:07 [time 33920 ms] [JavaFX Application Thread] PlayerShip [moveBottom Line: 154] - Moving Bottom
[DEBUG] 2026-08-02 01:21:07 [time 33928 ms] [JavaFX Application Thread] PlayerShip [moveRight Line: 144] - Moving Right
[DEBUG] 2026-08-02 01:21:07 [time 33929 ms] [JavaFX Application Thread] PlayerShip [moveBottom Line: 154] - Moving Bottom
[DEBUG] 2026-08-02 01:21:07 [time 33937 ms] [JavaFX Application Thread] PlayerShip [moveRight Line: 144] - Moving Right
[DEBUG] 2026-08-02 01:21:07 [time 33937 ms] [JavaFX Application Thread] PlayerShip [moveBottom Line: 154] - Moving Bottom
[DEBUG] 2026-08-02 01:21:07 [time 33945 ms] [JavaFX Application Thread] PlayerShip [moveRight Line: 144] - Moving Right
[DEBUG] 2026-08-02 01:21:07 [time 33953 ms] [JavaFX Application Thread] PlayerShip [moveRight Line: 144] - Moving Right
[DEBUG] 2026-08-02 01:21:07 [time 33962 ms] [JavaFX Application Thread] PlayerShip [moveRight Line: 144] - Moving Right
[DEBUG] 2026-08-02 01:21:07 [time 33970 ms] [JavaFX Application Thread] PlayerShip [moveRight Line: 144] - Moving Right
[DEBUG] 2026-08-02 01:21:07 [time 33972 ms] [JavaFX Application Thread] GameController [lambda$addEventListeners$0 Line: 59] - angle: -47.90776286349625, rotatedangle: 42.09223713650375
[DEBUG] 2026-08-02 01:21:07 [time 33978 ms] [JavaFX Application Thread] PlayerShip [moveRight Line: 144] - Moving Right
[DEBUG] 2026-08-02 01:21:07 [time 33987 ms] [JavaFX Application Thread] PlayerShip [moveRight Line: 144] - Moving Right
[DEBUG] 2026-08-02 01:21:07 [time 33988 ms] [JavaFX Application Thread] GameController [lambda$addEventListeners$0 Line: 59] - angle: -48.78950009993072, rotatedangle: 41.21049990006928
[DEBUG] 2026-08-02 01:21:07 [time 33995 ms] [JavaFX Application Thread] PlayerShip [moveRight Line: 144] - Moving Right
[DEBUG] 2026-08-02 01:21:07 [time 34003 ms] [JavaFX Application Thread] PlayerShip [moveRight Line: 144] - Moving Right
[DEBUG] 2026-08-02 01:21:07 [time 34004 ms] [JavaFX Application Thread] GameController [lambda$addEventListeners$0 Line: 59] - angle: -49.78699662794779, rotatedangle: 40.21300337205221
[DEBUG] 2026-08-02 01:21:07 [time 34012 ms] [JavaFX Application Thread] PlayerShip [moveRight Line: 144] - Moving Right
[DEBUG] 2026-08-02 01:21:07 [time 34013 ms] [JavaFX Application Thread] GameController [lambda$addEventListeners$0 Line: 59] - angle: -50.29705084178084, rotatedangle: 39.70294915821916
[DEBUG] 2026-08-02 01:21:07 [time 34020 ms] [JavaFX Application Thread] PlayerShip [moveRight Line: 144] - Moving Right
[DEBUG] 2026-08-02 01:21:07 [time 34028 ms] [JavaFX Application Thread] PlayerShip [moveRight Line: 144] - Moving Right
[DEBUG] 2026-08-02 01:21:07 [time 34036 ms] [JavaFX Application Thread] PlayerShip [moveRight Line: 144] - Moving Right
[DEBUG] 2026-08-02 01:21:07 [time 34045 ms] [JavaFX Application Thread] PlayerShip [moveRight Line: 144] - Moving Right
[DEBUG] 2026-08-02 01:21:07 [time 34053 ms] [JavaFX Application Thread] GameController [lambda$addEventListeners$0 Line: 59] - angle: -52.41463029097472, rotatedangle: 37.58536970902528
[DEBUG] 2026-08-02 01:21:07 [time 34053 ms] [JavaFX Application Thread] PlayerShip [moveRight Line: 144] - Moving Right
[DEBUG] 2026-08-02 01:21:07 [time 34062 ms] [JavaFX Application Thread] PlayerShip [moveRight Line: 144] - Moving Right
[DEBUG] 2026-08-02 01:21:07 [time 34070 ms] [JavaFX Application Thread] PlayerShip [moveRight Line: 144] - Moving Right
[DEBUG] 2026-08-02 01:21:07 [time 34078 ms] [JavaFX Application Thread] PlayerShip [moveRight Line: 144] - Moving Right
[DEBUG] 2026-08-02 01:21:07 [time 34087 ms] [JavaFX Application Thread] PlayerShip [moveRight Line: 144] - Moving Right
[DEBUG] 2026-08-02 01:21:07 [time 34094 ms] [JavaFX Application Thread] PlayerShip [moveRight Line: 144] - Moving Right
[DEBUG] 2026-08-02 01:21:07 [time 34102 ms] [JavaFX Application Thread] PlayerShip [moveRight Line: 144] - Moving Right
[DEBUG] 2026-08-02 01:21:07 [time 34112 ms] [JavaFX Application Thread] PlayerShip [moveRight Line: 144] - Moving Right
[DEBUG] 2026-08-02 01:21:07 [time 34120 ms] [JavaFX Application Thread] PlayerShip [moveRight Line: 144] - Moving Right
[DEBUG] 2026-08-02 01:21:07 [time 34128 ms] [JavaFX Application Thread] PlayerShip [moveRight Line: 144] - Moving Right
[DEBUG] 2026-08-02 01:21:07 [time 34137 ms] [JavaFX Application Thread] PlayerShip [moveRight Line: 144] - Moving Right
[DEBUG] 2026-08-02 01:21:07 [time 34145 ms] [JavaFX Application Thread] PlayerShip [moveRight Line: 144] - Moving Right
[DEBUG] 2026-08-02 01:21:07 [time 34153 ms] [JavaFX Application Thread] PlayerShip [moveRight Line: 144] - Moving Right
[DEBUG] 2026-08-02 01:21:07 [time 34162 ms] [JavaFX Application Thread] PlayerShip [moveRight Line: 144] - Moving Right
[DEBUG] 2026-08-02 01:21:07 [time 34170 ms] [JavaFX Application Thread] PlayerShip [moveRight Line: 144] - Moving Right
[DEBUG] 2026-08-02 01:21:07 [time 34178 ms] [JavaFX Application Thread] PlayerShip [moveRight Line: 144] - Moving Right
[DEBUG] 2026-08-02 01:21:07 [time 34187 ms] [JavaFX Application Thread] PlayerShip [moveRight Line: 144] - Moving Right
[DEBUG] 2026-08-02 01:21:07 [time 34194 ms] [JavaFX Application Thread] GameController [lambda$addEventListeners$0 Line: 59] - angle: -62.882051346087124, rotatedangle: 27.117948653912876
[DEBUG] 2026-08-02 01:21:07 [time 34195 ms] [JavaFX Application Thread] PlayerShip [moveRight Line: 144] - Moving Right
[DEBUG] 2026-08-02 01:21:07 [time 34201 ms] [JavaFX Application Thread] GameController [lambda$addEventListeners$0 Line: 59] - angle: -63.43494882292201, rotatedangle: 26.56505117707799
[DEBUG] 2026-08-02 01:21:07 [time 34203 ms] [JavaFX Application Thread] PlayerShip [moveRight Line: 144] - Moving Right
[DEBUG] 2026-08-02 01:21:07 [time 34210 ms] [JavaFX Application Thread] GameController [lambda$addEventListeners$0 Line: 59] - angle: -63.85571809704407, rotatedangle: 26.14428190295593
[DEBUG] 2026-08-02 01:21:07 [time 34212 ms] [JavaFX Application Thread] PlayerShip [moveRight Line: 144] - Moving Right
[DEBUG] 2026-08-02 01:21:07 [time 34218 ms] [JavaFX Application Thread] GameController [lambda$addEventListeners$0 Line: 59] - angle: -64.06919353734814, rotatedangle: 25.93080646265186
[DEBUG] 2026-08-02 01:21:07 [time 34220 ms] [JavaFX Application Thread] PlayerShip [moveRight Line: 144] - Moving Right
[DEBUG] 2026-08-02 01:21:07 [time 34226 ms] [JavaFX Application Thread] GameController [lambda$addEventListeners$0 Line: 59] - angle: -64.1466589111642, rotatedangle: 25.853341088835805
[DEBUG] 2026-08-02 01:21:07 [time 34228 ms] [JavaFX Application Thread] PlayerShip [moveRight Line: 144] - Moving Right
[DEBUG] 2026-08-02 01:21:07 [time 34235 ms] [JavaFX Application Thread] GameController [lambda$addEventListeners$0 Line: 59] - angle: -63.00416382987531, rotatedangle: 26.99583617012469
[DEBUG] 2026-08-02 01:21:07 [time 34237 ms] [JavaFX Application Thread] PlayerShip [moveRight Line: 144] - Moving Right
[DEBUG] 2026-08-02 01:21:07 [time 34243 ms] [JavaFX Application Thread] GameController [lambda$addEventListeners$0 Line: 59] - angle: -61.68822504242628, rotatedangle: 28.311774957573718
[DEBUG] 2026-08-02 01:21:07 [time 34245 ms] [JavaFX Application Thread] PlayerShip [moveRight Line: 144] - Moving Right
[DEBUG] 2026-08-02 01:21:07 [time 34251 ms] [JavaFX Application Thread] GameController [lambda$addEventListeners$0 Line: 59] - angle: -59.57648798981929, rotatedangle: 30.42351201018071
[DEBUG] 2026-08-02 01:21:07 [time 34253 ms] [JavaFX Application Thread] PlayerShip [moveRight Line: 144] - Moving Right
[DEBUG] 2026-08-02 01:21:07 [time 34260 ms] [JavaFX Application Thread] GameController [lambda$addEventListeners$0 Line: 59] - angle: -56.876264403759606, rotatedangle: 33.123735596240394
[DEBUG] 2026-08-02 01:21:07 [time 34262 ms] [JavaFX Application Thread] PlayerShip [moveRight Line: 144] - Moving Right
[DEBUG] 2026-08-02 01:21:07 [time 34266 ms] [JavaFX Application Thread] GameController [lambda$addEventListeners$0 Line: 59] - angle: -53.6156450449746, rotatedangle: 36.3843549550254
[DEBUG] 2026-08-02 01:21:07 [time 34270 ms] [JavaFX Application Thread] PlayerShip [moveRight Line: 144] - Moving Right
[DEBUG] 2026-08-02 01:21:07 [time 34274 ms] [JavaFX Application Thread] GameController [lambda$addEventListeners$0 Line: 59] - angle: -52.60285546248864, rotatedangle: 37.39714453751136
[DEBUG] 2026-08-02 01:21:07 [time 34282 ms] [JavaFX Application Thread] GameController [lambda$addEventListeners$0 Line: 59] - angle: -49.51399196789405, rotatedangle: 40.48600803210595
[DEBUG] 2026-08-02 01:21:07 [time 34290 ms] [JavaFX Application Thread] GameController [lambda$addEventListeners$0 Line: 59] - angle: -48.39597975352262, rotatedangle: 41.60402024647738
[DEBUG] 2026-08-02 01:21:07 [time 34298 ms] [JavaFX Application Thread] GameController [lambda$addEventListeners$0 Line: 59] - angle: -46.89652190352581, rotatedangle: 43.10347809647419
[DEBUG] 2026-08-02 01:21:07 [time 34306 ms] [JavaFX Application Thread] GameController [lambda$addEventListeners$0 Line: 59] - angle: -45.50703289480614, rotatedangle: 44.49296710519386
[DEBUG] 2026-08-02 01:21:07 [time 34315 ms] [JavaFX Application Thread] GameController [lambda$addEventListeners$0 Line: 59] - angle: -44.8729585684765, rotatedangle: 45.1270414315235
[DEBUG] 2026-08-02 01:21:07 [time 34323 ms] [JavaFX Application Thread] GameController [lambda$addEventListeners$0 Line: 59] - angle: -44.49071367517437, rotatedangle: 45.50928632482563
[DEBUG] 2026-08-02 01:21:07 [time 34331 ms] [JavaFX Application Thread] GameController [lambda$addEventListeners$0 Line: 59] - angle: -44.23269168491031, rotatedangle: 45.76730831508969
[DEBUG] 2026-08-02 01:21:07 [time 34339 ms] [JavaFX Application Thread] GameController [lambda$addEventListeners$0 Line: 59] - angle: -44.23269168491031, rotatedangle: 45.76730831508969
[DEBUG] 2026-08-02 01:21:07 [time 34348 ms] [JavaFX Application Thread] GameController [lambda$addEventListeners$0 Line: 59] - angle: -44.10282399101242, rotatedangle: 45.89717600898758
[DEBUG] 2026-08-02 01:21:07 [time 34356 ms] [JavaFX Application Thread] GameController [lambda$addEventListeners$0 Line: 59] - angle: -44.73956643218663, rotatedangle: 45.26043356781337
[DEBUG] 2026-08-02 01:21:07 [time 34365 ms] [JavaFX Application Thread] GameController [lambda$addEventListeners$0 Line: 59] - angle: -45.66158467769415, rotatedangle: 44.33841532230585
[DEBUG] 2026-08-02 01:21:07 [time 34373 ms] [JavaFX Application Thread] GameController [lambda$addEventListeners$0 Line: 59] - angle: -48.20298416174847, rotatedangle: 41.79701583825153
[DEBUG] 2026-08-02 01:21:07 [time 34381 ms] [JavaFX Application Thread] GameController [lambda$addEventListeners$0 Line: 59] - angle: -50.351331608662136, rotatedangle: 39.648668391337864
[DEBUG] 2026-08-02 01:21:07 [time 34389 ms] [JavaFX Application Thread] GameController [lambda$addEventListeners$0 Line: 59] - angle: -51.5030559448817, rotatedangle: 38.4969440551183
[DEBUG] 2026-08-02 01:21:07 [time 34397 ms] [JavaFX Application Thread] GameController [lambda$addEventListeners$0 Line: 59] - angle: -53.909008513740105, rotatedangle: 36.090991486259895
[DEBUG] 2026-08-02 01:21:07 [time 34406 ms] [JavaFX Application Thread] GameController [lambda$addEventListeners$0 Line: 59] - angle: -56.683998121459254, rotatedangle: 33.316001878540746
[DEBUG] 2026-08-02 01:21:07 [time 34412 ms] [JavaFX Application Thread] PlayerShip [moveTop Line: 149] - Moving Top
[DEBUG] 2026-08-02 01:21:07 [time 34413 ms] [JavaFX Application Thread] GameController [lambda$addEventListeners$0 Line: 59] - angle: -58.547938988000496, rotatedangle: 31.452061011999504
[DEBUG] 2026-08-02 01:21:07 [time 34420 ms] [JavaFX Application Thread] PlayerShip [moveTop Line: 149] - Moving Top
[DEBUG] 2026-08-02 01:21:07 [time 34421 ms] [JavaFX Application Thread] GameController [lambda$addEventListeners$0 Line: 59] - angle: -61.09082003017368, rotatedangle: 28.90917996982632
[DEBUG] 2026-08-02 01:21:07 [time 34428 ms] [JavaFX Application Thread] PlayerShip [moveTop Line: 149] - Moving Top
[DEBUG] 2026-08-02 01:21:07 [time 34430 ms] [JavaFX Application Thread] GameController [lambda$addEventListeners$0 Line: 59] - angle: -63.4349452544962, rotatedangle: 26.5650547455038
[DEBUG] 2026-08-02 01:21:07 [time 34437 ms] [JavaFX Application Thread] PlayerShip [moveTop Line: 149] - Moving Top
[DEBUG] 2026-08-02 01:21:07 [time 34438 ms] [JavaFX Application Thread] GameController [lambda$addEventListeners$0 Line: 59] - angle: -65.26291706722702, rotatedangle: 24.737082932772978
[DEBUG] 2026-08-02 01:21:07 [time 34445 ms] [JavaFX Application Thread] PlayerShip [moveTop Line: 149] - Moving Top
[DEBUG] 2026-08-02 01:21:07 [time 34446 ms] [JavaFX Application Thread] GameController [lambda$addEventListeners$0 Line: 59] - angle: -67.51149459374035, rotatedangle: 22.488505406259648
[DEBUG] 2026-08-02 01:21:08 [time 34453 ms] [JavaFX Application Thread] PlayerShip [moveTop Line: 149] - Moving Top
[DEBUG] 2026-08-02 01:21:08 [time 34454 ms] [JavaFX Application Thread] GameController [lambda$addEventListeners$0 Line: 59] - angle: -67.7633125318677, rotatedangle: 22.236687468132303
[DEBUG] 2026-08-02 01:21:08 [time 34462 ms] [JavaFX Application Thread] PlayerShip [moveTop Line: 149] - Moving Top
[DEBUG] 2026-08-02 01:21:08 [time 34462 ms] [JavaFX Application Thread] GameController [lambda$addEventListeners$0 Line: 59] - angle: -69.15908066043269, rotatedangle: 20.840919339567307
[DEBUG] 2026-08-02 01:21:08 [time 34470 ms] [JavaFX Application Thread] PlayerShip [moveTop Line: 149] - Moving Top
[DEBUG] 2026-08-02 01:21:08 [time 34470 ms] [JavaFX Application Thread] GameController [lambda$addEventListeners$0 Line: 59] - angle: -70.36740446246958, rotatedangle: 19.63259553753042
[DEBUG] 2026-08-02 01:21:08 [time 34479 ms] [JavaFX Application Thread] GameController [lambda$addEventListeners$0 Line: 59] - angle: -71.66504370996475, rotatedangle: 18.33495629003525
[DEBUG] 2026-08-02 01:21:08 [time 34479 ms] [JavaFX Application Thread] PlayerShip [moveTop Line: 149] - Moving Top
[DEBUG] 2026-08-02 01:21:08 [time 34487 ms] [JavaFX Application Thread] GameController [lambda$addEventListeners$0 Line: 59] - angle: -72.49074898371192, rotatedangle: 17.509251016288076
[DEBUG] 2026-08-02 01:21:08 [time 34487 ms] [JavaFX Application Thread] PlayerShip [moveTop Line: 149] - Moving Top
[DEBUG] 2026-08-02 01:21:08 [time 34495 ms] [JavaFX Application Thread] GameController [lambda$addEventListeners$0 Line: 59] - angle: -73.36487448598884, rotatedangle: 16.635125514011165
[DEBUG] 2026-08-02 01:21:08 [time 34495 ms] [JavaFX Application Thread] PlayerShip [moveTop Line: 149] - Moving Top
[DEBUG] 2026-08-02 01:21:08 [time 34503 ms] [JavaFX Application Thread] GameController [lambda$addEventListeners$0 Line: 59] - angle: -73.62984614472747, rotatedangle: 16.370153855272534
[DEBUG] 2026-08-02 01:21:08 [time 34503 ms] [JavaFX Application Thread] PlayerShip [moveTop Line: 149] - Moving Top
[DEBUG] 2026-08-02 01:21:08 [time 34511 ms] [JavaFX Application Thread] GameController [lambda$addEventListeners$0 Line: 59] - angle: -73.57070158915514, rotatedangle: 16.429298410844865
[DEBUG] 2026-08-02 01:21:08 [time 34512 ms] [JavaFX Application Thread] PlayerShip [moveTop Line: 149] - Moving Top
[DEBUG] 2026-08-02 01:21:08 [time 34520 ms] [JavaFX Application Thread] GameController [lambda$addEventListeners$0 Line: 59] - angle: -73.85565437643389, rotatedangle: 16.14434562356611
[DEBUG] 2026-08-02 01:21:08 [time 34520 ms] [JavaFX Application Thread] PlayerShip [moveTop Line: 149] - Moving Top
[DEBUG] 2026-08-02 01:21:08 [time 34528 ms] [JavaFX Application Thread] PlayerShip [moveTop Line: 149] - Moving Top
[DEBUG] 2026-08-02 01:21:08 [time 34537 ms] [JavaFX Application Thread] PlayerShip [moveTop Line: 149] - Moving Top
[DEBUG] 2026-08-02 01:21:08 [time 34545 ms] [JavaFX Application Thread] PlayerShip [moveTop Line: 149] - Moving Top
[DEBUG] 2026-08-02 01:21:08 [time 34553 ms] [JavaFX Application Thread] PlayerShip [moveTop Line: 149] - Moving Top
[DEBUG] 2026-08-02 01:21:08 [time 34609 ms] [JavaFX Application Thread] GameController [lambda$setUpKeyEvents$8 Line: 86] - PlayerShip shoot bullet
[ INFO] 2026-08-02 01:21:08 [time 34687 ms] [JavaFX Application Thread] GameController [updateAndCollidePlayerBullet Line: 360] - Current Score: 28
[DEBUG] 2026-08-02 01:21:08 [time 34839 ms] [JavaFX Application Thread] GameController [lambda$setUpKeyEvents$8 Line: 86] - PlayerShip shoot bullet
[DEBUG] 2026-08-02 01:21:08 [time 34920 ms] [JavaFX Application Thread] PlayerShip [moveLeft Line: 139] - Moving Left
[DEBUG] 2026-08-02 01:21:08 [time 34928 ms] [JavaFX Application Thread] PlayerShip [moveLeft Line: 139] - Moving Left
[DEBUG] 2026-08-02 01:21:08 [time 34937 ms] [JavaFX Application Thread] PlayerShip [moveLeft Line: 139] - Moving Left
[DEBUG] 2026-08-02 01:21:08 [time 34945 ms] [JavaFX Application Thread] PlayerShip [moveLeft Line: 139] - Moving Left
[DEBUG] 2026-08-02 01:21:08 [time 34953 ms] [JavaFX Application Thread] PlayerShip [moveLeft Line: 139] - Moving Left
[DEBUG] 2026-08-02 01:21:08 [time 34962 ms] [JavaFX Application Thread] PlayerShip [moveLeft Line: 139] - Moving Left
[DEBUG] 2026-08-02 01:21:08 [time 34970 ms] [JavaFX Application Thread] PlayerShip [moveLeft Line: 139] - Moving Left
[DEBUG] 2026-08-02 01:21:08 [time 34978 ms] [JavaFX Application Thread] PlayerShip [moveLeft Line: 139] - Moving Left
[DEBUG] 2026-08-02 01:21:08 [time 34987 ms] [JavaFX Application Thread] PlayerShip [moveLeft Line: 139] - Moving Left
[DEBUG] 2026-08-02 01:21:08 [time 34995 ms] [JavaFX Application Thread] PlayerShip [moveLeft Line: 139] - Moving Left
[DEBUG] 2026-08-02 01:21:08 [time 35029 ms] [JavaFX Application Thread] GameController [lambda$setUpKeyEvents$8 Line: 86] - PlayerShip shoot bullet
[DEBUG] 2026-08-02 01:21:08 [time 35195 ms] [JavaFX Application Thread] PlayerShip [moveTop Line: 149] - Moving Top
[DEBUG] 2026-08-02 01:21:08 [time 35203 ms] [JavaFX Application Thread] PlayerShip [moveTop Line: 149] - Moving Top
[DEBUG] 2026-08-02 01:21:08 [time 35212 ms] [JavaFX Application Thread] PlayerShip [moveTop Line: 149] - Moving Top
[DEBUG] 2026-08-02 01:21:08 [time 35220 ms] [JavaFX Application Thread] PlayerShip [moveTop Line: 149] - Moving Top
[DEBUG] 2026-08-02 01:21:08 [time 35228 ms] [JavaFX Application Thread] PlayerShip [moveTop Line: 149] - Moving Top
[DEBUG] 2026-08-02 01:21:08 [time 35237 ms] [JavaFX Application Thread] PlayerShip [moveTop Line: 149] - Moving Top
[DEBUG] 2026-08-02 01:21:08 [time 35245 ms] [JavaFX Application Thread] PlayerShip [moveTop Line: 149] - Moving Top
[DEBUG] 2026-08-02 01:21:08 [time 35253 ms] [JavaFX Application Thread] PlayerShip [moveTop Line: 149] - Moving Top
[DEBUG] 2026-08-02 01:21:08 [time 35262 ms] [JavaFX Application Thread] PlayerShip [moveTop Line: 149] - Moving Top
[DEBUG] 2026-08-02 01:21:08 [time 35270 ms] [JavaFX Application Thread] PlayerShip [moveTop Line: 149] - Moving Top
[DEBUG] 2026-08-02 01:21:08 [time 35278 ms] [JavaFX Application Thread] PlayerShip [moveTop Line: 149] - Moving Top
[DEBUG] 2026-08-02 01:21:08 [time 35287 ms] [JavaFX Application Thread] PlayerShip [moveTop Line: 149] - Moving Top
[DEBUG] 2026-08-02 01:21:08 [time 35295 ms] [JavaFX Application Thread] PlayerShip [moveTop Line: 149] - Moving Top
[DEBUG] 2026-08-02 01:21:08 [time 35303 ms] [JavaFX Application Thread] PlayerShip [moveTop Line: 149] - Moving Top
[DEBUG] 2026-08-02 01:21:08 [time 35312 ms] [JavaFX Application Thread] PlayerShip [moveTop Line: 149] - Moving Top
[DEBUG] 2026-08-02 01:21:08 [time 35320 ms] [JavaFX Application Thread] PlayerShip [moveTop Line: 149] - Moving Top
[DEBUG] 2026-08-02 01:21:08 [time 35328 ms] [JavaFX Application Thread] PlayerShip [moveTop Line: 149] - Moving Top
[DEBUG] 2026-08-02 01:21:08 [time 35337 ms] [JavaFX Application Thread] PlayerShip [moveTop Line: 149] - Moving Top
[DEBUG] 2026-08-02 01:21:08 [time 35345 ms] [JavaFX Application Thread] PlayerShip [moveTop Line: 149] - Moving Top
[DEBUG] 2026-08-02 01:21:08 [time 35353 ms] [JavaFX Application Thread] PlayerShip [moveTop Line: 149] - Moving Top
[DEBUG] 2026-08-02 01:21:08 [time 35362 ms] [JavaFX Application Thread] PlayerShip [moveTop Line: 149] - Moving Top
[DEBUG] 2026-08-02 01:21:08 [time 35370 ms] [JavaFX Application Thread] PlayerShip [moveTop Line: 149] - Moving Top
[DEBUG] 2026-08-02 01:21:08 [time 35378 ms] [JavaFX Application Thread] PlayerShip [moveTop Line: 149] - Moving Top
[DEBUG] 2026-08-02 01:21:08 [time 35387 ms] [JavaFX Application Thread] PlayerShip [moveTop Line: 149] - Moving Top
[DEBUG] 2026-08-02 01:21:08 [time 35395 ms] [JavaFX Application Thread] PlayerShip [moveTop Line: 149] - Moving Top
[DEBUG] 2026-08-02 01:21:08 [time 35403 ms] [JavaFX Application Thread] PlayerShip [moveTop Line: 149] - Moving Top
[DEBUG] 2026-08-02 01:21:08 [time 35412 ms] [JavaFX Application Thread] PlayerShip [moveTop Line: 149] - Moving Top
[DEBUG] 2026-08-02 01:21:08 [time 35420 ms] [JavaFX Application Thread] PlayerShip [moveTop Line: 149] - Moving Top
[DEBUG] 2026-08-02 01:21:08 [time 35428 ms] [JavaFX Application Thread] PlayerShip [moveTop Line: 149] - Moving Top
[DEBUG] 2026-08-02 01:21:08 [time 35437 ms] [JavaFX Application Thread] PlayerShip [moveTop Line: 149] - Moving Top
[DEBUG] 2026-08-02 01:21:08 [time 35445 ms] [JavaFX Application Thread] PlayerShip [moveTop Line: 149] - Moving Top
[DEBUG] 2026-08-02 01:21:09 [time 35453 ms] [JavaFX Application Thread] PlayerShip [moveTop Line: 149] - Moving Top
[DEBUG] 2026-08-02 01:21:09 [time 35462 ms] [JavaFX Application Thread] PlayerShip [moveTop Line: 149] - Moving Top
[DEBUG] 2026-08-02 01:21:09 [time 35470 ms] [JavaFX Application Thread] PlayerShip [moveTop Line: 149] - Moving Top
[DEBUG] 2026-08-02 01:21:09 [time 35478 ms] [JavaFX Application Thread] PlayerShip [moveTop Line: 149] - Moving Top
[DEBUG] 2026-08-02 01:21:09 [time 35487 ms] [JavaFX Application Thread] PlayerShip [moveTop Line: 149] - Moving Top
[DEBUG] 2026-08-02 01:21:09 [time 35495 ms] [JavaFX Application Thread] PlayerShip [moveTop Line: 149] - Moving Top
[DEBUG] 2026-08-02 01:21:09 [time 35503 ms] [JavaFX Application Thread] PlayerShip [moveTop Line: 149] - Moving Top
[DEBUG] 2026-08-02 01:21:09 [time 35512 ms] [JavaFX Application Thread] PlayerShip [moveTop Line: 149] - Moving Top
[DEBUG] 2026-08-02 01:21:09 [time 35520 ms] [JavaFX Application Thread] PlayerShip [moveTop Line: 149] - Moving Top
[DEBUG] 2026-08-02 01:21:09 [time 35528 ms] [JavaFX Application Thread] PlayerShip [moveTop Line: 149] - Moving Top
[DEBUG] 2026-08-02 01:21:09 [time 35537 ms] [JavaFX Application Thread] PlayerShip [moveTop Line: 149] - Moving Top
[DEBUG] 2026-08-02 01:21:09 [time 35545 ms] [JavaFX Application Thread] PlayerShip [moveTop Line: 149] - Moving Top
[DEBUG] 2026-08-02 01:21:09 [time 35553 ms] [JavaFX Application Thread] PlayerShip [moveTop Line: 149] - Moving Top
[DEBUG] 2026-08-02 01:21:09 [time 35562 ms] [JavaFX Application Thread] PlayerShip [moveTop Line: 149] - Moving Top
[DEBUG] 2026-08-02 01:21:09 [time 35570 ms] [JavaFX Application Thread] PlayerShip [moveTop Line: 149] - Moving Top
[DEBUG] 2026-08-02 01:21:09 [time 35578 ms] [JavaFX Application Thread] PlayerShip [moveTop Line: 149] - Moving Top
[DEBUG] 2026-08-02 01:21:09 [time 35587 ms] [JavaFX Application Thread] PlayerShip [moveTop Line: 149] - Moving Top
[DEBUG] 2026-08-02 01:21:09 [time 35595 ms] [JavaFX Application Thread] PlayerShip [moveTop Line: 149] - Moving Top
[DEBUG] 2026-08-02 01:21:09 [time 35603 ms] [JavaFX Application Thread] PlayerShip [moveTop Line: 149] - Moving Top
[DEBUG] 2026-08-02 01:21:09 [time 35612 ms] [JavaFX Application Thread] PlayerShip [moveTop Line: 149] - Moving Top
[DEBUG] 2026-08-02 01:21:09 [time 35620 ms] [JavaFX Application Thread] PlayerShip [moveTop Line: 149] - Moving Top
[DEBUG] 2026-08-02 01:21:09 [time 35628 ms] [JavaFX Application Thread] PlayerShip [moveTop Line: 149] - Moving Top
[DEBUG] 2026-08-02 01:21:09 [time 35637 ms] [JavaFX Application Thread] PlayerShip [moveTop Line: 149] - Moving Top
[DEBUG] 2026-08-02 01:21:09 [time 35645 ms] [JavaFX Application Thread] PlayerShip [moveTop Line: 149] - Moving Top
[DEBUG] 2026-08-02 01:21:09 [time 35653 ms] [JavaFX Application Thread] PlayerShip [moveTop Line: 149] - Moving Top
[DEBUG] 2026-08-02 01:21:09 [time 35662 ms] [JavaFX Application Thread] PlayerShip [moveTop Line: 149] - Moving Top
[DEBUG] 2026-08-02 01:21:09 [time 35670 ms] [JavaFX Application Thread] PlayerShip [moveTop Line: 149] - Moving Top
[DEBUG] 2026-08-02 01:21:09 [time 35678 ms] [JavaFX Application Thread] PlayerShip [moveTop Line: 149] - Moving Top
[DEBUG] 2026-08-02 01:21:09 [time 35687 ms] [JavaFX Application Thread] PlayerShip [moveTop Line: 149] - Moving Top
[DEBUG] 2026-08-02 01:21:09 [time 35695 ms] [JavaFX Application Thread] PlayerShip [moveTop Line: 149] - Moving Top
[DEBUG] 2026-08-02 01:21:09 [time 35702 ms] [JavaFX Application Thread] PlayerShip [moveTop Line: 149] - Moving Top
[DEBUG] 2026-08-02 01:21:09 [time 35712 ms] [JavaFX Application Thread] PlayerShip [moveTop Line: 149] - Moving Top
[DEBUG] 2026-08-02 01:21:09 [time 35720 ms] [JavaFX Application Thread] PlayerShip [moveTop Line: 149] - Moving Top
[DEBUG] 2026-08-02 01:21:09 [time 35728 ms] [JavaFX Application Thread] PlayerShip [moveTop Line: 149] - Moving Top
[DEBUG] 2026-08-02 01:21:09 [time 35737 ms] [JavaFX Application Thread] PlayerShip [moveTop Line: 149] - Moving Top
[DEBUG] 2026-08-02 01:21:09 [time 35745 ms] [JavaFX Application Thread] PlayerShip [moveTop Line: 149] - Moving Top
[DEBUG] 2026-08-02 01:21:09 [time 35753 ms] [JavaFX Application Thread] PlayerShip [moveTop Line: 149] - Moving Top
[DEBUG] 2026-08-02 01:21:09 [time 35762 ms] [JavaFX Application Thread] PlayerShip [moveTop Line: 149] - Moving Top
[DEBUG] 2026-08-02 01:21:09 [time 35770 ms] [JavaFX Application Thread] PlayerShip [moveTop Line: 149] - Moving Top
[DEBUG] 2026-08-02 01:21:09 [time 35778 ms] [JavaFX Application Thread] PlayerShip [moveTop Line: 149] - Moving Top
[DEBUG] 2026-08-02 01:21:09 [time 35786 ms] [JavaFX Application Thread] PlayerShip [moveTop Line: 149] - Moving Top
[DEBUG] 2026-08-02 01:21:09 [time 35795 ms] [JavaFX Application Thread] PlayerShip [moveTop Line: 149] - Moving Top
[DEBUG] 2026-08-02 01:21:09 [time 35803 ms] [JavaFX Application Thread] PlayerShip [moveTop Line: 149] - Moving Top
[DEBUG] 2026-08-02 01:21:09 [time 35812 ms] [JavaFX Application Thread] PlayerShip [moveTop Line: 149] - Moving Top
[DEBUG] 2026-08-02 01:21:09 [time 35820 ms] [JavaFX Application Thread] PlayerShip [moveTop Line: 149] - Moving Top
[DEBUG] 2026-08-02 01:21:09 [time 35828 ms] [JavaFX Application Thread] PlayerShip [moveTop Line: 149] - Moving Top
[DEBUG] 2026-08-02 01:21:09 [time 35837 ms] [JavaFX Application Thread] PlayerShip [moveTop Line: 149] - Moving Top
[DEBUG] 2026-08-02 01:21:09 [time 35844 ms] [JavaFX Application Thread] PlayerShip [moveTop Line: 149] - Moving Top
[DEBUG] 2026-08-02 01:21:09 [time 35853 ms] [JavaFX Application Thread] PlayerShip [moveTop Line: 149] - Moving Top
[DEBUG] 2026-08-02 01:21:09 [time 35862 ms] [JavaFX Application Thread] PlayerShip [moveTop Line: 149] - Moving Top
[DEBUG] 2026-08-02 01:21:09 [time 35870 ms] [JavaFX Application Thread] PlayerShip [moveTop Line: 149] - Moving Top
[DEBUG] 2026-08-02 01:21:09 [time 35878 ms] [JavaFX Application Thread] PlayerShip [moveTop Line: 149] - Moving Top
[DEBUG] 2026-08-02 01:21:09 [time 35887 ms] [JavaFX Application Thread] PlayerShip [moveTop Line: 149] - Moving Top
[DEBUG] 2026-08-02 01:21:09 [time 35895 ms] [JavaFX Application Thread] PlayerShip [moveTop Line: 149] - Moving Top
[DEBUG] 2026-08-02 01:21:09 [time 35903 ms] [JavaFX Application Thread] PlayerShip [moveTop Line: 149] - Moving Top
[DEBUG] 2026-08-02 01:21:09 [time 35911 ms] [JavaFX Application Thread] PlayerShip [moveTop Line: 149] - Moving Top
[DEBUG] 2026-08-02 01:21:09 [time 35920 ms] [JavaFX Application Thread] PlayerShip [moveTop Line: 149] - Moving Top
[DEBUG] 2026-08-02 01:21:09 [time 35928 ms] [JavaFX Application Thread] PlayerShip [moveTop Line: 149] - Moving Top
[DEBUG] 2026-08-02 01:21:09 [time 35937 ms] [JavaFX Application Thread] PlayerShip [moveTop Line: 149] - Moving Top
[DEBUG] 2026-08-02 01:21:09 [time 35945 ms] [JavaFX Application Thread] PlayerShip [moveTop Line: 149] - Moving Top
[DEBUG] 2026-08-02 01:21:09 [time 35953 ms] [JavaFX Application Thread] PlayerShip [moveTop Line: 149] - Moving Top
[DEBUG] 2026-08-02 01:21:09 [time 35962 ms] [JavaFX Application Thread] PlayerShip [moveTop Line: 149] - Moving Top
[DEBUG] 2026-08-02 01:21:09 [time 35970 ms] [JavaFX Application Thread] PlayerShip [moveTop Line: 149] - Moving Top
[DEBUG] 2026-08-02 01:21:09 [time 35978 ms] [JavaFX Application Thread] PlayerShip [moveTop Line: 149] - Moving Top
[DEBUG] 2026-08-02 01:21:09 [time 35987 ms] [JavaFX Application Thread] PlayerShip [moveTop Line: 149] - Moving Top
[DEBUG] 2026-08-02 01:21:09 [time 35995 ms] [JavaFX Application Thread] PlayerShip [moveTop Line: 149] - Moving Top
[DEBUG] 2026-08-02 01:21:09 [time 36025 ms] [JavaFX Application Thread] GameController [lambda$setUpKeyEvents$8 Line: 86] - PlayerShip shoot bullet
[DEBUG] 2026-08-02 01:21:09 [time 36112 ms] [JavaFX Application Thread] PlayerShip [moveLeft Line: 139] - Moving Left
[DEBUG] 2026-08-02 01:21:09 [time 36120 ms] [JavaFX Application Thread] PlayerShip [moveLeft Line: 139] - Moving Left
[DEBUG] 2026-08-02 01:21:09 [time 36128 ms] [JavaFX Application Thread] PlayerShip [moveLeft Line: 139] - Moving Left
[DEBUG] 2026-08-02 01:21:09 [time 36137 ms] [JavaFX Application Thread] PlayerShip [moveLeft Line: 139] - Moving Left
[DEBUG] 2026-08-02 01:21:09 [time 36145 ms] [JavaFX Application Thread] PlayerShip [moveLeft Line: 139] - Moving Left
[DEBUG] 2026-08-02 01:21:09 [time 36153 ms] [JavaFX Application Thread] PlayerShip [moveLeft Line: 139] - Moving Left
[DEBUG] 2026-08-02 01:21:09 [time 36162 ms] [JavaFX Application Thread] PlayerShip [moveLeft Line: 139] - Moving Left
[DEBUG] 2026-08-02 01:21:09 [time 36170 ms] [JavaFX Application Thread] PlayerShip [moveLeft Line: 139] - Moving Left
[DEBUG] 2026-08-02 01:21:09 [time 36178 ms] [JavaFX Application Thread] PlayerShip [moveLeft Line: 139] - Moving Left
[DEBUG] 2026-08-02 01:21:09 [time 36187 ms] [JavaFX Application Thread] PlayerShip [moveLeft Line: 139] - Moving Left
[DEBUG] 2026-08-02 01:21:09 [time 36195 ms] [JavaFX Application Thread] PlayerShip [moveLeft Line: 139] - Moving Left
[DEBUG] 2026-08-02 01:21:09 [time 36203 ms] [JavaFX Application Thread] PlayerShip [moveLeft Line: 139] - Moving Left
[DEBUG] 2026-08-02 01:21:09 [time 36212 ms] [JavaFX Application Thread] PlayerShip [moveLeft Line: 139] - Moving Left
[DEBUG] 2026-08-02 01:21:09 [time 36220 ms] [JavaFX Application Thread] PlayerShip [moveLeft Line: 139] - Moving Left
[DEBUG] 2026-08-02 01:21:09 [time 36228 ms] [JavaFX Application Thread] PlayerShip [moveLeft Line: 139] - Moving Left
[DEBUG] 2026-08-02 01:21:09 [time 36237 ms] [JavaFX Application Thread] PlayerShip [moveLeft Line: 139] - Moving Left
[DEBUG] 2026-08-02 01:21:09 [time 36245 ms] [JavaFX Application Thread] PlayerShip [moveLeft Line: 139] - Moving Left
[DEBUG] 2026-08-02 01:21:09 [time 36254 ms] [JavaFX Application Thread] PlayerShip [moveLeft Line: 139] - Moving Left
[DEBUG] 2026-08-02 01:21:09 [time 36256 ms] [JavaFX Application Thread] GameController [lambda$setUpKeyEvents$8 Line: 86] - PlayerShip shoot bullet
[DEBUG] 2026-08-02 01:21:09 [time 36262 ms] [JavaFX Application Thread] PlayerShip [moveLeft Line: 139] - Moving Left
[DEBUG] 2026-08-02 01:21:09 [time 36270 ms] [JavaFX Application Thread] PlayerShip [moveLeft Line: 139] - Moving Left
[DEBUG] 2026-08-02 01:21:09 [time 36278 ms] [JavaFX Application Thread] PlayerShip [moveLeft Line: 139] - Moving Left
[DEBUG] 2026-08-02 01:21:09 [time 36287 ms] [JavaFX Application Thread] PlayerShip [moveLeft Line: 139] - Moving Left
[DEBUG] 2026-08-02 01:21:09 [time 36295 ms] [JavaFX Application Thread] PlayerShip [moveLeft Line: 139] - Moving Left
[DEBUG] 2026-08-02 01:21:09 [time 36303 ms] [JavaFX Application Thread] PlayerShip [moveLeft Line: 139] - Moving Left
[DEBUG] 2026-08-02 01:21:09 [time 36312 ms] [JavaFX Application Thread] PlayerShip [moveLeft Line: 139] - Moving Left
[DEBUG] 2026-08-02 01:21:09 [time 36320 ms] [JavaFX Application Thread] PlayerShip [moveLeft Line: 139] - Moving Left
[DEBUG] 2026-08-02 01:21:09 [time 36328 ms] [JavaFX Application Thread] PlayerShip [moveLeft Line: 139] - Moving Left
[DEBUG] 2026-08-02 01:21:09 [time 36337 ms] [JavaFX Application Thread] PlayerShip [moveLeft Line: 139] - Moving Left
[DEBUG] 2026-08-02 01:21:09 [time 36345 ms] [JavaFX Application Thread] PlayerShip [moveLeft Line: 139] - Moving Left
[DEBUG] 2026-08-02 01:21:09 [time 36353 ms] [JavaFX Application Thread] PlayerShip [moveLeft Line: 139] - Moving Left
[DEBUG] 2026-08-02 01:21:09 [time 36362 ms] [JavaFX Application Thread] PlayerShip [moveLeft Line: 139] - Moving Left
[DEBUG] 2026-08-02 01:21:09 [time 36370 ms] [JavaFX Application Thread] PlayerShip [moveLeft Line: 139] - Moving Left
[DEBUG] 2026-08-02 01:21:09 [time 36378 ms] [JavaFX Application Thread] PlayerShip [moveLeft Line: 139] - Moving Left
[DEBUG] 2026-08-02 01:21:09 [time 36387 ms] [JavaFX Application Thread] PlayerShip [moveLeft Line: 139] - Moving Left
[DEBUG] 2026-08-02 01:21:09 [time 36395 ms] [JavaFX Application Thread] PlayerShip [moveLeft Line: 139] - Moving Left
[DEBUG] 2026-08-02 01:21:09 [time 36403 ms] [JavaFX Application Thread] PlayerShip [moveLeft Line: 139] - Moving Left
[DEBUG] 2026-08-02 01:21:09 [time 36412 ms] [JavaFX Application Thread] PlayerShip [moveLeft Line: 139] - Moving Left
[DEBUG] 2026-08-02 01:21:09 [time 36420 ms] [JavaFX Application Thread] PlayerShip [moveLeft Line: 139] - Moving Left
[DEBUG] 2026-08-02 01:21:09 [time 36429 ms] [JavaFX Application Thread] GameController [lambda$setUpKeyEvents$8 Line: 86] - PlayerShip shoot bullet
[DEBUG] 2026-08-02 01:21:09 [time 36430 ms] [JavaFX Application Thread] PlayerShip [moveLeft Line: 139] - Moving Left
[DEBUG] 2026-08-02 01:21:09 [time 36437 ms] [JavaFX Application Thread] PlayerShip [moveLeft Line: 139] - Moving Left
[DEBUG] 2026-08-02 01:21:09 [time 36445 ms] [JavaFX Application Thread] PlayerShip [moveLeft Line: 139] - Moving Left
[DEBUG] 2026-08-02 01:21:10 [time 36453 ms] [JavaFX Application Thread] PlayerShip [moveLeft Line: 139] - Moving Left
[DEBUG] 2026-08-02 01:21:10 [time 36461 ms] [JavaFX Application Thread] PlayerShip [moveLeft Line: 139] - Moving Left
[DEBUG] 2026-08-02 01:21:10 [time 36470 ms] [JavaFX Application Thread] PlayerShip [moveLeft Line: 139] - Moving Left
[DEBUG] 2026-08-02 01:21:10 [time 36478 ms] [JavaFX Application Thread] PlayerShip [moveLeft Line: 139] - Moving Left
[DEBUG] 2026-08-02 01:21:10 [time 36487 ms] [JavaFX Application Thread] PlayerShip [moveLeft Line: 139] - Moving Left
[DEBUG] 2026-08-02 01:21:10 [time 36495 ms] [JavaFX Application Thread] PlayerShip [moveLeft Line: 139] - Moving Left
[DEBUG] 2026-08-02 01:21:10 [time 36503 ms] [JavaFX Application Thread] PlayerShip [moveLeft Line: 139] - Moving Left
[DEBUG] 2026-08-02 01:21:10 [time 36512 ms] [JavaFX Application Thread] PlayerShip [moveLeft Line: 139] - Moving Left
[DEBUG] 2026-08-02 01:21:10 [time 36520 ms] [JavaFX Application Thread] PlayerShip [moveLeft Line: 139] - Moving Left
[DEBUG] 2026-08-02 01:21:10 [time 36528 ms] [JavaFX Application Thread] PlayerShip [moveLeft Line: 139] - Moving Left
[DEBUG] 2026-08-02 01:21:10 [time 36537 ms] [JavaFX Application Thread] PlayerShip [moveLeft Line: 139] - Moving Left
[DEBUG] 2026-08-02 01:21:10 [time 36545 ms] [JavaFX Application Thread] PlayerShip [moveLeft Line: 139] - Moving Left
[DEBUG] 2026-08-02 01:21:10 [time 36553 ms] [JavaFX Application Thread] PlayerShip [moveLeft Line: 139] - Moving Left
[DEBUG] 2026-08-02 01:21:10 [time 36562 ms] [JavaFX Application Thread] PlayerShip [moveLeft Line: 139] - Moving Left
[DEBUG] 2026-08-02 01:21:10 [time 36570 ms] [JavaFX Application Thread] PlayerShip [moveLeft Line: 139] - Moving Left
[DEBUG] 2026-08-02 01:21:10 [time 36570 ms] [JavaFX Application Thread] PlayerShip [moveBottom Line: 154] - Moving Bottom
[DEBUG] 2026-08-02 01:21:10 [time 36578 ms] [JavaFX Application Thread] PlayerShip [moveLeft Line: 139] - Moving Left
[DEBUG] 2026-08-02 01:21:10 [time 36578 ms] [JavaFX Application Thread] PlayerShip [moveBottom Line: 154] - Moving Bottom
[DEBUG] 2026-08-02 01:21:10 [time 36587 ms] [JavaFX Application Thread] PlayerShip [moveLeft Line: 139] - Moving Left
[DEBUG] 2026-08-02 01:21:10 [time 36587 ms] [JavaFX Application Thread] PlayerShip [moveBottom Line: 154] - Moving Bottom
[DEBUG] 2026-08-02 01:21:10 [time 36595 ms] [JavaFX Application Thread] PlayerShip [moveLeft Line: 139] - Moving Left
[DEBUG] 2026-08-02 01:21:10 [time 36595 ms] [JavaFX Application Thread] PlayerShip [moveBottom Line: 154] - Moving Bottom
[DEBUG] 2026-08-02 01:21:10 [time 36603 ms] [JavaFX Application Thread] PlayerShip [moveLeft Line: 139] - Moving Left
[DEBUG] 2026-08-02 01:21:10 [time 36603 ms] [JavaFX Application Thread] PlayerShip [moveBottom Line: 154] - Moving Bottom
[DEBUG] 2026-08-02 01:21:10 [time 36612 ms] [JavaFX Application Thread] PlayerShip [moveBottom Line: 154] - Moving Bottom
[DEBUG] 2026-08-02 01:21:10 [time 36620 ms] [JavaFX Application Thread] PlayerShip [moveBottom Line: 154] - Moving Bottom
[DEBUG] 2026-08-02 01:21:10 [time 36624 ms] [JavaFX Application Thread] GameController [lambda$setUpKeyEvents$8 Line: 86] - PlayerShip shoot bullet
[DEBUG] 2026-08-02 01:21:10 [time 36628 ms] [JavaFX Application Thread] PlayerShip [moveBottom Line: 154] - Moving Bottom
[DEBUG] 2026-08-02 01:21:10 [time 36637 ms] [JavaFX Application Thread] PlayerShip [moveBottom Line: 154] - Moving Bottom
[DEBUG] 2026-08-02 01:21:10 [time 36645 ms] [JavaFX Application Thread] PlayerShip [moveBottom Line: 154] - Moving Bottom
[DEBUG] 2026-08-02 01:21:10 [time 36653 ms] [JavaFX Application Thread] PlayerShip [moveBottom Line: 154] - Moving Bottom
[DEBUG] 2026-08-02 01:21:10 [time 36662 ms] [JavaFX Application Thread] PlayerShip [moveBottom Line: 154] - Moving Bottom
[DEBUG] 2026-08-02 01:21:10 [time 36670 ms] [JavaFX Application Thread] PlayerShip [moveBottom Line: 154] - Moving Bottom
[DEBUG] 2026-08-02 01:21:10 [time 36678 ms] [JavaFX Application Thread] PlayerShip [moveBottom Line: 154] - Moving Bottom
[DEBUG] 2026-08-02 01:21:10 [time 36687 ms] [JavaFX Application Thread] PlayerShip [moveBottom Line: 154] - Moving Bottom
[DEBUG] 2026-08-02 01:21:10 [time 36695 ms] [JavaFX Application Thread] PlayerShip [moveBottom Line: 154] - Moving Bottom
[DEBUG] 2026-08-02 01:21:10 [time 36703 ms] [JavaFX Application Thread] PlayerShip [moveBottom Line: 154] - Moving Bottom
[DEBUG] 2026-08-02 01:21:10 [time 36712 ms] [JavaFX Application Thread] PlayerShip [moveBottom Line: 154] - Moving Bottom
[DEBUG] 2026-08-02 01:21:10 [time 36720 ms] [JavaFX Application Thread] PlayerShip [moveBottom Line: 154] - Moving Bottom
[DEBUG] 2026-08-02 01:21:10 [time 36729 ms] [JavaFX Application Thread] PlayerShip [moveBottom Line: 154] - Moving Bottom
[DEBUG] 2026-08-02 01:21:10 [time 36737 ms] [JavaFX Application Thread] PlayerShip [moveBottom Line: 154] - Moving Bottom
[DEBUG] 2026-08-02 01:21:10 [time 36745 ms] [JavaFX Application Thread] PlayerShip [moveBottom Line: 154] - Moving Bottom
[DEBUG] 2026-08-02 01:21:10 [time 36753 ms] [JavaFX Application Thread] PlayerShip [moveBottom Line: 154] - Moving Bottom
[DEBUG] 2026-08-02 01:21:10 [time 36762 ms] [JavaFX Application Thread] PlayerShip [moveBottom Line: 154] - Moving Bottom
[DEBUG] 2026-08-02 01:21:10 [time 36770 ms] [JavaFX Application Thread] PlayerShip [moveBottom Line: 154] - Moving Bottom
[DEBUG] 2026-08-02 01:21:10 [time 36778 ms] [JavaFX Application Thread] PlayerShip [moveBottom Line: 154] - Moving Bottom
[DEBUG] 2026-08-02 01:21:10 [time 36787 ms] [JavaFX Application Thread] PlayerShip [moveBottom Line: 154] - Moving Bottom
[DEBUG] 2026-08-02 01:21:10 [time 36795 ms] [JavaFX Application Thread] PlayerShip [moveBottom Line: 154] - Moving Bottom
[DEBUG] 2026-08-02 01:21:10 [time 36803 ms] [JavaFX Application Thread] PlayerShip [moveBottom Line: 154] - Moving Bottom
[DEBUG] 2026-08-02 01:21:10 [time 36812 ms] [JavaFX Application Thread] PlayerShip [moveBottom Line: 154] - Moving Bottom
[DEBUG] 2026-08-02 01:21:10 [time 36820 ms] [JavaFX Application Thread] PlayerShip [moveBottom Line: 154] - Moving Bottom
[DEBUG] 2026-08-02 01:21:10 [time 36828 ms] [JavaFX Application Thread] PlayerShip [moveBottom Line: 154] - Moving Bottom
[DEBUG] 2026-08-02 01:21:10 [time 36837 ms] [JavaFX Application Thread] PlayerShip [moveBottom Line: 154] - Moving Bottom
[DEBUG] 2026-08-02 01:21:10 [time 36845 ms] [JavaFX Application Thread] PlayerShip [moveBottom Line: 154] - Moving Bottom
[DEBUG] 2026-08-02 01:21:10 [time 36853 ms] [JavaFX Application Thread] PlayerShip [moveBottom Line: 154] - Moving Bottom
[DEBUG] 2026-08-02 01:21:10 [time 36862 ms] [JavaFX Application Thread] PlayerShip [moveBottom Line: 154] - Moving Bottom
[DEBUG] 2026-08-02 01:21:10 [time 36870 ms] [JavaFX Application Thread] PlayerShip [moveBottom Line: 154] - Moving Bottom
[DEBUG] 2026-08-02 01:21:10 [time 36878 ms] [JavaFX Application Thread] PlayerShip [moveBottom Line: 154] - Moving Bottom
[DEBUG] 2026-08-02 01:21:10 [time 36887 ms] [JavaFX Application Thread] PlayerShip [moveBottom Line: 154] - Moving Bottom
[DEBUG] 2026-08-02 01:21:10 [time 36895 ms] [JavaFX Application Thread] PlayerShip [moveBottom Line: 154] - Moving Bottom
[DEBUG] 2026-08-02 01:21:10 [time 36903 ms] [JavaFX Application Thread] PlayerShip [moveBottom Line: 154] - Moving Bottom
[DEBUG] 2026-08-02 01:21:10 [time 36912 ms] [JavaFX Application Thread] PlayerShip [moveBottom Line: 154] - Moving Bottom
[DEBUG] 2026-08-02 01:21:10 [time 36920 ms] [JavaFX Application Thread] PlayerShip [moveBottom Line: 154] - Moving Bottom
[DEBUG] 2026-08-02 01:21:10 [time 36928 ms] [JavaFX Application Thread] PlayerShip [moveBottom Line: 154] - Moving Bottom
[DEBUG] 2026-08-02 01:21:10 [time 36937 ms] [JavaFX Application Thread] PlayerShip [moveBottom Line: 154] - Moving Bottom
[DEBUG] 2026-08-02 01:21:10 [time 36945 ms] [JavaFX Application Thread] PlayerShip [moveBottom Line: 154] - Moving Bottom
[DEBUG] 2026-08-02 01:21:10 [time 36953 ms] [JavaFX Application Thread] PlayerShip [moveBottom Line: 154] - Moving Bottom
[DEBUG] 2026-08-02 01:21:10 [time 36962 ms] [JavaFX Application Thread] PlayerShip [moveBottom Line: 154] - Moving Bottom
[DEBUG] 2026-08-02 01:21:10 [time 36970 ms] [JavaFX Application Thread] PlayerShip [moveBottom Line: 154] - Moving Bottom
[DEBUG] 2026-08-02 01:21:10 [time 36978 ms] [JavaFX Application Thread] PlayerShip [moveBottom Line: 154] - Moving Bottom
[DEBUG] 2026-08-02 01:21:10 [time 36987 ms] [JavaFX Application Thread] PlayerShip [moveBottom Line: 154] - Moving Bottom
[DEBUG] 2026-08-02 01:21:10 [time 36995 ms] [JavaFX Application Thread] PlayerShip [moveBottom Line: 154] - Moving Bottom
[DEBUG] 2026-08-02 01:21:10 [time 37003 ms] [JavaFX Application Thread] PlayerShip [moveBottom Line: 154] - Moving Bottom
[DEBUG] 2026-08-02 01:21:10 [time 37012 ms] [JavaFX Application Thread] PlayerShip [moveBottom Line: 154] - Moving Bottom
[DEBUG] 2026-08-02 01:21:10 [time 37020 ms] [JavaFX Application Thread] PlayerShip [moveBottom Line: 154] - Moving Bottom
[DEBUG] 2026-08-02 01:21:10 [time 37028 ms] [JavaFX Application Thread] PlayerShip [moveBottom Line: 154] - Moving Bottom
[DEBUG] 2026-08-02 01:21:10 [time 37037 ms] [JavaFX Application Thread] PlayerShip [moveBottom Line: 154] - Moving Bottom
[DEBUG] 2026-08-02 01:21:10 [time 37045 ms] [JavaFX Application Thread] PlayerShip [moveBottom Line: 154] - Moving Bottom
[DEBUG] 2026-08-02 01:21:10 [time 37053 ms] [JavaFX Application Thread] PlayerShip [moveBottom Line: 154] - Moving Bottom
[DEBUG] 2026-08-02 01:21:10 [time 37062 ms] [JavaFX Application Thread] PlayerShip [moveBottom Line: 154] - Moving Bottom
[DEBUG] 2026-08-02 01:21:10 [time 37070 ms] [JavaFX Application Thread] PlayerShip [moveBottom Line: 154] - Moving Bottom
[DEBUG] 2026-08-02 01:21:10 [time 37078 ms] [JavaFX Application Thread] PlayerShip [moveBottom Line: 154] - Moving Bottom
[DEBUG] 2026-08-02 01:21:10 [time 37086 ms] [JavaFX Application Thread] PlayerShip [moveBottom Line: 154] - Moving Bottom
[DEBUG] 2026-08-02 01:21:10 [time 37088 ms] [JavaFX Application Thread] GameController [lambda$addEventListeners$0 Line: 59] - angle: 10.407714614757168, rotatedangle: 100.40771461475717
[DEBUG] 2026-08-02 01:21:10 [time 37090 ms] [JavaFX Application Thread] GameController [lambda$addEventListeners$0 Line: 59] - angle: 10.596123223725673, rotatedangle: 100.59612322372567
[DEBUG] 2026-08-02 01:21:10 [time 37095 ms] [JavaFX Application Thread] PlayerShip [moveBottom Line: 154] - Moving Bottom
[DEBUG] 2026-08-02 01:21:10 [time 37098 ms] [JavaFX Application Thread] GameController [lambda$addEventListeners$0 Line: 59] - angle: 9.841132183083566, rotatedangle: 99.84113218308357
[DEBUG] 2026-08-02 01:21:10 [time 37103 ms] [JavaFX Application Thread] PlayerShip [moveBottom Line: 154] - Moving Bottom
[DEBUG] 2026-08-02 01:21:10 [time 37106 ms] [JavaFX Application Thread] GameController [lambda$addEventListeners$0 Line: 59] - angle: 9.082675994956448, rotatedangle: 99.08267599495645
[DEBUG] 2026-08-02 01:21:10 [time 37111 ms] [JavaFX Application Thread] PlayerShip [moveBottom Line: 154] - Moving Bottom
[DEBUG] 2026-08-02 01:21:10 [time 37114 ms] [JavaFX Application Thread] GameController [lambda$addEventListeners$0 Line: 59] - angle: 9.272602013647695, rotatedangle: 99.2726020136477
[DEBUG] 2026-08-02 01:21:10 [time 37120 ms] [JavaFX Application Thread] PlayerShip [moveBottom Line: 154] - Moving Bottom
[DEBUG] 2026-08-02 01:21:10 [time 37123 ms] [JavaFX Application Thread] GameController [lambda$addEventListeners$0 Line: 59] - angle: 9.462325282175758, rotatedangle: 99.46232528217575
[DEBUG] 2026-08-02 01:21:10 [time 37128 ms] [JavaFX Application Thread] PlayerShip [moveBottom Line: 154] - Moving Bottom
[DEBUG] 2026-08-02 01:21:10 [time 37131 ms] [JavaFX Application Thread] GameController [lambda$addEventListeners$0 Line: 59] - angle: 9.462324438291382, rotatedangle: 99.46232443829138
[DEBUG] 2026-08-02 01:21:10 [time 37137 ms] [JavaFX Application Thread] PlayerShip [moveBottom Line: 154] - Moving Bottom
[DEBUG] 2026-08-02 01:21:10 [time 37139 ms] [JavaFX Application Thread] GameController [lambda$addEventListeners$0 Line: 59] - angle: 9.841134723778724, rotatedangle: 99.84113472377872
[DEBUG] 2026-08-02 01:21:10 [time 37145 ms] [JavaFX Application Thread] PlayerShip [moveBottom Line: 154] - Moving Bottom
[DEBUG] 2026-08-02 01:21:10 [time 37147 ms] [JavaFX Application Thread] GameController [lambda$addEventListeners$0 Line: 59] - angle: 9.6518370253593, rotatedangle: 99.6518370253593
[DEBUG] 2026-08-02 01:21:10 [time 37153 ms] [JavaFX Application Thread] PlayerShip [moveBottom Line: 154] - Moving Bottom
[DEBUG] 2026-08-02 01:21:10 [time 37156 ms] [JavaFX Application Thread] GameController [lambda$addEventListeners$0 Line: 59] - angle: 9.651833221047692, rotatedangle: 99.6518332210477
[DEBUG] 2026-08-02 01:21:10 [time 37162 ms] [JavaFX Application Thread] PlayerShip [moveBottom Line: 154] - Moving Bottom
[DEBUG] 2026-08-02 01:21:10 [time 37164 ms] [JavaFX Application Thread] GameController [lambda$addEventListeners$0 Line: 59] - angle: 9.462325101343456, rotatedangle: 99.46232510134345
[DEBUG] 2026-08-02 01:21:10 [time 37170 ms] [JavaFX Application Thread] PlayerShip [moveBottom Line: 154] - Moving Bottom
[DEBUG] 2026-08-02 01:21:10 [time 37172 ms] [JavaFX Application Thread] GameController [lambda$addEventListeners$0 Line: 59] - angle: 9.2726017772003, rotatedangle: 99.2726017772003
[DEBUG] 2026-08-02 01:21:10 [time 37178 ms] [JavaFX Application Thread] PlayerShip [moveBottom Line: 154] - Moving Bottom
[DEBUG] 2026-08-02 01:21:10 [time 37181 ms] [JavaFX Application Thread] GameController [lambda$addEventListeners$0 Line: 59] - angle: 8.321000014356917, rotatedangle: 98.32100001435691
[DEBUG] 2026-08-02 01:21:10 [time 37187 ms] [JavaFX Application Thread] PlayerShip [moveBottom Line: 154] - Moving Bottom
[DEBUG] 2026-08-02 01:21:10 [time 37189 ms] [JavaFX Application Thread] GameController [lambda$addEventListeners$0 Line: 59] - angle: 7.556347586267519, rotatedangle: 97.55634758626752
[DEBUG] 2026-08-02 01:21:10 [time 37195 ms] [JavaFX Application Thread] PlayerShip [moveBottom Line: 154] - Moving Bottom
[DEBUG] 2026-08-02 01:21:10 [time 37203 ms] [JavaFX Application Thread] PlayerShip [moveBottom Line: 154] - Moving Bottom
[DEBUG] 2026-08-02 01:21:10 [time 37212 ms] [JavaFX Application Thread] PlayerShip [moveBottom Line: 154] - Moving Bottom
[DEBUG] 2026-08-02 01:21:10 [time 37220 ms] [JavaFX Application Thread] PlayerShip [moveBottom Line: 154] - Moving Bottom
[DEBUG] 2026-08-02 01:21:10 [time 37228 ms] [JavaFX Application Thread] PlayerShip [moveBottom Line: 154] - Moving Bottom
[DEBUG] 2026-08-02 01:21:10 [time 37229 ms] [JavaFX Application Thread] GameController [lambda$addEventListeners$0 Line: 59] - angle: 2.7263165392957305, rotatedangle: 92.72631653929574
[DEBUG] 2026-08-02 01:21:10 [time 37237 ms] [JavaFX Application Thread] PlayerShip [moveBottom Line: 154] - Moving Bottom
[DEBUG] 2026-08-02 01:21:10 [time 37237 ms] [JavaFX Application Thread] GameController [lambda$addEventListeners$0 Line: 59] - angle: 1.5586782632355727, rotatedangle: 91.55867826323558
[DEBUG] 2026-08-02 01:21:10 [time 37245 ms] [JavaFX Application Thread] PlayerShip [moveBottom Line: 154] - Moving Bottom
[DEBUG] 2026-08-02 01:21:10 [time 37245 ms] [JavaFX Application Thread] GameController [lambda$addEventListeners$0 Line: 59] - angle: -0.19487728043129468, rotatedangle: 89.8051227195687
[DEBUG] 2026-08-02 01:21:10 [time 37253 ms] [JavaFX Application Thread] PlayerShip [moveBottom Line: 154] - Moving Bottom
[DEBUG] 2026-08-02 01:21:10 [time 37254 ms] [JavaFX Application Thread] GameController [lambda$addEventListeners$0 Line: 59] - angle: -2.157377001950148, rotatedangle: 87.84262299804985
[DEBUG] 2026-08-02 01:21:10 [time 37262 ms] [JavaFX Application Thread] PlayerShip [moveBottom Line: 154] - Moving Bottom
[DEBUG] 2026-08-02 01:21:10 [time 37262 ms] [JavaFX Application Thread] GameController [lambda$addEventListeners$0 Line: 59] - angle: -5.591551358637297, rotatedangle: 84.4084486413627
[DEBUG] 2026-08-02 01:21:10 [time 37270 ms] [JavaFX Application Thread] GameController [lambda$addEventListeners$0 Line: 59] - angle: -7.527614504143139, rotatedangle: 82.47238549585686
[DEBUG] 2026-08-02 01:21:10 [time 37270 ms] [JavaFX Application Thread] PlayerShip [moveBottom Line: 154] - Moving Bottom
[DEBUG] 2026-08-02 01:21:10 [time 37278 ms] [JavaFX Application Thread] GameController [lambda$addEventListeners$0 Line: 59] - angle: -11.551014005734574, rotatedangle: 78.44898599426543
[DEBUG] 2026-08-02 01:21:10 [time 37278 ms] [JavaFX Application Thread] PlayerShip [moveBottom Line: 154] - Moving Bottom
[DEBUG] 2026-08-02 01:21:10 [time 37286 ms] [JavaFX Application Thread] GameController [lambda$addEventListeners$0 Line: 59] - angle: -16.51919173166213, rotatedangle: 73.48080826833787
[DEBUG] 2026-08-02 01:21:10 [time 37287 ms] [JavaFX Application Thread] PlayerShip [moveBottom Line: 154] - Moving Bottom
[DEBUG] 2026-08-02 01:21:10 [time 37295 ms] [JavaFX Application Thread] GameController [lambda$addEventListeners$0 Line: 59] - angle: -22.2758974543239, rotatedangle: 67.7241025456761
[DEBUG] 2026-08-02 01:21:10 [time 37295 ms] [JavaFX Application Thread] PlayerShip [moveBottom Line: 154] - Moving Bottom
[DEBUG] 2026-08-02 01:21:10 [time 37303 ms] [JavaFX Application Thread] GameController [lambda$addEventListeners$0 Line: 59] - angle: -28.28627771159239, rotatedangle: 61.71372228840761
[DEBUG] 2026-08-02 01:21:10 [time 37303 ms] [JavaFX Application Thread] PlayerShip [moveBottom Line: 154] - Moving Bottom
[DEBUG] 2026-08-02 01:21:10 [time 37311 ms] [JavaFX Application Thread] GameController [lambda$addEventListeners$0 Line: 59] - angle: -31.439684968232605, rotatedangle: 58.560315031767395
[DEBUG] 2026-08-02 01:21:10 [time 37311 ms] [JavaFX Application Thread] PlayerShip [moveBottom Line: 154] - Moving Bottom
[DEBUG] 2026-08-02 01:21:10 [time 37319 ms] [JavaFX Application Thread] GameController [lambda$addEventListeners$0 Line: 59] - angle: -37.255291065056426, rotatedangle: 52.744708934943574
[DEBUG] 2026-08-02 01:21:10 [time 37319 ms] [JavaFX Application Thread] PlayerShip [moveBottom Line: 154] - Moving Bottom
[DEBUG] 2026-08-02 01:21:10 [time 37327 ms] [JavaFX Application Thread] GameController [lambda$addEventListeners$0 Line: 59] - angle: -42.30219599866593, rotatedangle: 47.69780400133407
[DEBUG] 2026-08-02 01:21:10 [time 37328 ms] [JavaFX Application Thread] PlayerShip [moveBottom Line: 154] - Moving Bottom
[DEBUG] 2026-08-02 01:21:10 [time 37335 ms] [JavaFX Application Thread] GameController [lambda$addEventListeners$0 Line: 59] - angle: -44.259783904844014, rotatedangle: 45.740216095155986
[DEBUG] 2026-08-02 01:21:10 [time 37337 ms] [JavaFX Application Thread] PlayerShip [moveBottom Line: 154] - Moving Bottom
[DEBUG] 2026-08-02 01:21:10 [time 37344 ms] [JavaFX Application Thread] GameController [lambda$addEventListeners$0 Line: 59] - angle: -47.33731128919487, rotatedangle: 42.66268871080513
[DEBUG] 2026-08-02 01:21:10 [time 37345 ms] [JavaFX Application Thread] PlayerShip [moveBottom Line: 154] - Moving Bottom
[DEBUG] 2026-08-02 01:21:10 [time 37352 ms] [JavaFX Application Thread] GameController [lambda$addEventListeners$0 Line: 59] - angle: -49.61992146549095, rotatedangle: 40.38007853450905
[DEBUG] 2026-08-02 01:21:10 [time 37353 ms] [JavaFX Application Thread] PlayerShip [moveBottom Line: 154] - Moving Bottom
[DEBUG] 2026-08-02 01:21:10 [time 37360 ms] [JavaFX Application Thread] GameController [lambda$addEventListeners$0 Line: 59] - angle: -51.27729789032793, rotatedangle: 38.72270210967207
[DEBUG] 2026-08-02 01:21:10 [time 37362 ms] [JavaFX Application Thread] PlayerShip [moveBottom Line: 154] - Moving Bottom
[DEBUG] 2026-08-02 01:21:10 [time 37368 ms] [JavaFX Application Thread] GameController [lambda$addEventListeners$0 Line: 59] - angle: -52.455599314744006, rotatedangle: 37.544400685255994
[DEBUG] 2026-08-02 01:21:10 [time 37370 ms] [JavaFX Application Thread] PlayerShip [moveBottom Line: 154] - Moving Bottom
[DEBUG] 2026-08-02 01:21:10 [time 37376 ms] [JavaFX Application Thread] GameController [lambda$addEventListeners$0 Line: 59] - angle: -53.20853893751453, rotatedangle: 36.79146106248547
[DEBUG] 2026-08-02 01:21:10 [time 37378 ms] [JavaFX Application Thread] PlayerShip [moveBottom Line: 154] - Moving Bottom
[DEBUG] 2026-08-02 01:21:10 [time 37387 ms] [JavaFX Application Thread] PlayerShip [moveBottom Line: 154] - Moving Bottom
[DEBUG] 2026-08-02 01:21:10 [time 37395 ms] [JavaFX Application Thread] PlayerShip [moveBottom Line: 154] - Moving Bottom
[DEBUG] 2026-08-02 01:21:10 [time 37403 ms] [JavaFX Application Thread] PlayerShip [moveBottom Line: 154] - Moving Bottom
[DEBUG] 2026-08-02 01:21:10 [time 37412 ms] [JavaFX Application Thread] PlayerShip [moveBottom Line: 154] - Moving Bottom
[DEBUG] 2026-08-02 01:21:10 [time 37420 ms] [JavaFX Application Thread] PlayerShip [moveBottom Line: 154] - Moving Bottom
[DEBUG] 2026-08-02 01:21:10 [time 37427 ms] [JavaFX Application Thread] PlayerShip [moveBottom Line: 154] - Moving Bottom
[DEBUG] 2026-08-02 01:21:10 [time 37437 ms] [JavaFX Application Thread] PlayerShip [moveBottom Line: 154] - Moving Bottom
[DEBUG] 2026-08-02 01:21:10 [time 37445 ms] [JavaFX Application Thread] PlayerShip [moveBottom Line: 154] - Moving Bottom
[DEBUG] 2026-08-02 01:21:11 [time 37453 ms] [JavaFX Application Thread] PlayerShip [moveBottom Line: 154] - Moving Bottom
[DEBUG] 2026-08-02 01:21:11 [time 37462 ms] [JavaFX Application Thread] PlayerShip [moveBottom Line: 154] - Moving Bottom
[DEBUG] 2026-08-02 01:21:11 [time 37470 ms] [JavaFX Application Thread] PlayerShip [moveBottom Line: 154] - Moving Bottom
[DEBUG] 2026-08-02 01:21:11 [time 37477 ms] [JavaFX Application Thread] PlayerShip [moveBottom Line: 154] - Moving Bottom
[DEBUG] 2026-08-02 01:21:11 [time 37486 ms] [JavaFX Application Thread] PlayerShip [moveBottom Line: 154] - Moving Bottom
[DEBUG] 2026-08-02 01:21:11 [time 37495 ms] [JavaFX Application Thread] PlayerShip [moveBottom Line: 154] - Moving Bottom
[DEBUG] 2026-08-02 01:21:11 [time 37503 ms] [JavaFX Application Thread] PlayerShip [moveBottom Line: 154] - Moving Bottom
[DEBUG] 2026-08-02 01:21:11 [time 37512 ms] [JavaFX Application Thread] PlayerShip [moveBottom Line: 154] - Moving Bottom
[DEBUG] 2026-08-02 01:21:11 [time 37520 ms] [JavaFX Application Thread] PlayerShip [moveBottom Line: 154] - Moving Bottom
[DEBUG] 2026-08-02 01:21:11 [time 37528 ms] [JavaFX Application Thread] PlayerShip [moveBottom Line: 154] - Moving Bottom
[DEBUG] 2026-08-02 01:21:11 [time 37537 ms] [JavaFX Application Thread] PlayerShip [moveBottom Line: 154] - Moving Bottom
[DEBUG] 2026-08-02 01:21:11 [time 37544 ms] [JavaFX Application Thread] PlayerShip [moveBottom Line: 154] - Moving Bottom
[DEBUG] 2026-08-02 01:21:11 [time 37553 ms] [JavaFX Application Thread] PlayerShip [moveBottom Line: 154] - Moving Bottom
[DEBUG] 2026-08-02 01:21:11 [time 37562 ms] [JavaFX Application Thread] PlayerShip [moveBottom Line: 154] - Moving Bottom
[DEBUG] 2026-08-02 01:21:11 [time 37570 ms] [JavaFX Application Thread] PlayerShip [moveBottom Line: 154] - Moving Bottom
[DEBUG] 2026-08-02 01:21:11 [time 37578 ms] [JavaFX Application Thread] PlayerShip [moveBottom Line: 154] - Moving Bottom
[DEBUG] 2026-08-02 01:21:11 [time 37586 ms] [JavaFX Application Thread] PlayerShip [moveBottom Line: 154] - Moving Bottom
[DEBUG] 2026-08-02 01:21:11 [time 37595 ms] [JavaFX Application Thread] PlayerShip [moveBottom Line: 154] - Moving Bottom
[DEBUG] 2026-08-02 01:21:11 [time 37602 ms] [JavaFX Application Thread] PlayerShip [moveBottom Line: 154] - Moving Bottom
[DEBUG] 2026-08-02 01:21:11 [time 37612 ms] [JavaFX Application Thread] PlayerShip [moveBottom Line: 154] - Moving Bottom
[DEBUG] 2026-08-02 01:21:11 [time 37620 ms] [JavaFX Application Thread] PlayerShip [moveBottom Line: 154] - Moving Bottom
[DEBUG] 2026-08-02 01:21:11 [time 37623 ms] [JavaFX Application Thread] GameController [lambda$addEventListeners$0 Line: 59] - angle: -65.49986321882938, rotatedangle: 24.500136781170625
[DEBUG] 2026-08-02 01:21:11 [time 37631 ms] [JavaFX Application Thread] GameController [lambda$addEventListeners$0 Line: 59] - angle: -64.59536515459254, rotatedangle: 25.404634845407458
[DEBUG] 2026-08-02 01:21:11 [time 37639 ms] [JavaFX Application Thread] GameController [lambda$addEventListeners$0 Line: 59] - angle: -62.633230236351885, rotatedangle: 27.366769763648115
[DEBUG] 2026-08-02 01:21:11 [time 37647 ms] [JavaFX Application Thread] GameController [lambda$addEventListeners$0 Line: 59] - angle: -61.38954189491944, rotatedangle: 28.61045810508056
[DEBUG] 2026-08-02 01:21:11 [time 37656 ms] [JavaFX Application Thread] GameController [lambda$addEventListeners$0 Line: 59] - angle: -59.30027744918558, rotatedangle: 30.69972255081442
[DEBUG] 2026-08-02 01:21:11 [time 37664 ms] [JavaFX Application Thread] GameController [lambda$addEventListeners$0 Line: 59] - angle: -56.816962709327576, rotatedangle: 33.183037290672424
[DEBUG] 2026-08-02 01:21:11 [time 37672 ms] [JavaFX Application Thread] GameController [lambda$addEventListeners$0 Line: 59] - angle: -54.67446367314851, rotatedangle: 35.32553632685149
[DEBUG] 2026-08-02 01:21:11 [time 37680 ms] [JavaFX Application Thread] GameController [lambda$addEventListeners$0 Line: 59] - angle: -52.8770795836788, rotatedangle: 37.1229204163212
[DEBUG] 2026-08-02 01:21:11 [time 37689 ms] [JavaFX Application Thread] GameController [lambda$addEventListeners$0 Line: 59] - angle: -51.03485154377382, rotatedangle: 38.96514845622618
[DEBUG] 2026-08-02 01:21:11 [time 37697 ms] [JavaFX Application Thread] GameController [lambda$addEventListeners$0 Line: 59] - angle: -49.82076511500866, rotatedangle: 40.17923488499134
[DEBUG] 2026-08-02 01:21:11 [time 37704 ms] [JavaFX Application Thread] GameController [lambda$addEventListeners$0 Line: 59] - angle: -48.60671433666405, rotatedangle: 41.39328566333595
[DEBUG] 2026-08-02 01:21:11 [time 37712 ms] [JavaFX Application Thread] GameController [lambda$addEventListeners$0 Line: 59] - angle: -48.10453010123676, rotatedangle: 41.89546989876324
[DEBUG] 2026-08-02 01:21:11 [time 37721 ms] [JavaFX Application Thread] GameController [lambda$addEventListeners$0 Line: 59] - angle: -46.90915140202439, rotatedangle: 43.09084859797561
[DEBUG] 2026-08-02 01:21:11 [time 37728 ms] [JavaFX Application Thread] GameController [lambda$addEventListeners$0 Line: 59] - angle: -46.61487859421816, rotatedangle: 43.38512140578184
[DEBUG] 2026-08-02 01:21:11 [time 37729 ms] [JavaFX Application Thread] PlayerShip [moveRight Line: 144] - Moving Right
[DEBUG] 2026-08-02 01:21:11 [time 37737 ms] [JavaFX Application Thread] GameController [lambda$addEventListeners$0 Line: 59] - angle: -46.51741308807582, rotatedangle: 43.48258691192418
[DEBUG] 2026-08-02 01:21:11 [time 37737 ms] [JavaFX Application Thread] PlayerShip [moveRight Line: 144] - Moving Right
[DEBUG] 2026-08-02 01:21:11 [time 37745 ms] [JavaFX Application Thread] GameController [lambda$addEventListeners$0 Line: 59] - angle: -46.6148800020818, rotatedangle: 43.3851199979182
[DEBUG] 2026-08-02 01:21:11 [time 37745 ms] [JavaFX Application Thread] PlayerShip [moveRight Line: 144] - Moving Right
[DEBUG] 2026-08-02 01:21:11 [time 37753 ms] [JavaFX Application Thread] GameController [lambda$addEventListeners$0 Line: 59] - angle: -46.712651190796485, rotatedangle: 43.287348809203515
[DEBUG] 2026-08-02 01:21:11 [time 37753 ms] [JavaFX Application Thread] PlayerShip [moveRight Line: 144] - Moving Right
[DEBUG] 2026-08-02 01:21:11 [time 37761 ms] [JavaFX Application Thread] GameController [lambda$addEventListeners$0 Line: 59] - angle: -46.90914680510185, rotatedangle: 43.09085319489815
[DEBUG] 2026-08-02 01:21:11 [time 37762 ms] [JavaFX Application Thread] PlayerShip [moveRight Line: 144] - Moving Right
[DEBUG] 2026-08-02 01:21:11 [time 37769 ms] [JavaFX Application Thread] GameController [lambda$addEventListeners$0 Line: 59] - angle: -47.206279717012265, rotatedangle: 42.793720282987735
[DEBUG] 2026-08-02 01:21:11 [time 37770 ms] [JavaFX Application Thread] PlayerShip [moveRight Line: 144] - Moving Right
[DEBUG] 2026-08-02 01:21:11 [time 37778 ms] [JavaFX Application Thread] GameController [lambda$addEventListeners$0 Line: 59] - angle: -47.60694776781916, rotatedangle: 42.39305223218084
[DEBUG] 2026-08-02 01:21:11 [time 37778 ms] [JavaFX Application Thread] PlayerShip [moveRight Line: 144] - Moving Right
[DEBUG] 2026-08-02 01:21:11 [time 37786 ms] [JavaFX Application Thread] GameController [lambda$addEventListeners$0 Line: 59] - angle: -48.012790269855905, rotatedangle: 41.987209730144095
[DEBUG] 2026-08-02 01:21:11 [time 37787 ms] [JavaFX Application Thread] PlayerShip [moveRight Line: 144] - Moving Right
[DEBUG] 2026-08-02 01:21:11 [time 37794 ms] [JavaFX Application Thread] GameController [lambda$addEventListeners$0 Line: 59] - angle: -48.52746940383493, rotatedangle: 41.47253059616507
[DEBUG] 2026-08-02 01:21:11 [time 37795 ms] [JavaFX Application Thread] PlayerShip [moveRight Line: 144] - Moving Right
[DEBUG] 2026-08-02 01:21:11 [time 37802 ms] [JavaFX Application Thread] GameController [lambda$addEventListeners$0 Line: 59] - angle: -49.05044886760998, rotatedangle: 40.94955113239002
[DEBUG] 2026-08-02 01:21:11 [time 37803 ms] [JavaFX Application Thread] PlayerShip [moveRight Line: 144] - Moving Right
[DEBUG] 2026-08-02 01:21:11 [time 37810 ms] [JavaFX Application Thread] GameController [lambda$addEventListeners$0 Line: 59] - angle: -49.47489813571799, rotatedangle: 40.52510186428201
[DEBUG] 2026-08-02 01:21:11 [time 37812 ms] [JavaFX Application Thread] PlayerShip [moveRight Line: 144] - Moving Right
[DEBUG] 2026-08-02 01:21:11 [time 37820 ms] [JavaFX Application Thread] PlayerShip [moveRight Line: 144] - Moving Right
[DEBUG] 2026-08-02 01:21:11 [time 37828 ms] [JavaFX Application Thread] PlayerShip [moveRight Line: 144] - Moving Right
[DEBUG] 2026-08-02 01:21:11 [time 37835 ms] [JavaFX Application Thread] GameController [lambda$addEventListeners$0 Line: 59] - angle: -51.115503648971185, rotatedangle: 38.884496351028815
[DEBUG] 2026-08-02 01:21:11 [time 37837 ms] [JavaFX Application Thread] PlayerShip [moveRight Line: 144] - Moving Right
[DEBUG] 2026-08-02 01:21:11 [time 37843 ms] [JavaFX Application Thread] GameController [lambda$addEventListeners$0 Line: 59] - angle: -52.137816888268084, rotatedangle: 37.862183111731916
[DEBUG] 2026-08-02 01:21:11 [time 37845 ms] [JavaFX Application Thread] PlayerShip [moveRight Line: 144] - Moving Right
[DEBUG] 2026-08-02 01:21:11 [time 37851 ms] [JavaFX Application Thread] GameController [lambda$addEventListeners$0 Line: 59] - angle: -53.01123740451492, rotatedangle: 36.98876259548508
[DEBUG] 2026-08-02 01:21:11 [time 37853 ms] [JavaFX Application Thread] PlayerShip [moveRight Line: 144] - Moving Right
[DEBUG] 2026-08-02 01:21:11 [time 37860 ms] [JavaFX Application Thread] GameController [lambda$addEventListeners$0 Line: 59] - angle: -53.883947472864264, rotatedangle: 36.116052527135736
[DEBUG] 2026-08-02 01:21:11 [time 37862 ms] [JavaFX Application Thread] PlayerShip [moveRight Line: 144] - Moving Right
[DEBUG] 2026-08-02 01:21:11 [time 37868 ms] [JavaFX Application Thread] GameController [lambda$addEventListeners$0 Line: 59] - angle: -54.782409723921695, rotatedangle: 35.217590276078305
[DEBUG] 2026-08-02 01:21:11 [time 37870 ms] [JavaFX Application Thread] PlayerShip [moveRight Line: 144] - Moving Right
[DEBUG] 2026-08-02 01:21:11 [time 37876 ms] [JavaFX Application Thread] GameController [lambda$addEventListeners$0 Line: 59] - angle: -55.794543390214834, rotatedangle: 34.205456609785166
[DEBUG] 2026-08-02 01:21:11 [time 37878 ms] [JavaFX Application Thread] PlayerShip [moveRight Line: 144] - Moving Right
[DEBUG] 2026-08-02 01:21:11 [time 37885 ms] [JavaFX Application Thread] GameController [lambda$addEventListeners$0 Line: 59] - angle: -56.87719722270626, rotatedangle: 33.12280277729374
[DEBUG] 2026-08-02 01:21:11 [time 37886 ms] [JavaFX Application Thread] PlayerShip [moveRight Line: 144] - Moving Right
[DEBUG] 2026-08-02 01:21:11 [time 37893 ms] [JavaFX Application Thread] GameController [lambda$addEventListeners$0 Line: 59] - angle: -57.80924965227805, rotatedangle: 32.19075034772195
[DEBUG] 2026-08-02 01:21:11 [time 37895 ms] [JavaFX Application Thread] PlayerShip [moveRight Line: 144] - Moving Right
[DEBUG] 2026-08-02 01:21:11 [time 37902 ms] [JavaFX Application Thread] GameController [lambda$addEventListeners$0 Line: 59] - angle: -58.623656653635535, rotatedangle: 31.376343346364465
[DEBUG] 2026-08-02 01:21:11 [time 37902 ms] [JavaFX Application Thread] PlayerShip [moveRight Line: 144] - Moving Right
[DEBUG] 2026-08-02 01:21:11 [time 37911 ms] [JavaFX Application Thread] PlayerShip [moveRight Line: 144] - Moving Right
[DEBUG] 2026-08-02 01:21:11 [time 37916 ms] [JavaFX Application Thread] GameController [lambda$setUpKeyEvents$8 Line: 86] - PlayerShip shoot bullet
[DEBUG] 2026-08-02 01:21:11 [time 37920 ms] [JavaFX Application Thread] PlayerShip [moveRight Line: 144] - Moving Right
[DEBUG] 2026-08-02 01:21:11 [time 37928 ms] [JavaFX Application Thread] PlayerShip [moveRight Line: 144] - Moving Right
[DEBUG] 2026-08-02 01:21:11 [time 37937 ms] [JavaFX Application Thread] PlayerShip [moveRight Line: 144] - Moving Right
[DEBUG] 2026-08-02 01:21:11 [time 37945 ms] [JavaFX Application Thread] PlayerShip [moveRight Line: 144] - Moving Right
[DEBUG] 2026-08-02 01:21:11 [time 37953 ms] [JavaFX Application Thread] PlayerShip [moveRight Line: 144] - Moving Right
[DEBUG] 2026-08-02 01:21:11 [time 37962 ms] [JavaFX Application Thread] PlayerShip [moveRight Line: 144] - Moving Right
[DEBUG] 2026-08-02 01:21:11 [time 37970 ms] [JavaFX Application Thread] PlayerShip [moveRight Line: 144] - Moving Right
[DEBUG] 2026-08-02 01:21:11 [time 37978 ms] [JavaFX Application Thread] PlayerShip [moveRight Line: 144] - Moving Right
[DEBUG] 2026-08-02 01:21:11 [time 37987 ms] [JavaFX Application Thread] PlayerShip [moveRight Line: 144] - Moving Right
[DEBUG] 2026-08-02 01:21:11 [time 37995 ms] [JavaFX Application Thread] PlayerShip [moveRight Line: 144] - Moving Right
[DEBUG] 2026-08-02 01:21:11 [time 38003 ms] [JavaFX Application Thread] PlayerShip [moveRight Line: 144] - Moving Right
[DEBUG] 2026-08-02 01:21:11 [time 38012 ms] [JavaFX Application Thread] PlayerShip [moveRight Line: 144] - Moving Right
[DEBUG] 2026-08-02 01:21:11 [time 38019 ms] [JavaFX Application Thread] PlayerShip [moveRight Line: 144] - Moving Right
[DEBUG] 2026-08-02 01:21:11 [time 38028 ms] [JavaFX Application Thread] PlayerShip [moveRight Line: 144] - Moving Right
[DEBUG] 2026-08-02 01:21:11 [time 38045 ms] [JavaFX Application Thread] PlayerShip [moveTop Line: 149] - Moving Top
[DEBUG] 2026-08-02 01:21:11 [time 38053 ms] [JavaFX Application Thread] PlayerShip [moveTop Line: 149] - Moving Top
[DEBUG] 2026-08-02 01:21:11 [time 38062 ms] [JavaFX Application Thread] PlayerShip [moveTop Line: 149] - Moving Top
[DEBUG] 2026-08-02 01:21:11 [time 38070 ms] [JavaFX Application Thread] PlayerShip [moveTop Line: 149] - Moving Top
[DEBUG] 2026-08-02 01:21:11 [time 38078 ms] [JavaFX Application Thread] PlayerShip [moveTop Line: 149] - Moving Top
[DEBUG] 2026-08-02 01:21:11 [time 38087 ms] [JavaFX Application Thread] PlayerShip [moveTop Line: 149] - Moving Top
[DEBUG] 2026-08-02 01:21:11 [time 38095 ms] [JavaFX Application Thread] PlayerShip [moveTop Line: 149] - Moving Top
[DEBUG] 2026-08-02 01:21:11 [time 38102 ms] [JavaFX Application Thread] PlayerShip [moveTop Line: 149] - Moving Top
[DEBUG] 2026-08-02 01:21:11 [time 38112 ms] [JavaFX Application Thread] PlayerShip [moveTop Line: 149] - Moving Top
[DEBUG] 2026-08-02 01:21:11 [time 38119 ms] [JavaFX Application Thread] PlayerShip [moveTop Line: 149] - Moving Top
[ INFO] 2026-08-02 01:21:11 [time 38128 ms] [JavaFX Application Thread] GameController [updateAndCollidePlayerBullet Line: 360] - Current Score: 29
[DEBUG] 2026-08-02 01:21:11 [time 38131 ms] [JavaFX Application Thread] PlayerShip [moveTop Line: 149] - Moving Top
[DEBUG] 2026-08-02 01:21:11 [time 38137 ms] [JavaFX Application Thread] PlayerShip [moveTop Line: 149] - Moving Top
[DEBUG] 2026-08-02 01:21:11 [time 38145 ms] [JavaFX Application Thread] GameController [lambda$setUpKeyEvents$8 Line: 86] - PlayerShip shoot bullet
[DEBUG] 2026-08-02 01:21:11 [time 38145 ms] [JavaFX Application Thread] PlayerShip [moveTop Line: 149] - Moving Top
[DEBUG] 2026-08-02 01:21:11 [time 38153 ms] [JavaFX Application Thread] PlayerShip [moveTop Line: 149] - Moving Top
[DEBUG] 2026-08-02 01:21:11 [time 38162 ms] [JavaFX Application Thread] PlayerShip [moveTop Line: 149] - Moving Top
[DEBUG] 2026-08-02 01:21:11 [time 38170 ms] [JavaFX Application Thread] PlayerShip [moveTop Line: 149] - Moving Top
[DEBUG] 2026-08-02 01:21:11 [time 38178 ms] [JavaFX Application Thread] PlayerShip [moveTop Line: 149] - Moving Top
[DEBUG] 2026-08-02 01:21:11 [time 38186 ms] [JavaFX Application Thread] PlayerShip [moveTop Line: 149] - Moving Top
[DEBUG] 2026-08-02 01:21:11 [time 38195 ms] [JavaFX Application Thread] PlayerShip [moveTop Line: 149] - Moving Top
[DEBUG] 2026-08-02 01:21:11 [time 38203 ms] [JavaFX Application Thread] PlayerShip [moveTop Line: 149] - Moving Top
[DEBUG] 2026-08-02 01:21:11 [time 38212 ms] [JavaFX Application Thread] PlayerShip [moveTop Line: 149] - Moving Top
[DEBUG] 2026-08-02 01:21:11 [time 38220 ms] [JavaFX Application Thread] PlayerShip [moveLeft Line: 139] - Moving Left
[DEBUG] 2026-08-02 01:21:11 [time 38220 ms] [JavaFX Application Thread] PlayerShip [moveTop Line: 149] - Moving Top
[DEBUG] 2026-08-02 01:21:11 [time 38228 ms] [JavaFX Application Thread] PlayerShip [moveLeft Line: 139] - Moving Left
[DEBUG] 2026-08-02 01:21:11 [time 38228 ms] [JavaFX Application Thread] PlayerShip [moveTop Line: 149] - Moving Top
[DEBUG] 2026-08-02 01:21:11 [time 38237 ms] [JavaFX Application Thread] PlayerShip [moveLeft Line: 139] - Moving Left
[DEBUG] 2026-08-02 01:21:11 [time 38237 ms] [JavaFX Application Thread] PlayerShip [moveTop Line: 149] - Moving Top
[DEBUG] 2026-08-02 01:21:11 [time 38245 ms] [JavaFX Application Thread] PlayerShip [moveLeft Line: 139] - Moving Left
[DEBUG] 2026-08-02 01:21:11 [time 38245 ms] [JavaFX Application Thread] PlayerShip [moveTop Line: 149] - Moving Top
[DEBUG] 2026-08-02 01:21:11 [time 38253 ms] [JavaFX Application Thread] PlayerShip [moveLeft Line: 139] - Moving Left
[DEBUG] 2026-08-02 01:21:11 [time 38253 ms] [JavaFX Application Thread] PlayerShip [moveTop Line: 149] - Moving Top
[DEBUG] 2026-08-02 01:21:11 [time 38262 ms] [JavaFX Application Thread] PlayerShip [moveLeft Line: 139] - Moving Left
[DEBUG] 2026-08-02 01:21:11 [time 38262 ms] [JavaFX Application Thread] PlayerShip [moveTop Line: 149] - Moving Top
[DEBUG] 2026-08-02 01:21:11 [time 38270 ms] [JavaFX Application Thread] PlayerShip [moveLeft Line: 139] - Moving Left
[DEBUG] 2026-08-02 01:21:11 [time 38270 ms] [JavaFX Application Thread] PlayerShip [moveTop Line: 149] - Moving Top
[DEBUG] 2026-08-02 01:21:11 [time 38278 ms] [JavaFX Application Thread] PlayerShip [moveLeft Line: 139] - Moving Left
[DEBUG] 2026-08-02 01:21:11 [time 38278 ms] [JavaFX Application Thread] PlayerShip [moveTop Line: 149] - Moving Top
[DEBUG] 2026-08-02 01:21:11 [time 38287 ms] [JavaFX Application Thread] PlayerShip [moveLeft Line: 139] - Moving Left
[DEBUG] 2026-08-02 01:21:11 [time 38287 ms] [JavaFX Application Thread] PlayerShip [moveTop Line: 149] - Moving Top
[DEBUG] 2026-08-02 01:21:11 [time 38295 ms] [JavaFX Application Thread] PlayerShip [moveLeft Line: 139] - Moving Left
[DEBUG] 2026-08-02 01:21:11 [time 38295 ms] [JavaFX Application Thread] PlayerShip [moveTop Line: 149] - Moving Top
[DEBUG] 2026-08-02 01:21:11 [time 38303 ms] [JavaFX Application Thread] PlayerShip [moveLeft Line: 139] - Moving Left
[DEBUG] 2026-08-02 01:21:11 [time 38303 ms] [JavaFX Application Thread] PlayerShip [moveTop Line: 149] - Moving Top
[DEBUG] 2026-08-02 01:21:11 [time 38311 ms] [JavaFX Application Thread] PlayerShip [moveLeft Line: 139] - Moving Left
[DEBUG] 2026-08-02 01:21:11 [time 38311 ms] [JavaFX Application Thread] PlayerShip [moveTop Line: 149] - Moving Top
[DEBUG] 2026-08-02 01:21:11 [time 38320 ms] [JavaFX Application Thread] PlayerShip [moveLeft Line: 139] - Moving Left
[DEBUG] 2026-08-02 01:21:11 [time 38320 ms] [JavaFX Application Thread] PlayerShip [moveTop Line: 149] - Moving Top
[DEBUG] 2026-08-02 01:21:11 [time 38328 ms] [JavaFX Application Thread] PlayerShip [moveLeft Line: 139] - Moving Left
[DEBUG] 2026-08-02 01:21:11 [time 38328 ms] [JavaFX Application Thread] PlayerShip [moveTop Line: 149] - Moving Top
[DEBUG] 2026-08-02 01:21:11 [time 38337 ms] [JavaFX Application Thread] PlayerShip [moveLeft Line: 139] - Moving Left
[DEBUG] 2026-08-02 01:21:11 [time 38337 ms] [JavaFX Application Thread] PlayerShip [moveTop Line: 149] - Moving Top
[DEBUG] 2026-08-02 01:21:11 [time 38345 ms] [JavaFX Application Thread] PlayerShip [moveLeft Line: 139] - Moving Left
[DEBUG] 2026-08-02 01:21:11 [time 38345 ms] [JavaFX Application Thread] PlayerShip [moveTop Line: 149] - Moving Top
[DEBUG] 2026-08-02 01:21:11 [time 38353 ms] [JavaFX Application Thread] PlayerShip [moveLeft Line: 139] - Moving Left
[DEBUG] 2026-08-02 01:21:11 [time 38353 ms] [JavaFX Application Thread] PlayerShip [moveTop Line: 149] - Moving Top
[DEBUG] 2026-08-02 01:21:11 [time 38362 ms] [JavaFX Application Thread] PlayerShip [moveLeft Line: 139] - Moving Left
[DEBUG] 2026-08-02 01:21:11 [time 38362 ms] [JavaFX Application Thread] PlayerShip [moveTop Line: 149] - Moving Top
[DEBUG] 2026-08-02 01:21:11 [time 38370 ms] [JavaFX Application Thread] PlayerShip [moveLeft Line: 139] - Moving Left
[DEBUG] 2026-08-02 01:21:11 [time 38370 ms] [JavaFX Application Thread] PlayerShip [moveTop Line: 149] - Moving Top
[DEBUG] 2026-08-02 01:21:11 [time 38378 ms] [JavaFX Application Thread] PlayerShip [moveLeft Line: 139] - Moving Left
[DEBUG] 2026-08-02 01:21:11 [time 38378 ms] [JavaFX Application Thread] PlayerShip [moveTop Line: 149] - Moving Top
[DEBUG] 2026-08-02 01:21:11 [time 38387 ms] [JavaFX Application Thread] PlayerShip [moveLeft Line: 139] - Moving Left
[DEBUG] 2026-08-02 01:21:11 [time 38387 ms] [JavaFX Application Thread] PlayerShip [moveTop Line: 149] - Moving Top
[DEBUG] 2026-08-02 01:21:11 [time 38395 ms] [JavaFX Application Thread] PlayerShip [moveLeft Line: 139] - Moving Left
[DEBUG] 2026-08-02 01:21:11 [time 38395 ms] [JavaFX Application Thread] PlayerShip [moveTop Line: 149] - Moving Top
[DEBUG] 2026-08-02 01:21:11 [time 38403 ms] [JavaFX Application Thread] PlayerShip [moveLeft Line: 139] - Moving Left
[DEBUG] 2026-08-02 01:21:11 [time 38403 ms] [JavaFX Application Thread] PlayerShip [moveTop Line: 149] - Moving Top
[DEBUG] 2026-08-02 01:21:11 [time 38412 ms] [JavaFX Application Thread] PlayerShip [moveLeft Line: 139] - Moving Left
[DEBUG] 2026-08-02 01:21:11 [time 38412 ms] [JavaFX Application Thread] PlayerShip [moveTop Line: 149] - Moving Top
[ INFO] 2026-08-02 01:21:11 [time 38412 ms] [JavaFX Application Thread] PlayerShip [updateAndCollidePlayerShip Line: 581] - PlayerShip collided with asteroid
[ INFO] 2026-08-02 01:21:11 [time 38413 ms] [JavaFX Application Thread] PlayerShip [updateAndCollidePlayerShip Line: 677] - Game Over
[ INFO] 2026-08-02 01:21:31 [time 58126 ms] [JavaFX Application Thread] GameController [lambda$new$2 Line: 109] - Choosen ship 1
[DEBUG] 2026-08-02 01:21:31 [time 58360 ms] [JavaFX Application Thread] GameController [lambda$addEventListeners$0 Line: 59] - angle: 151.95189424544694, rotatedangle: 241.95189424544694
[DEBUG] 2026-08-02 01:21:31 [time 58368 ms] [JavaFX Application Thread] GameController [lambda$addEventListeners$0 Line: 59] - angle: 151.55707137563667, rotatedangle: 241.55707137563667
[DEBUG] 2026-08-02 01:21:31 [time 58376 ms] [JavaFX Application Thread] GameController [lambda$addEventListeners$0 Line: 59] - angle: 151.35581453328854, rotatedangle: 241.35581453328854
[DEBUG] 2026-08-02 01:21:31 [time 58384 ms] [JavaFX Application Thread] GameController [lambda$addEventListeners$0 Line: 59] - angle: 150.9454073209211, rotatedangle: 240.9454073209211
[DEBUG] 2026-08-02 01:21:31 [time 58393 ms] [JavaFX Application Thread] GameController [lambda$addEventListeners$0 Line: 59] - angle: 150.30926191303297, rotatedangle: 240.30926191303297
[DEBUG] 2026-08-02 01:21:31 [time 58401 ms] [JavaFX Application Thread] GameController [lambda$addEventListeners$0 Line: 59] - angle: 149.87096658388353, rotatedangle: 239.87096658388353
[DEBUG] 2026-08-02 01:21:31 [time 58409 ms] [JavaFX Application Thread] GameController [lambda$addEventListeners$0 Line: 59] - angle: 149.42077553742806, rotatedangle: 239.42077553742806
[DEBUG] 2026-08-02 01:21:31 [time 58417 ms] [JavaFX Application Thread] GameController [lambda$addEventListeners$0 Line: 59] - angle: 148.48304803956555, rotatedangle: 238.48304803956555
[DEBUG] 2026-08-02 01:21:31 [time 58425 ms] [JavaFX Application Thread] GameController [lambda$addEventListeners$0 Line: 59] - angle: 147.74528947313286, rotatedangle: 237.74528947313286
[DEBUG] 2026-08-02 01:21:31 [time 58433 ms] [JavaFX Application Thread] GameController [lambda$addEventListeners$0 Line: 59] - angle: 146.44506377892102, rotatedangle: 236.44506377892102
[DEBUG] 2026-08-02 01:21:31 [time 58441 ms] [JavaFX Application Thread] GameController [lambda$addEventListeners$0 Line: 59] - angle: 145.33657737364254, rotatedangle: 235.33657737364254
[DEBUG] 2026-08-02 01:21:32 [time 58449 ms] [JavaFX Application Thread] GameController [lambda$addEventListeners$0 Line: 59] - angle: 144.88140612035022, rotatedangle: 234.88140612035022
[DEBUG] 2026-08-02 01:21:32 [time 58458 ms] [JavaFX Application Thread] GameController [lambda$addEventListeners$0 Line: 59] - angle: 144.4008044484716, rotatedangle: 234.4008044484716
[DEBUG] 2026-08-02 01:21:32 [time 58466 ms] [JavaFX Application Thread] GameController [lambda$addEventListeners$0 Line: 59] - angle: 143.45500284101698, rotatedangle: 233.45500284101698
[DEBUG] 2026-08-02 01:21:32 [time 58474 ms] [JavaFX Application Thread] GameController [lambda$addEventListeners$0 Line: 59] - angle: 142.5683986180357, rotatedangle: 232.5683986180357
[DEBUG] 2026-08-02 01:21:32 [time 58482 ms] [JavaFX Application Thread] GameController [lambda$addEventListeners$0 Line: 59] - angle: 142.07355024440142, rotatedangle: 232.07355024440142
[DEBUG] 2026-08-02 01:21:32 [time 58490 ms] [JavaFX Application Thread] GameController [lambda$addEventListeners$0 Line: 59] - angle: 141.0541774057438, rotatedangle: 231.0541774057438
[DEBUG] 2026-08-02 01:21:32 [time 58498 ms] [JavaFX Application Thread] GameController [lambda$addEventListeners$0 Line: 59] - angle: 140.0290584795491, rotatedangle: 230.0290584795491
[DEBUG] 2026-08-02 01:21:32 [time 58507 ms] [JavaFX Application Thread] GameController [lambda$addEventListeners$0 Line: 59] - angle: 137.16109658191462, rotatedangle: 227.16109658191462
[DEBUG] 2026-08-02 01:21:32 [time 58515 ms] [JavaFX Application Thread] GameController [lambda$addEventListeners$0 Line: 59] - angle: 127.64764480095378, rotatedangle: 217.6476448009538
[DEBUG] 2026-08-02 01:21:32 [time 58824 ms] [JavaFX Application Thread] PlayerShip [moveTop Line: 149] - Moving Top
[DEBUG] 2026-08-02 01:21:32 [time 58832 ms] [JavaFX Application Thread] PlayerShip [moveTop Line: 149] - Moving Top
[DEBUG] 2026-08-02 01:21:32 [time 58840 ms] [JavaFX Application Thread] PlayerShip [moveTop Line: 149] - Moving Top
[DEBUG] 2026-08-02 01:21:32 [time 58849 ms] [JavaFX Application Thread] PlayerShip [moveTop Line: 149] - Moving Top
[DEBUG] 2026-08-02 01:21:32 [time 58857 ms] [JavaFX Application Thread] PlayerShip [moveTop Line: 149] - Moving Top
[DEBUG] 2026-08-02 01:21:32 [time 58865 ms] [JavaFX Application Thread] PlayerShip [moveTop Line: 149] - Moving Top
[DEBUG] 2026-08-02 01:21:32 [time 58874 ms] [JavaFX Application Thread] PlayerShip [moveTop Line: 149] - Moving Top
[DEBUG] 2026-08-02 01:21:32 [time 58882 ms] [JavaFX Application Thread] PlayerShip [moveTop Line: 149] - Moving Top
[DEBUG] 2026-08-02 01:21:32 [time 58890 ms] [JavaFX Application Thread] PlayerShip [moveTop Line: 149] - Moving Top
[DEBUG] 2026-08-02 01:21:32 [time 58899 ms] [JavaFX Application Thread] PlayerShip [moveTop Line: 149] - Moving Top
[DEBUG] 2026-08-02 01:21:32 [time 58907 ms] [JavaFX Application Thread] PlayerShip [moveTop Line: 149] - Moving Top
[DEBUG] 2026-08-02 01:21:32 [time 58916 ms] [JavaFX Application Thread] PlayerShip [moveTop Line: 149] - Moving Top
[DEBUG] 2026-08-02 01:21:32 [time 58924 ms] [JavaFX Application Thread] PlayerShip [moveTop Line: 149] - Moving Top
[DEBUG] 2026-08-02 01:21:32 [time 58932 ms] [JavaFX Application Thread] PlayerShip [moveTop Line: 149] - Moving Top
[DEBUG] 2026-08-02 01:21:32 [time 58941 ms] [JavaFX Application Thread] PlayerShip [moveTop Line: 149] - Moving Top
[DEBUG] 2026-08-02 01:21:32 [time 58949 ms] [JavaFX Application Thread] PlayerShip [moveTop Line: 149] - Moving Top
[DEBUG] 2026-08-02 01:21:32 [time 58957 ms] [JavaFX Application Thread] PlayerShip [moveTop Line: 149] - Moving Top
[DEBUG] 2026-08-02 01:21:32 [time 58966 ms] [JavaFX Application Thread] PlayerShip [moveTop Line: 149] - Moving Top
[DEBUG] 2026-08-02 01:21:32 [time 58974 ms] [JavaFX Application Thread] PlayerShip [moveTop Line: 149] - Moving Top
[DEBUG] 2026-08-02 01:21:32 [time 58982 ms] [JavaFX Application Thread] PlayerShip [moveTop Line: 149] - Moving Top
[DEBUG] 2026-08-02 01:21:32 [time 58991 ms] [JavaFX Application Thread] PlayerShip [moveTop Line: 149] - Moving Top
[DEBUG] 2026-08-02 01:21:32 [time 58999 ms] [JavaFX Application Thread] PlayerShip [moveTop Line: 149] - Moving Top
[DEBUG] 2026-08-02 01:21:32 [time 59006 ms] [JavaFX Application Thread] PlayerShip [moveTop Line: 149] - Moving Top
[DEBUG] 2026-08-02 01:21:32 [time 59016 ms] [JavaFX Application Thread] PlayerShip [moveTop Line: 149] - Moving Top
[DEBUG] 2026-08-02 01:21:32 [time 59024 ms] [JavaFX Application Thread] PlayerShip [moveTop Line: 149] - Moving Top
[DEBUG] 2026-08-02 01:21:32 [time 59032 ms] [JavaFX Application Thread] PlayerShip [moveTop Line: 149] - Moving Top
[DEBUG] 2026-08-02 01:21:32 [time 59040 ms] [JavaFX Application Thread] PlayerShip [moveTop Line: 149] - Moving Top
[DEBUG] 2026-08-02 01:21:32 [time 59049 ms] [JavaFX Application Thread] PlayerShip [moveTop Line: 149] - Moving Top
[DEBUG] 2026-08-02 01:21:32 [time 59057 ms] [JavaFX Application Thread] PlayerShip [moveTop Line: 149] - Moving Top
[DEBUG] 2026-08-02 01:21:32 [time 59066 ms] [JavaFX Application Thread] PlayerShip [moveTop Line: 149] - Moving Top
[DEBUG] 2026-08-02 01:21:32 [time 59074 ms] [JavaFX Application Thread] PlayerShip [moveTop Line: 149] - Moving Top
[DEBUG] 2026-08-02 01:21:32 [time 59082 ms] [JavaFX Application Thread] PlayerShip [moveTop Line: 149] - Moving Top
[DEBUG] 2026-08-02 01:21:32 [time 59090 ms] [JavaFX Application Thread] PlayerShip [moveTop Line: 149] - Moving Top
[DEBUG] 2026-08-02 01:21:32 [time 59099 ms] [JavaFX Application Thread] PlayerShip [moveTop Line: 149] - Moving Top
[DEBUG] 2026-08-02 01:21:32 [time 59107 ms] [JavaFX Application Thread] PlayerShip [moveTop Line: 149] - Moving Top
[DEBUG] 2026-08-02 01:21:32 [time 59116 ms] [JavaFX Application Thread] PlayerShip [moveTop Line: 149] - Moving Top
[DEBUG] 2026-08-02 01:21:32 [time 59124 ms] [JavaFX Application Thread] PlayerShip [moveTop Line: 149] - Moving Top
[DEBUG] 2026-08-02 01:21:32 [time 59132 ms] [JavaFX Application Thread] PlayerShip [moveTop Line: 149] - Moving Top
[DEBUG] 2026-08-02 01:21:32 [time 59141 ms] [JavaFX Application Thread] PlayerShip [moveTop Line: 149] - Moving Top
[DEBUG] 2026-08-02 01:21:32 [time 59149 ms] [JavaFX Application Thread] PlayerShip [moveTop Line: 149] - Moving Top
[DEBUG] 2026-08-02 01:21:32 [time 59157 ms] [JavaFX Application Thread] PlayerShip [moveTop Line: 149] - Moving Top
[DEBUG] 2026-08-02 01:21:32 [time 59165 ms] [JavaFX Application Thread] PlayerShip [moveTop Line: 149] - Moving Top
[DEBUG] 2026-08-02 01:21:32 [time 59174 ms] [JavaFX Application Thread] PlayerShip [moveTop Line: 149] - Moving Top
[DEBUG] 2026-08-02 01:21:32 [time 59182 ms] [JavaFX Application Thread] PlayerShip [moveTop Line: 149] - Moving Top
[DEBUG] 2026-08-02 01:21:32 [time 59190 ms] [JavaFX Application Thread] PlayerShip [moveTop Line: 149] - Moving Top
[DEBUG] 2026-08-02 01:21:33 [time 59450 ms] [JavaFX Application Thread] PlayerShip [moveLeft Line: 139] - Moving Left
[DEBUG] 2026-08-02 01:21:33 [time 59457 ms] [JavaFX Application Thread] PlayerShip [moveLeft Line: 139] - Moving Left
[DEBUG] 2026-08-02 01:21:33 [time 59466 ms] [JavaFX Application Thread] PlayerShip [moveLeft Line: 139] - Moving Left
[DEBUG] 2026-08-02 01:21:33 [time 59474 ms] [JavaFX Application Thread] PlayerShip [moveLeft Line: 139] - Moving Left
[DEBUG] 2026-08-02 01:21:33 [time 59482 ms] [JavaFX Application Thread] PlayerShip [moveLeft Line: 139] - Moving Left
[DEBUG] 2026-08-02 01:21:33 [time 59491 ms] [JavaFX Application Thread] PlayerShip [moveLeft Line: 139] - Moving Left
[DEBUG] 2026-08-02 01:21:33 [time 59499 ms] [JavaFX Application Thread] PlayerShip [moveLeft Line: 139] - Moving Left
[DEBUG] 2026-08-02 01:21:33 [time 59506 ms] [JavaFX Application Thread] PlayerShip [moveLeft Line: 139] - Moving Left
[DEBUG] 2026-08-02 01:21:33 [time 59516 ms] [JavaFX Application Thread] PlayerShip [moveLeft Line: 139] - Moving Left
[DEBUG] 2026-08-02 01:21:33 [time 59524 ms] [JavaFX Application Thread] PlayerShip [moveLeft Line: 139] - Moving Left
[DEBUG] 2026-08-02 01:21:33 [time 59532 ms] [JavaFX Application Thread] PlayerShip [moveLeft Line: 139] - Moving Left
[DEBUG] 2026-08-02 01:21:33 [time 59541 ms] [JavaFX Application Thread] PlayerShip [moveLeft Line: 139] - Moving Left
[DEBUG] 2026-08-02 01:21:33 [time 59549 ms] [JavaFX Application Thread] PlayerShip [moveLeft Line: 139] - Moving Left
[DEBUG] 2026-08-02 01:21:33 [time 59557 ms] [JavaFX Application Thread] PlayerShip [moveLeft Line: 139] - Moving Left
[DEBUG] 2026-08-02 01:21:33 [time 59566 ms] [JavaFX Application Thread] PlayerShip [moveLeft Line: 139] - Moving Left
[DEBUG] 2026-08-02 01:21:33 [time 59574 ms] [JavaFX Application Thread] PlayerShip [moveLeft Line: 139] - Moving Left
[DEBUG] 2026-08-02 01:21:33 [time 59599 ms] [JavaFX Application Thread] PlayerShip [moveTop Line: 149] - Moving Top
[DEBUG] 2026-08-02 01:21:33 [time 59607 ms] [JavaFX Application Thread] PlayerShip [moveTop Line: 149] - Moving Top
[DEBUG] 2026-08-02 01:21:33 [time 59616 ms] [JavaFX Application Thread] PlayerShip [moveTop Line: 149] - Moving Top
[DEBUG] 2026-08-02 01:21:33 [time 59624 ms] [JavaFX Application Thread] PlayerShip [moveTop Line: 149] - Moving Top
[DEBUG] 2026-08-02 01:21:33 [time 59632 ms] [JavaFX Application Thread] PlayerShip [moveTop Line: 149] - Moving Top
[DEBUG] 2026-08-02 01:21:33 [time 59641 ms] [JavaFX Application Thread] PlayerShip [moveTop Line: 149] - Moving Top
[DEBUG] 2026-08-02 01:21:33 [time 59649 ms] [JavaFX Application Thread] PlayerShip [moveTop Line: 149] - Moving Top
[DEBUG] 2026-08-02 01:21:33 [time 59657 ms] [JavaFX Application Thread] PlayerShip [moveTop Line: 149] - Moving Top
[DEBUG] 2026-08-02 01:21:33 [time 59665 ms] [JavaFX Application Thread] PlayerShip [moveTop Line: 149] - Moving Top
[DEBUG] 2026-08-02 01:21:33 [time 59674 ms] [JavaFX Application Thread] PlayerShip [moveTop Line: 149] - Moving Top
[DEBUG] 2026-08-02 01:21:33 [time 59682 ms] [JavaFX Application Thread] PlayerShip [moveTop Line: 149] - Moving Top
[DEBUG] 2026-08-02 01:21:33 [time 59690 ms] [JavaFX Application Thread] PlayerShip [moveTop Line: 149] - Moving Top
[DEBUG] 2026-08-02 01:21:33 [time 59699 ms] [JavaFX Application Thread] PlayerShip [moveTop Line: 149] - Moving Top
[DEBUG] 2026-08-02 01:21:33 [time 59707 ms] [JavaFX Application Thread] PlayerShip [moveTop Line: 149] - Moving Top
[DEBUG] 2026-08-02 01:21:33 [time 59715 ms] [JavaFX Application Thread] PlayerShip [moveTop Line: 149] - Moving Top
[DEBUG] 2026-08-02 01:21:33 [time 59724 ms] [JavaFX Application Thread] PlayerShip [moveTop Line: 149] - Moving Top
[DEBUG] 2026-08-02 01:21:33 [time 59732 ms] [JavaFX Application Thread] PlayerShip [moveTop Line: 149] - Moving Top
[DEBUG] 2026-08-02 01:21:33 [time 59741 ms] [JavaFX Application Thread] PlayerShip [moveTop Line: 149] - Moving Top
[DEBUG] 2026-08-02 01:21:33 [time 59749 ms] [JavaFX Application Thread] PlayerShip [moveTop Line: 149] - Moving Top
[DEBUG] 2026-08-02 01:21:33 [time 59757 ms] [JavaFX Application Thread] PlayerShip [moveTop Line: 149] - Moving Top
[DEBUG] 2026-08-02 01:21:33 [time 59766 ms] [JavaFX Application Thread] PlayerShip [moveTop Line: 149] - Moving Top
[DEBUG] 2026-08-02 01:21:33 [time 59774 ms] [JavaFX Application Thread] PlayerShip [moveTop Line: 149] - Moving Top
[DEBUG] 2026-08-02 01:21:33 [time 59782 ms] [JavaFX Application Thread] PlayerShip [moveTop Line: 149] - Moving Top
[DEBUG] 2026-08-02 01:21:33 [time 59790 ms] [JavaFX Application Thread] PlayerShip [moveTop Line: 149] - Moving Top
[DEBUG] 2026-08-02 01:21:33 [time 59799 ms] [JavaFX Application Thread] PlayerShip [moveTop Line: 149] - Moving Top
[DEBUG] 2026-08-02 01:21:33 [time 59807 ms] [JavaFX Application Thread] PlayerShip [moveTop Line: 149] - Moving Top
[DEBUG] 2026-08-02 01:21:33 [time 59815 ms] [JavaFX Application Thread] PlayerShip [moveTop Line: 149] - Moving Top
[DEBUG] 2026-08-02 01:21:33 [time 59824 ms] [JavaFX Application Thread] PlayerShip [moveTop Line: 149] - Moving Top
[DEBUG] 2026-08-02 01:21:33 [time 59832 ms] [JavaFX Application Thread] PlayerShip [moveTop Line: 149] - Moving Top
[DEBUG] 2026-08-02 01:21:33 [time 59841 ms] [JavaFX Application Thread] PlayerShip [moveLeft Line: 139] - Moving Left
[DEBUG] 2026-08-02 01:21:33 [time 59841 ms] [JavaFX Application Thread] PlayerShip [moveTop Line: 149] - Moving Top
[DEBUG] 2026-08-02 01:21:33 [time 59848 ms] [JavaFX Application Thread] PlayerShip [moveLeft Line: 139] - Moving Left
[DEBUG] 2026-08-02 01:21:33 [time 59848 ms] [JavaFX Application Thread] PlayerShip [moveTop Line: 149] - Moving Top
[DEBUG] 2026-08-02 01:21:33 [time 59857 ms] [JavaFX Application Thread] PlayerShip [moveLeft Line: 139] - Moving Left
[DEBUG] 2026-08-02 01:21:33 [time 59857 ms] [JavaFX Application Thread] PlayerShip [moveTop Line: 149] - Moving Top
[DEBUG] 2026-08-02 01:21:33 [time 59866 ms] [JavaFX Application Thread] PlayerShip [moveLeft Line: 139] - Moving Left
[DEBUG] 2026-08-02 01:21:33 [time 59866 ms] [JavaFX Application Thread] PlayerShip [moveTop Line: 149] - Moving Top
[DEBUG] 2026-08-02 01:21:33 [time 59874 ms] [JavaFX Application Thread] PlayerShip [moveLeft Line: 139] - Moving Left
[DEBUG] 2026-08-02 01:21:33 [time 59874 ms] [JavaFX Application Thread] PlayerShip [moveTop Line: 149] - Moving Top
[DEBUG] 2026-08-02 01:21:33 [time 59882 ms] [JavaFX Application Thread] PlayerShip [moveLeft Line: 139] - Moving Left
[DEBUG] 2026-08-02 01:21:33 [time 59882 ms] [JavaFX Application Thread] PlayerShip [moveTop Line: 149] - Moving Top
[DEBUG] 2026-08-02 01:21:33 [time 59891 ms] [JavaFX Application Thread] PlayerShip [moveLeft Line: 139] - Moving Left
[DEBUG] 2026-08-02 01:21:33 [time 59891 ms] [JavaFX Application Thread] PlayerShip [moveTop Line: 149] - Moving Top
[DEBUG] 2026-08-02 01:21:33 [time 59899 ms] [JavaFX Application Thread] PlayerShip [moveLeft Line: 139] - Moving Left
[DEBUG] 2026-08-02 01:21:33 [time 59899 ms] [JavaFX Application Thread] PlayerShip [moveTop Line: 149] - Moving Top
[DEBUG] 2026-08-02 01:21:33 [time 59906 ms] [JavaFX Application Thread] PlayerShip [moveLeft Line: 139] - Moving Left
[DEBUG] 2026-08-02 01:21:33 [time 59906 ms] [JavaFX Application Thread] PlayerShip [moveTop Line: 149] - Moving Top
[DEBUG] 2026-08-02 01:21:33 [time 59916 ms] [JavaFX Application Thread] PlayerShip [moveLeft Line: 139] - Moving Left
[DEBUG] 2026-08-02 01:21:33 [time 59916 ms] [JavaFX Application Thread] PlayerShip [moveTop Line: 149] - Moving Top
[DEBUG] 2026-08-02 01:21:33 [time 59924 ms] [JavaFX Application Thread] PlayerShip [moveLeft Line: 139] - Moving Left
[DEBUG] 2026-08-02 01:21:33 [time 59924 ms] [JavaFX Application Thread] PlayerShip [moveTop Line: 149] - Moving Top
[DEBUG] 2026-08-02 01:21:33 [time 59932 ms] [JavaFX Application Thread] PlayerShip [moveLeft Line: 139] - Moving Left
[DEBUG] 2026-08-02 01:21:33 [time 59932 ms] [JavaFX Application Thread] PlayerShip [moveTop Line: 149] - Moving Top
[DEBUG] 2026-08-02 01:21:33 [time 59941 ms] [JavaFX Application Thread] PlayerShip [moveLeft Line: 139] - Moving Left
[DEBUG] 2026-08-02 01:21:33 [time 59941 ms] [JavaFX Application Thread] PlayerShip [moveTop Line: 149] - Moving Top
[DEBUG] 2026-08-02 01:21:33 [time 59949 ms] [JavaFX Application Thread] PlayerShip [moveLeft Line: 139] - Moving Left
[DEBUG] 2026-08-02 01:21:33 [time 59949 ms] [JavaFX Application Thread] PlayerShip [moveTop Line: 149] - Moving Top
[DEBUG] 2026-08-02 01:21:33 [time 59957 ms] [JavaFX Application Thread] PlayerShip [moveLeft Line: 139] - Moving Left
[DEBUG] 2026-08-02 01:21:33 [time 59966 ms] [JavaFX Application Thread] PlayerShip [moveLeft Line: 139] - Moving Left
[DEBUG] 2026-08-02 01:21:33 [time 59974 ms] [JavaFX Application Thread] PlayerShip [moveLeft Line: 139] - Moving Left
[DEBUG] 2026-08-02 01:21:33 [time 59982 ms] [JavaFX Application Thread] PlayerShip [moveLeft Line: 139] - Moving Left
[DEBUG] 2026-08-02 01:21:33 [time 59990 ms] [JavaFX Application Thread] PlayerShip [moveLeft Line: 139] - Moving Left
[DEBUG] 2026-08-02 01:21:33 [time 59999 ms] [JavaFX Application Thread] PlayerShip [moveLeft Line: 139] - Moving Left
[DEBUG] 2026-08-02 01:21:33 [time 60007 ms] [JavaFX Application Thread] PlayerShip [moveLeft Line: 139] - Moving Left
[DEBUG] 2026-08-02 01:21:33 [time 60015 ms] [JavaFX Application Thread] PlayerShip [moveLeft Line: 139] - Moving Left
[DEBUG] 2026-08-02 01:21:33 [time 60024 ms] [JavaFX Application Thread] PlayerShip [moveLeft Line: 139] - Moving Left
[DEBUG] 2026-08-02 01:21:33 [time 60032 ms] [JavaFX Application Thread] PlayerShip [moveLeft Line: 139] - Moving Left
[DEBUG] 2026-08-02 01:21:33 [time 60041 ms] [JavaFX Application Thread] PlayerShip [moveLeft Line: 139] - Moving Left
[DEBUG] 2026-08-02 01:21:33 [time 60049 ms] [JavaFX Application Thread] PlayerShip [moveLeft Line: 139] - Moving Left
[DEBUG] 2026-08-02 01:21:33 [time 60057 ms] [JavaFX Application Thread] PlayerShip [moveLeft Line: 139] - Moving Left
[DEBUG] 2026-08-02 01:21:33 [time 60065 ms] [JavaFX Application Thread] PlayerShip [moveLeft Line: 139] - Moving Left
[DEBUG] 2026-08-02 01:21:33 [time 60074 ms] [JavaFX Application Thread] PlayerShip [moveLeft Line: 139] - Moving Left
[DEBUG] 2026-08-02 01:21:33 [time 60082 ms] [JavaFX Application Thread] PlayerShip [moveLeft Line: 139] - Moving Left
[DEBUG] 2026-08-02 01:21:33 [time 60091 ms] [JavaFX Application Thread] PlayerShip [moveLeft Line: 139] - Moving Left
[DEBUG] 2026-08-02 01:21:33 [time 60099 ms] [JavaFX Application Thread] PlayerShip [moveLeft Line: 139] - Moving Left
[DEBUG] 2026-08-02 01:21:33 [time 60107 ms] [JavaFX Application Thread] PlayerShip [moveLeft Line: 139] - Moving Left
[DEBUG] 2026-08-02 01:21:33 [time 60115 ms] [JavaFX Application Thread] PlayerShip [moveLeft Line: 139] - Moving Left
[DEBUG] 2026-08-02 01:21:33 [time 60124 ms] [JavaFX Application Thread] PlayerShip [moveLeft Line: 139] - Moving Left
[DEBUG] 2026-08-02 01:21:33 [time 60132 ms] [JavaFX Application Thread] PlayerShip [moveLeft Line: 139] - Moving Left
[DEBUG] 2026-08-02 01:21:33 [time 60140 ms] [JavaFX Application Thread] PlayerShip [moveLeft Line: 139] - Moving Left
[DEBUG] 2026-08-02 01:21:33 [time 60149 ms] [JavaFX Application Thread] PlayerShip [moveLeft Line: 139] - Moving Left
[DEBUG] 2026-08-02 01:21:33 [time 60157 ms] [JavaFX Application Thread] PlayerShip [moveLeft Line: 139] - Moving Left
[DEBUG] 2026-08-02 01:21:33 [time 60165 ms] [JavaFX Application Thread] PlayerShip [moveLeft Line: 139] - Moving Left
[DEBUG] 2026-08-02 01:21:33 [time 60174 ms] [JavaFX Application Thread] PlayerShip [moveLeft Line: 139] - Moving Left
[DEBUG] 2026-08-02 01:21:33 [time 60182 ms] [JavaFX Application Thread] PlayerShip [moveLeft Line: 139] - Moving Left
[DEBUG] 2026-08-02 01:21:33 [time 60190 ms] [JavaFX Application Thread] PlayerShip [moveLeft Line: 139] - Moving Left
[DEBUG] 2026-08-02 01:21:33 [time 60198 ms] [JavaFX Application Thread] PlayerShip [moveLeft Line: 139] - Moving Left
[DEBUG] 2026-08-02 01:21:33 [time 60207 ms] [JavaFX Application Thread] PlayerShip [moveLeft Line: 139] - Moving Left
[DEBUG] 2026-08-02 01:21:33 [time 60216 ms] [JavaFX Application Thread] PlayerShip [moveLeft Line: 139] - Moving Left
[DEBUG] 2026-08-02 01:21:33 [time 60223 ms] [JavaFX Application Thread] PlayerShip [moveLeft Line: 139] - Moving Left
[DEBUG] 2026-08-02 01:21:33 [time 60232 ms] [JavaFX Application Thread] PlayerShip [moveLeft Line: 139] - Moving Left
[DEBUG] 2026-08-02 01:21:33 [time 60241 ms] [JavaFX Application Thread] PlayerShip [moveLeft Line: 139] - Moving Left
[DEBUG] 2026-08-02 01:21:33 [time 60248 ms] [JavaFX Application Thread] PlayerShip [moveLeft Line: 139] - Moving Left
[DEBUG] 2026-08-02 01:21:33 [time 60257 ms] [JavaFX Application Thread] PlayerShip [moveLeft Line: 139] - Moving Left
[DEBUG] 2026-08-02 01:21:33 [time 60265 ms] [JavaFX Application Thread] PlayerShip [moveLeft Line: 139] - Moving Left
[DEBUG] 2026-08-02 01:21:33 [time 60382 ms] [JavaFX Application Thread] PlayerShip [moveBottom Line: 154] - Moving Bottom
[DEBUG] 2026-08-02 01:21:33 [time 60391 ms] [JavaFX Application Thread] PlayerShip [moveBottom Line: 154] - Moving Bottom
[DEBUG] 2026-08-02 01:21:33 [time 60399 ms] [JavaFX Application Thread] PlayerShip [moveBottom Line: 154] - Moving Bottom
[DEBUG] 2026-08-02 01:21:33 [time 60406 ms] [JavaFX Application Thread] PlayerShip [moveBottom Line: 154] - Moving Bottom
[DEBUG] 2026-08-02 01:21:33 [time 60416 ms] [JavaFX Application Thread] PlayerShip [moveBottom Line: 154] - Moving Bottom
[DEBUG] 2026-08-02 01:21:33 [time 60424 ms] [JavaFX Application Thread] PlayerShip [moveBottom Line: 154] - Moving Bottom
[DEBUG] 2026-08-02 01:21:33 [time 60432 ms] [JavaFX Application Thread] PlayerShip [moveBottom Line: 154] - Moving Bottom
[DEBUG] 2026-08-02 01:21:33 [time 60441 ms] [JavaFX Application Thread] PlayerShip [moveBottom Line: 154] - Moving Bottom
[DEBUG] 2026-08-02 01:21:34 [time 60449 ms] [JavaFX Application Thread] PlayerShip [moveBottom Line: 154] - Moving Bottom
[DEBUG] 2026-08-02 01:21:34 [time 60457 ms] [JavaFX Application Thread] PlayerShip [moveBottom Line: 154] - Moving Bottom
[DEBUG] 2026-08-02 01:21:34 [time 60466 ms] [JavaFX Application Thread] PlayerShip [moveBottom Line: 154] - Moving Bottom
[DEBUG] 2026-08-02 01:21:34 [time 60474 ms] [JavaFX Application Thread] PlayerShip [moveBottom Line: 154] - Moving Bottom
[DEBUG] 2026-08-02 01:21:34 [time 60482 ms] [JavaFX Application Thread] PlayerShip [moveBottom Line: 154] - Moving Bottom
[DEBUG] 2026-08-02 01:21:34 [time 60491 ms] [JavaFX Application Thread] PlayerShip [moveBottom Line: 154] - Moving Bottom
[DEBUG] 2026-08-02 01:21:34 [time 60499 ms] [JavaFX Application Thread] PlayerShip [moveBottom Line: 154] - Moving Bottom
[DEBUG] 2026-08-02 01:21:34 [time 60507 ms] [JavaFX Application Thread] PlayerShip [moveBottom Line: 154] - Moving Bottom
[DEBUG] 2026-08-02 01:21:34 [time 60515 ms] [JavaFX Application Thread] PlayerShip [moveBottom Line: 154] - Moving Bottom
[DEBUG] 2026-08-02 01:21:34 [time 60524 ms] [JavaFX Application Thread] PlayerShip [moveBottom Line: 154] - Moving Bottom
[DEBUG] 2026-08-02 01:21:34 [time 60532 ms] [JavaFX Application Thread] PlayerShip [moveBottom Line: 154] - Moving Bottom
[DEBUG] 2026-08-02 01:21:34 [time 60540 ms] [JavaFX Application Thread] PlayerShip [moveBottom Line: 154] - Moving Bottom
[DEBUG] 2026-08-02 01:21:34 [time 60549 ms] [JavaFX Application Thread] PlayerShip [moveBottom Line: 154] - Moving Bottom
[DEBUG] 2026-08-02 01:21:34 [time 60557 ms] [JavaFX Application Thread] PlayerShip [moveBottom Line: 154] - Moving Bottom
[DEBUG] 2026-08-02 01:21:34 [time 60566 ms] [JavaFX Application Thread] PlayerShip [moveLeft Line: 139] - Moving Left
[DEBUG] 2026-08-02 01:21:34 [time 60566 ms] [JavaFX Application Thread] PlayerShip [moveBottom Line: 154] - Moving Bottom
[DEBUG] 2026-08-02 01:21:34 [time 60574 ms] [JavaFX Application Thread] PlayerShip [moveLeft Line: 139] - Moving Left
[DEBUG] 2026-08-02 01:21:34 [time 60574 ms] [JavaFX Application Thread] PlayerShip [moveBottom Line: 154] - Moving Bottom
[DEBUG] 2026-08-02 01:21:34 [time 60582 ms] [JavaFX Application Thread] PlayerShip [moveLeft Line: 139] - Moving Left
[DEBUG] 2026-08-02 01:21:34 [time 60582 ms] [JavaFX Application Thread] PlayerShip [moveBottom Line: 154] - Moving Bottom
[DEBUG] 2026-08-02 01:21:34 [time 60591 ms] [JavaFX Application Thread] PlayerShip [moveLeft Line: 139] - Moving Left
[DEBUG] 2026-08-02 01:21:34 [time 60591 ms] [JavaFX Application Thread] PlayerShip [moveBottom Line: 154] - Moving Bottom
[DEBUG] 2026-08-02 01:21:34 [time 60599 ms] [JavaFX Application Thread] PlayerShip [moveLeft Line: 139] - Moving Left
[DEBUG] 2026-08-02 01:21:34 [time 60599 ms] [JavaFX Application Thread] PlayerShip [moveBottom Line: 154] - Moving Bottom
[DEBUG] 2026-08-02 01:21:34 [time 60607 ms] [JavaFX Application Thread] PlayerShip [moveLeft Line: 139] - Moving Left
[DEBUG] 2026-08-02 01:21:34 [time 60608 ms] [JavaFX Application Thread] PlayerShip [moveBottom Line: 154] - Moving Bottom
[DEBUG] 2026-08-02 01:21:34 [time 60616 ms] [JavaFX Application Thread] PlayerShip [moveLeft Line: 139] - Moving Left
[DEBUG] 2026-08-02 01:21:34 [time 60616 ms] [JavaFX Application Thread] PlayerShip [moveBottom Line: 154] - Moving Bottom
[DEBUG] 2026-08-02 01:21:34 [time 60624 ms] [JavaFX Application Thread] PlayerShip [moveLeft Line: 139] - Moving Left
[DEBUG] 2026-08-02 01:21:34 [time 60624 ms] [JavaFX Application Thread] PlayerShip [moveBottom Line: 154] - Moving Bottom
[DEBUG] 2026-08-02 01:21:34 [time 60632 ms] [JavaFX Application Thread] PlayerShip [moveLeft Line: 139] - Moving Left
[DEBUG] 2026-08-02 01:21:34 [time 60633 ms] [JavaFX Application Thread] PlayerShip [moveBottom Line: 154] - Moving Bottom
[DEBUG] 2026-08-02 01:21:34 [time 60640 ms] [JavaFX Application Thread] PlayerShip [moveLeft Line: 139] - Moving Left
[DEBUG] 2026-08-02 01:21:34 [time 60640 ms] [JavaFX Application Thread] PlayerShip [moveBottom Line: 154] - Moving Bottom
[DEBUG] 2026-08-02 01:21:34 [time 60649 ms] [JavaFX Application Thread] PlayerShip [moveLeft Line: 139] - Moving Left
[DEBUG] 2026-08-02 01:21:34 [time 60649 ms] [JavaFX Application Thread] PlayerShip [moveBottom Line: 154] - Moving Bottom
[DEBUG] 2026-08-02 01:21:34 [time 60657 ms] [JavaFX Application Thread] PlayerShip [moveLeft Line: 139] - Moving Left
[DEBUG] 2026-08-02 01:21:34 [time 60657 ms] [JavaFX Application Thread] PlayerShip [moveBottom Line: 154] - Moving Bottom
[DEBUG] 2026-08-02 01:21:34 [time 60665 ms] [JavaFX Application Thread] PlayerShip [moveLeft Line: 139] - Moving Left
[DEBUG] 2026-08-02 01:21:34 [time 60665 ms] [JavaFX Application Thread] PlayerShip [moveBottom Line: 154] - Moving Bottom
[DEBUG] 2026-08-02 01:21:34 [time 60674 ms] [JavaFX Application Thread] PlayerShip [moveLeft Line: 139] - Moving Left
[DEBUG] 2026-08-02 01:21:34 [time 60674 ms] [JavaFX Application Thread] PlayerShip [moveBottom Line: 154] - Moving Bottom
[DEBUG] 2026-08-02 01:21:34 [time 60682 ms] [JavaFX Application Thread] PlayerShip [moveLeft Line: 139] - Moving Left
[DEBUG] 2026-08-02 01:21:34 [time 60682 ms] [JavaFX Application Thread] PlayerShip [moveBottom Line: 154] - Moving Bottom
[DEBUG] 2026-08-02 01:21:34 [time 60691 ms] [JavaFX Application Thread] PlayerShip [moveLeft Line: 139] - Moving Left
[DEBUG] 2026-08-02 01:21:34 [time 60691 ms] [JavaFX Application Thread] PlayerShip [moveBottom Line: 154] - Moving Bottom
[DEBUG] 2026-08-02 01:21:34 [time 60699 ms] [JavaFX Application Thread] PlayerShip [moveLeft Line: 139] - Moving Left
[DEBUG] 2026-08-02 01:21:34 [time 60699 ms] [JavaFX Application Thread] PlayerShip [moveBottom Line: 154] - Moving Bottom
[DEBUG] 2026-08-02 01:21:34 [time 60707 ms] [JavaFX Application Thread] PlayerShip [moveLeft Line: 139] - Moving Left
[DEBUG] 2026-08-02 01:21:34 [time 60707 ms] [JavaFX Application Thread] PlayerShip [moveBottom Line: 154] - Moving Bottom
[DEBUG] 2026-08-02 01:21:34 [time 60715 ms] [JavaFX Application Thread] PlayerShip [moveLeft Line: 139] - Moving Left
[DEBUG] 2026-08-02 01:21:34 [time 60716 ms] [JavaFX Application Thread] PlayerShip [moveBottom Line: 154] - Moving Bottom
[DEBUG] 2026-08-02 01:21:34 [time 60724 ms] [JavaFX Application Thread] PlayerShip [moveLeft Line: 139] - Moving Left
[DEBUG] 2026-08-02 01:21:34 [time 60724 ms] [JavaFX Application Thread] PlayerShip [moveBottom Line: 154] - Moving Bottom
[DEBUG] 2026-08-02 01:21:34 [time 60732 ms] [JavaFX Application Thread] PlayerShip [moveLeft Line: 139] - Moving Left
[DEBUG] 2026-08-02 01:21:34 [time 60732 ms] [JavaFX Application Thread] PlayerShip [moveBottom Line: 154] - Moving Bottom
[DEBUG] 2026-08-02 01:21:34 [time 60740 ms] [JavaFX Application Thread] PlayerShip [moveLeft Line: 139] - Moving Left
[DEBUG] 2026-08-02 01:21:34 [time 60740 ms] [JavaFX Application Thread] PlayerShip [moveBottom Line: 154] - Moving Bottom
[DEBUG] 2026-08-02 01:21:34 [time 60749 ms] [JavaFX Application Thread] PlayerShip [moveLeft Line: 139] - Moving Left
[DEBUG] 2026-08-02 01:21:34 [time 60749 ms] [JavaFX Application Thread] PlayerShip [moveBottom Line: 154] - Moving Bottom
[DEBUG] 2026-08-02 01:21:34 [time 60757 ms] [JavaFX Application Thread] PlayerShip [moveLeft Line: 139] - Moving Left
[DEBUG] 2026-08-02 01:21:34 [time 60757 ms] [JavaFX Application Thread] PlayerShip [moveBottom Line: 154] - Moving Bottom
[DEBUG] 2026-08-02 01:21:34 [time 60765 ms] [JavaFX Application Thread] PlayerShip [moveLeft Line: 139] - Moving Left
[DEBUG] 2026-08-02 01:21:34 [time 60766 ms] [JavaFX Application Thread] PlayerShip [moveBottom Line: 154] - Moving Bottom
[DEBUG] 2026-08-02 01:21:34 [time 60774 ms] [JavaFX Application Thread] PlayerShip [moveLeft Line: 139] - Moving Left
[DEBUG] 2026-08-02 01:21:34 [time 60774 ms] [JavaFX Application Thread] PlayerShip [moveBottom Line: 154] - Moving Bottom
[DEBUG] 2026-08-02 01:21:34 [time 60782 ms] [JavaFX Application Thread] PlayerShip [moveLeft Line: 139] - Moving Left
[DEBUG] 2026-08-02 01:21:34 [time 60782 ms] [JavaFX Application Thread] PlayerShip [moveBottom Line: 154] - Moving Bottom
[DEBUG] 2026-08-02 01:21:34 [time 60791 ms] [JavaFX Application Thread] PlayerShip [moveLeft Line: 139] - Moving Left
[DEBUG] 2026-08-02 01:21:34 [time 60791 ms] [JavaFX Application Thread] PlayerShip [moveBottom Line: 154] - Moving Bottom
[DEBUG] 2026-08-02 01:21:34 [time 60799 ms] [JavaFX Application Thread] PlayerShip [moveLeft Line: 139] - Moving Left
[DEBUG] 2026-08-02 01:21:34 [time 60799 ms] [JavaFX Application Thread] PlayerShip [moveBottom Line: 154] - Moving Bottom
[DEBUG] 2026-08-02 01:21:34 [time 60807 ms] [JavaFX Application Thread] PlayerShip [moveLeft Line: 139] - Moving Left
[DEBUG] 2026-08-02 01:21:34 [time 60807 ms] [JavaFX Application Thread] PlayerShip [moveBottom Line: 154] - Moving Bottom
[DEBUG] 2026-08-02 01:21:34 [time 60815 ms] [JavaFX Application Thread] PlayerShip [moveLeft Line: 139] - Moving Left
[DEBUG] 2026-08-02 01:21:34 [time 60816 ms] [JavaFX Application Thread] PlayerShip [moveBottom Line: 154] - Moving Bottom
[DEBUG] 2026-08-02 01:21:34 [time 60824 ms] [JavaFX Application Thread] PlayerShip [moveLeft Line: 139] - Moving Left
[DEBUG] 2026-08-02 01:21:34 [time 60824 ms] [JavaFX Application Thread] PlayerShip [moveBottom Line: 154] - Moving Bottom
[DEBUG] 2026-08-02 01:21:34 [time 60832 ms] [JavaFX Application Thread] PlayerShip [moveLeft Line: 139] - Moving Left
[DEBUG] 2026-08-02 01:21:34 [time 60832 ms] [JavaFX Application Thread] PlayerShip [moveBottom Line: 154] - Moving Bottom
[DEBUG] 2026-08-02 01:21:34 [time 60840 ms] [JavaFX Application Thread] PlayerShip [moveBottom Line: 154] - Moving Bottom
[DEBUG] 2026-08-02 01:21:34 [time 60848 ms] [JavaFX Application Thread] PlayerShip [moveBottom Line: 154] - Moving Bottom
[DEBUG] 2026-08-02 01:21:34 [time 60857 ms] [JavaFX Application Thread] PlayerShip [moveBottom Line: 154] - Moving Bottom
[DEBUG] 2026-08-02 01:21:34 [time 60865 ms] [JavaFX Application Thread] PlayerShip [moveBottom Line: 154] - Moving Bottom
[DEBUG] 2026-08-02 01:21:34 [time 60874 ms] [JavaFX Application Thread] PlayerShip [moveBottom Line: 154] - Moving Bottom
[DEBUG] 2026-08-02 01:21:34 [time 60882 ms] [JavaFX Application Thread] PlayerShip [moveBottom Line: 154] - Moving Bottom
[DEBUG] 2026-08-02 01:21:34 [time 60891 ms] [JavaFX Application Thread] PlayerShip [moveBottom Line: 154] - Moving Bottom
[DEBUG] 2026-08-02 01:21:34 [time 60899 ms] [JavaFX Application Thread] PlayerShip [moveBottom Line: 154] - Moving Bottom
[DEBUG] 2026-08-02 01:21:34 [time 60907 ms] [JavaFX Application Thread] PlayerShip [moveBottom Line: 154] - Moving Bottom
[DEBUG] 2026-08-02 01:21:34 [time 60916 ms] [JavaFX Application Thread] PlayerShip [moveBottom Line: 154] - Moving Bottom
[DEBUG] 2026-08-02 01:21:34 [time 60924 ms] [JavaFX Application Thread] PlayerShip [moveRight Line: 144] - Moving Right
[DEBUG] 2026-08-02 01:21:34 [time 60924 ms] [JavaFX Application Thread] PlayerShip [moveBottom Line: 154] - Moving Bottom
[DEBUG] 2026-08-02 01:21:34 [time 60931 ms] [JavaFX Application Thread] PlayerShip [moveRight Line: 144] - Moving Right
[DEBUG] 2026-08-02 01:21:34 [time 60932 ms] [JavaFX Application Thread] PlayerShip [moveBottom Line: 154] - Moving Bottom
[DEBUG] 2026-08-02 01:21:34 [time 60941 ms] [JavaFX Application Thread] PlayerShip [moveRight Line: 144] - Moving Right
[DEBUG] 2026-08-02 01:21:34 [time 60941 ms] [JavaFX Application Thread] PlayerShip [moveBottom Line: 154] - Moving Bottom
[DEBUG] 2026-08-02 01:21:34 [time 60949 ms] [JavaFX Application Thread] PlayerShip [moveRight Line: 144] - Moving Right
[DEBUG] 2026-08-02 01:21:34 [time 60949 ms] [JavaFX Application Thread] PlayerShip [moveBottom Line: 154] - Moving Bottom
[DEBUG] 2026-08-02 01:21:34 [time 60957 ms] [JavaFX Application Thread] PlayerShip [moveRight Line: 144] - Moving Right
[DEBUG] 2026-08-02 01:21:34 [time 60957 ms] [JavaFX Application Thread] PlayerShip [moveBottom Line: 154] - Moving Bottom
[DEBUG] 2026-08-02 01:21:34 [time 60965 ms] [JavaFX Application Thread] PlayerShip [moveRight Line: 144] - Moving Right
[DEBUG] 2026-08-02 01:21:34 [time 60965 ms] [JavaFX Application Thread] PlayerShip [moveBottom Line: 154] - Moving Bottom
[DEBUG] 2026-08-02 01:21:34 [time 60974 ms] [JavaFX Application Thread] PlayerShip [moveRight Line: 144] - Moving Right
[DEBUG] 2026-08-02 01:21:34 [time 60974 ms] [JavaFX Application Thread] PlayerShip [moveBottom Line: 154] - Moving Bottom
[DEBUG] 2026-08-02 01:21:34 [time 60982 ms] [JavaFX Application Thread] PlayerShip [moveRight Line: 144] - Moving Right
[DEBUG] 2026-08-02 01:21:34 [time 60982 ms] [JavaFX Application Thread] PlayerShip [moveBottom Line: 154] - Moving Bottom
[DEBUG] 2026-08-02 01:21:34 [time 60991 ms] [JavaFX Application Thread] PlayerShip [moveRight Line: 144] - Moving Right
[DEBUG] 2026-08-02 01:21:34 [time 60991 ms] [JavaFX Application Thread] PlayerShip [moveBottom Line: 154] - Moving Bottom
[DEBUG] 2026-08-02 01:21:34 [time 60998 ms] [JavaFX Application Thread] PlayerShip [moveRight Line: 144] - Moving Right
[DEBUG] 2026-08-02 01:21:34 [time 60998 ms] [JavaFX Application Thread] PlayerShip [moveBottom Line: 154] - Moving Bottom
[DEBUG] 2026-08-02 01:21:34 [time 61007 ms] [JavaFX Application Thread] PlayerShip [moveRight Line: 144] - Moving Right
[DEBUG] 2026-08-02 01:21:34 [time 61007 ms] [JavaFX Application Thread] PlayerShip [moveBottom Line: 154] - Moving Bottom
[DEBUG] 2026-08-02 01:21:34 [time 61016 ms] [JavaFX Application Thread] PlayerShip [moveRight Line: 144] - Moving Right
[DEBUG] 2026-08-02 01:21:34 [time 61016 ms] [JavaFX Application Thread] PlayerShip [moveBottom Line: 154] - Moving Bottom
[DEBUG] 2026-08-02 01:21:34 [time 61024 ms] [JavaFX Application Thread] PlayerShip [moveRight Line: 144] - Moving Right
[DEBUG] 2026-08-02 01:21:34 [time 61024 ms] [JavaFX Application Thread] PlayerShip [moveBottom Line: 154] - Moving Bottom
[DEBUG] 2026-08-02 01:21:34 [time 61032 ms] [JavaFX Application Thread] PlayerShip [moveBottom Line: 154] - Moving Bottom
[DEBUG] 2026-08-02 01:21:34 [time 61040 ms] [JavaFX Application Thread] PlayerShip [moveBottom Line: 154] - Moving Bottom
[DEBUG] 2026-08-02 01:21:34 [time 61049 ms] [JavaFX Application Thread] PlayerShip [moveBottom Line: 154] - Moving Bottom
[DEBUG] 2026-08-02 01:21:34 [time 61057 ms] [JavaFX Application Thread] PlayerShip [moveBottom Line: 154] - Moving Bottom
[DEBUG] 2026-08-02 01:21:34 [time 61066 ms] [JavaFX Application Thread] PlayerShip [moveBottom Line: 154] - Moving Bottom
[DEBUG] 2026-08-02 01:21:34 [time 61074 ms] [JavaFX Application Thread] PlayerShip [moveBottom Line: 154] - Moving Bottom
[DEBUG] 2026-08-02 01:21:34 [time 61082 ms] [JavaFX Application Thread] PlayerShip [moveBottom Line: 154] - Moving Bottom
[DEBUG] 2026-08-02 01:21:34 [time 61091 ms] [JavaFX Application Thread] PlayerShip [moveBottom Line: 154] - Moving Bottom
[DEBUG] 2026-08-02 01:21:34 [time 61099 ms] [JavaFX Application Thread] PlayerShip [moveBottom Line: 154] - Moving Bottom
[DEBUG] 2026-08-02 01:21:34 [time 61107 ms] [JavaFX Application Thread] PlayerShip [moveBottom Line: 154] - Moving Bottom
[DEBUG] 2026-08-02 01:21:34 [time 61116 ms] [JavaFX Application Thread] PlayerShip [moveBottom Line: 154] - Moving Bottom
[DEBUG] 2026-08-02 01:21:34 [time 61123 ms] [JavaFX Application Thread] PlayerShip [moveBottom Line: 154] - Moving Bottom
[DEBUG] 2026-08-02 01:21:34 [time 61132 ms] [JavaFX Application Thread] PlayerShip [moveBottom Line: 154] - Moving Bottom
[DEBUG] 2026-08-02 01:21:34 [time 61141 ms] [JavaFX Application Thread] PlayerShip [moveBottom Line: 154] - Moving Bottom
[DEBUG] 2026-08-02 01:21:34 [time 61149 ms] [JavaFX Application Thread] PlayerShip [moveBottom Line: 154] - Moving Bottom
[DEBUG] 2026-08-02 01:21:34 [time 61157 ms] [JavaFX Application Thread] PlayerShip [moveBottom Line: 154] - Moving Bottom
[DEBUG] 2026-08-02 01:21:34 [time 61166 ms] [JavaFX Application Thread] PlayerShip [moveBottom Line: 154] - Moving Bottom
[DEBUG] 2026-08-02 01:21:34 [time 61174 ms] [JavaFX Application Thread] PlayerShip [moveBottom Line: 154] - Moving Bottom
[DEBUG] 2026-08-02 01:21:34 [time 61182 ms] [JavaFX Application Thread] PlayerShip [moveBottom Line: 154] - Moving Bottom
[DEBUG] 2026-08-02 01:21:34 [time 61191 ms] [JavaFX Application Thread] PlayerShip [moveBottom Line: 154] - Moving Bottom
[DEBUG] 2026-08-02 01:21:34 [time 61199 ms] [JavaFX Application Thread] PlayerShip [moveBottom Line: 154] - Moving Bottom
[DEBUG] 2026-08-02 01:21:34 [time 61207 ms] [JavaFX Application Thread] PlayerShip [moveBottom Line: 154] - Moving Bottom
[DEBUG] 2026-08-02 01:21:34 [time 61216 ms] [JavaFX Application Thread] PlayerShip [moveBottom Line: 154] - Moving Bottom
[DEBUG] 2026-08-02 01:21:34 [time 61224 ms] [JavaFX Application Thread] PlayerShip [moveBottom Line: 154] - Moving Bottom
[DEBUG] 2026-08-02 01:21:34 [time 61232 ms] [JavaFX Application Thread] PlayerShip [moveBottom Line: 154] - Moving Bottom
[DEBUG] 2026-08-02 01:21:34 [time 61240 ms] [JavaFX Application Thread] PlayerShip [moveBottom Line: 154] - Moving Bottom
[DEBUG] 2026-08-02 01:21:34 [time 61249 ms] [JavaFX Application Thread] PlayerShip [moveBottom Line: 154] - Moving Bottom
[DEBUG] 2026-08-02 01:21:34 [time 61257 ms] [JavaFX Application Thread] PlayerShip [moveBottom Line: 154] - Moving Bottom
[DEBUG] 2026-08-02 01:21:34 [time 61266 ms] [JavaFX Application Thread] PlayerShip [moveBottom Line: 154] - Moving Bottom
[DEBUG] 2026-08-02 01:21:34 [time 61274 ms] [JavaFX Application Thread] PlayerShip [moveBottom Line: 154] - Moving Bottom
[DEBUG] 2026-08-02 01:21:34 [time 61282 ms] [JavaFX Application Thread] GameController [lambda$addEventListeners$0 Line: 59] - angle: -17.18570701348542, rotatedangle: 72.81429298651457
[DEBUG] 2026-08-02 01:21:34 [time 61282 ms] [JavaFX Application Thread] PlayerShip [moveBottom Line: 154] - Moving Bottom
[DEBUG] 2026-08-02 01:21:34 [time 61289 ms] [JavaFX Application Thread] GameController [lambda$addEventListeners$0 Line: 59] - angle: -18.119395079334232, rotatedangle: 71.88060492066577
[DEBUG] 2026-08-02 01:21:34 [time 61291 ms] [JavaFX Application Thread] PlayerShip [moveBottom Line: 154] - Moving Bottom
[DEBUG] 2026-08-02 01:21:34 [time 61298 ms] [JavaFX Application Thread] GameController [lambda$addEventListeners$0 Line: 59] - angle: -18.978880467013397, rotatedangle: 71.0211195329866
[DEBUG] 2026-08-02 01:21:34 [time 61299 ms] [JavaFX Application Thread] PlayerShip [moveBottom Line: 154] - Moving Bottom
[DEBUG] 2026-08-02 01:21:34 [time 61306 ms] [JavaFX Application Thread] GameController [lambda$addEventListeners$0 Line: 59] - angle: -19.809787763991338, rotatedangle: 70.19021223600866
[DEBUG] 2026-08-02 01:21:34 [time 61307 ms] [JavaFX Application Thread] PlayerShip [moveBottom Line: 154] - Moving Bottom
[DEBUG] 2026-08-02 01:21:34 [time 61315 ms] [JavaFX Application Thread] GameController [lambda$addEventListeners$0 Line: 59] - angle: -20.607356391071345, rotatedangle: 69.39264360892865
[DEBUG] 2026-08-02 01:21:34 [time 61316 ms] [JavaFX Application Thread] PlayerShip [moveBottom Line: 154] - Moving Bottom
[DEBUG] 2026-08-02 01:21:34 [time 61323 ms] [JavaFX Application Thread] GameController [lambda$addEventListeners$0 Line: 59] - angle: -21.472285918186376, rotatedangle: 68.52771408181363
[DEBUG] 2026-08-02 01:21:34 [time 61324 ms] [JavaFX Application Thread] PlayerShip [moveBottom Line: 154] - Moving Bottom
[DEBUG] 2026-08-02 01:21:34 [time 61330 ms] [JavaFX Application Thread] GameController [lambda$addEventListeners$0 Line: 59] - angle: -22.493692029440265, rotatedangle: 67.50630797055973
[DEBUG] 2026-08-02 01:21:34 [time 61332 ms] [JavaFX Application Thread] PlayerShip [moveBottom Line: 154] - Moving Bottom
[DEBUG] 2026-08-02 01:21:34 [time 61339 ms] [JavaFX Application Thread] GameController [lambda$addEventListeners$0 Line: 59] - angle: -23.456407521581784, rotatedangle: 66.54359247841822
[DEBUG] 2026-08-02 01:21:34 [time 61340 ms] [JavaFX Application Thread] PlayerShip [moveBottom Line: 154] - Moving Bottom
[DEBUG] 2026-08-02 01:21:34 [time 61347 ms] [JavaFX Application Thread] GameController [lambda$addEventListeners$0 Line: 59] - angle: -24.30454641514985, rotatedangle: 65.69545358485016
[DEBUG] 2026-08-02 01:21:34 [time 61349 ms] [JavaFX Application Thread] PlayerShip [moveBottom Line: 154] - Moving Bottom
[DEBUG] 2026-08-02 01:21:34 [time 61355 ms] [JavaFX Application Thread] GameController [lambda$addEventListeners$0 Line: 59] - angle: -25.316664403821086, rotatedangle: 64.68333559617892
[DEBUG] 2026-08-02 01:21:34 [time 61357 ms] [JavaFX Application Thread] PlayerShip [moveBottom Line: 154] - Moving Bottom
[DEBUG] 2026-08-02 01:21:34 [time 61364 ms] [JavaFX Application Thread] GameController [lambda$addEventListeners$0 Line: 59] - angle: -26.923140778910916, rotatedangle: 63.07685922108908
[DEBUG] 2026-08-02 01:21:34 [time 61366 ms] [JavaFX Application Thread] PlayerShip [moveBottom Line: 154] - Moving Bottom
[DEBUG] 2026-08-02 01:21:34 [time 61372 ms] [JavaFX Application Thread] GameController [lambda$addEventListeners$0 Line: 59] - angle: -28.796226480780867, rotatedangle: 61.20377351921913
[DEBUG] 2026-08-02 01:21:34 [time 61374 ms] [JavaFX Application Thread] PlayerShip [moveBottom Line: 154] - Moving Bottom
[DEBUG] 2026-08-02 01:21:34 [time 61380 ms] [JavaFX Application Thread] GameController [lambda$addEventListeners$0 Line: 59] - angle: -30.491710759751857, rotatedangle: 59.508289240248146
[DEBUG] 2026-08-02 01:21:34 [time 61382 ms] [JavaFX Application Thread] PlayerShip [moveBottom Line: 154] - Moving Bottom
[DEBUG] 2026-08-02 01:21:34 [time 61388 ms] [JavaFX Application Thread] GameController [lambda$addEventListeners$0 Line: 59] - angle: -32.45755908442389, rotatedangle: 57.54244091557611
[DEBUG] 2026-08-02 01:21:34 [time 61391 ms] [JavaFX Application Thread] PlayerShip [moveBottom Line: 154] - Moving Bottom
[DEBUG] 2026-08-02 01:21:34 [time 61395 ms] [JavaFX Application Thread] GameController [lambda$addEventListeners$0 Line: 59] - angle: -34.30065662569584, rotatedangle: 55.69934337430416
[DEBUG] 2026-08-02 01:21:34 [time 61399 ms] [JavaFX Application Thread] PlayerShip [moveBottom Line: 154] - Moving Bottom
[DEBUG] 2026-08-02 01:21:34 [time 61403 ms] [JavaFX Application Thread] GameController [lambda$addEventListeners$0 Line: 59] - angle: -36.15232348106124, rotatedangle: 53.84767651893876
[DEBUG] 2026-08-02 01:21:34 [time 61407 ms] [JavaFX Application Thread] PlayerShip [moveBottom Line: 154] - Moving Bottom
[DEBUG] 2026-08-02 01:21:34 [time 61411 ms] [JavaFX Application Thread] GameController [lambda$addEventListeners$0 Line: 59] - angle: -38.027233485523304, rotatedangle: 51.972766514476696
[DEBUG] 2026-08-02 01:21:34 [time 61416 ms] [JavaFX Application Thread] PlayerShip [moveBottom Line: 154] - Moving Bottom
[DEBUG] 2026-08-02 01:21:34 [time 61419 ms] [JavaFX Application Thread] GameController [lambda$addEventListeners$0 Line: 59] - angle: -39.140514400118285, rotatedangle: 50.859485599881715
[DEBUG] 2026-08-02 01:21:34 [time 61424 ms] [JavaFX Application Thread] PlayerShip [moveBottom Line: 154] - Moving Bottom
[DEBUG] 2026-08-02 01:21:34 [time 61428 ms] [JavaFX Application Thread] GameController [lambda$addEventListeners$0 Line: 59] - angle: -40.601295930687066, rotatedangle: 49.398704069312934
[DEBUG] 2026-08-02 01:21:34 [time 61432 ms] [JavaFX Application Thread] PlayerShip [moveBottom Line: 154] - Moving Bottom
[DEBUG] 2026-08-02 01:21:34 [time 61436 ms] [JavaFX Application Thread] GameController [lambda$addEventListeners$0 Line: 59] - angle: -41.68222452039085, rotatedangle: 48.31777547960915
[DEBUG] 2026-08-02 01:21:34 [time 61445 ms] [JavaFX Application Thread] GameController [lambda$addEventListeners$0 Line: 59] - angle: -42.340251583705964, rotatedangle: 47.659748416294036
[DEBUG] 2026-08-02 01:21:35 [time 61452 ms] [JavaFX Application Thread] GameController [lambda$addEventListeners$0 Line: 59] - angle: -42.314018692344156, rotatedangle: 47.685981307655844
[DEBUG] 2026-08-02 01:21:35 [time 61461 ms] [JavaFX Application Thread] GameController [lambda$addEventListeners$0 Line: 59] - angle: -42.44889936732756, rotatedangle: 47.55110063267244
[DEBUG] 2026-08-02 01:21:35 [time 61469 ms] [JavaFX Application Thread] GameController [lambda$addEventListeners$0 Line: 59] - angle: -42.43622700260331, rotatedangle: 47.56377299739669
[DEBUG] 2026-08-02 01:21:35 [time 61477 ms] [JavaFX Application Thread] GameController [lambda$addEventListeners$0 Line: 59] - angle: -42.43623205615367, rotatedangle: 47.56376794384633
[DEBUG] 2026-08-02 01:21:35 [time 61482 ms] [JavaFX Application Thread] PlayerShip [moveRight Line: 144] - Moving Right
[DEBUG] 2026-08-02 01:21:35 [time 61485 ms] [JavaFX Application Thread] GameController [lambda$addEventListeners$0 Line: 59] - angle: -42.975234386681954, rotatedangle: 47.024765613318046
[DEBUG] 2026-08-02 01:21:35 [time 61491 ms] [JavaFX Application Thread] PlayerShip [moveRight Line: 144] - Moving Right
[DEBUG] 2026-08-02 01:21:35 [time 61494 ms] [JavaFX Application Thread] GameController [lambda$addEventListeners$0 Line: 59] - angle: -43.681404157171436, rotatedangle: 46.318595842828564
[DEBUG] 2026-08-02 01:21:35 [time 61499 ms] [JavaFX Application Thread] PlayerShip [moveRight Line: 144] - Moving Right
[DEBUG] 2026-08-02 01:21:35 [time 61501 ms] [JavaFX Application Thread] GameController [lambda$addEventListeners$0 Line: 59] - angle: -44.40627801573624, rotatedangle: 45.59372198426376
[DEBUG] 2026-08-02 01:21:35 [time 61507 ms] [JavaFX Application Thread] PlayerShip [moveRight Line: 144] - Moving Right
[DEBUG] 2026-08-02 01:21:35 [time 61509 ms] [JavaFX Application Thread] GameController [lambda$addEventListeners$0 Line: 59] - angle: -44.999995398609315, rotatedangle: 45.000004601390685
[DEBUG] 2026-08-02 01:21:35 [time 61516 ms] [JavaFX Application Thread] PlayerShip [moveRight Line: 144] - Moving Right
[DEBUG] 2026-08-02 01:21:35 [time 61517 ms] [JavaFX Application Thread] GameController [lambda$addEventListeners$0 Line: 59] - angle: -45.76389614551282, rotatedangle: 44.23610385448718
[DEBUG] 2026-08-02 01:21:35 [time 61524 ms] [JavaFX Application Thread] PlayerShip [moveRight Line: 144] - Moving Right
[DEBUG] 2026-08-02 01:21:35 [time 61526 ms] [JavaFX Application Thread] GameController [lambda$addEventListeners$0 Line: 59] - angle: -46.54816226174328, rotatedangle: 43.45183773825672
[DEBUG] 2026-08-02 01:21:35 [time 61532 ms] [JavaFX Application Thread] PlayerShip [moveRight Line: 144] - Moving Right
[DEBUG] 2026-08-02 01:21:35 [time 61534 ms] [JavaFX Application Thread] GameController [lambda$addEventListeners$0 Line: 59] - angle: -47.039816419240594, rotatedangle: 42.960183580759406
[DEBUG] 2026-08-02 01:21:35 [time 61540 ms] [JavaFX Application Thread] PlayerShip [moveRight Line: 144] - Moving Right
[DEBUG] 2026-08-02 01:21:35 [time 61542 ms] [JavaFX Application Thread] GameController [lambda$addEventListeners$0 Line: 59] - angle: -47.53076301763541, rotatedangle: 42.46923698236459
[DEBUG] 2026-08-02 01:21:35 [time 61549 ms] [JavaFX Application Thread] PlayerShip [moveRight Line: 144] - Moving Right
[DEBUG] 2026-08-02 01:21:35 [time 61557 ms] [JavaFX Application Thread] PlayerShip [moveRight Line: 144] - Moving Right
[DEBUG] 2026-08-02 01:21:35 [time 61565 ms] [JavaFX Application Thread] PlayerShip [moveRight Line: 144] - Moving Right
[DEBUG] 2026-08-02 01:21:35 [time 61574 ms] [JavaFX Application Thread] PlayerShip [moveRight Line: 144] - Moving Right
[DEBUG] 2026-08-02 01:21:35 [time 61582 ms] [JavaFX Application Thread] PlayerShip [moveRight Line: 144] - Moving Right
[DEBUG] 2026-08-02 01:21:35 [time 61590 ms] [JavaFX Application Thread] PlayerShip [moveRight Line: 144] - Moving Right
[DEBUG] 2026-08-02 01:21:35 [time 61599 ms] [JavaFX Application Thread] PlayerShip [moveRight Line: 144] - Moving Right
[DEBUG] 2026-08-02 01:21:35 [time 61607 ms] [JavaFX Application Thread] PlayerShip [moveRight Line: 144] - Moving Right
[DEBUG] 2026-08-02 01:21:35 [time 61615 ms] [JavaFX Application Thread] PlayerShip [moveRight Line: 144] - Moving Right
[DEBUG] 2026-08-02 01:21:35 [time 61624 ms] [JavaFX Application Thread] PlayerShip [moveRight Line: 144] - Moving Right
[DEBUG] 2026-08-02 01:21:35 [time 61632 ms] [JavaFX Application Thread] PlayerShip [moveRight Line: 144] - Moving Right
[DEBUG] 2026-08-02 01:21:35 [time 61640 ms] [JavaFX Application Thread] PlayerShip [moveRight Line: 144] - Moving Right
[DEBUG] 2026-08-02 01:21:35 [time 61649 ms] [JavaFX Application Thread] PlayerShip [moveRight Line: 144] - Moving Right
[DEBUG] 2026-08-02 01:21:35 [time 61657 ms] [JavaFX Application Thread] PlayerShip [moveRight Line: 144] - Moving Right
[DEBUG] 2026-08-02 01:21:35 [time 61665 ms] [JavaFX Application Thread] PlayerShip [moveRight Line: 144] - Moving Right
[DEBUG] 2026-08-02 01:21:35 [time 61674 ms] [JavaFX Application Thread] PlayerShip [moveRight Line: 144] - Moving Right
[DEBUG] 2026-08-02 01:21:35 [time 61716 ms] [JavaFX Application Thread] GameController [lambda$setUpKeyEvents$8 Line: 86] - PlayerShip shoot bullet
[DEBUG] 2026-08-02 01:21:35 [time 61756 ms] [JavaFX Application Thread] PlayerShip [moveTop Line: 149] - Moving Top
[DEBUG] 2026-08-02 01:21:35 [time 61766 ms] [JavaFX Application Thread] PlayerShip [moveTop Line: 149] - Moving Top
[DEBUG] 2026-08-02 01:21:35 [time 61774 ms] [JavaFX Application Thread] PlayerShip [moveTop Line: 149] - Moving Top
[DEBUG] 2026-08-02 01:21:35 [time 61782 ms] [JavaFX Application Thread] PlayerShip [moveTop Line: 149] - Moving Top
[DEBUG] 2026-08-02 01:21:35 [time 61791 ms] [JavaFX Application Thread] PlayerShip [moveTop Line: 149] - Moving Top
[DEBUG] 2026-08-02 01:21:35 [time 61799 ms] [JavaFX Application Thread] PlayerShip [moveRight Line: 144] - Moving Right
[DEBUG] 2026-08-02 01:21:35 [time 61799 ms] [JavaFX Application Thread] PlayerShip [moveTop Line: 149] - Moving Top
[DEBUG] 2026-08-02 01:21:35 [time 61806 ms] [JavaFX Application Thread] PlayerShip [moveRight Line: 144] - Moving Right
[DEBUG] 2026-08-02 01:21:35 [time 61807 ms] [JavaFX Application Thread] PlayerShip [moveTop Line: 149] - Moving Top
[DEBUG] 2026-08-02 01:21:35 [time 61816 ms] [JavaFX Application Thread] PlayerShip [moveRight Line: 144] - Moving Right
[DEBUG] 2026-08-02 01:21:35 [time 61816 ms] [JavaFX Application Thread] PlayerShip [moveTop Line: 149] - Moving Top
[DEBUG] 2026-08-02 01:21:35 [time 61824 ms] [JavaFX Application Thread] PlayerShip [moveRight Line: 144] - Moving Right
[DEBUG] 2026-08-02 01:21:35 [time 61824 ms] [JavaFX Application Thread] PlayerShip [moveTop Line: 149] - Moving Top
[DEBUG] 2026-08-02 01:21:35 [time 61832 ms] [JavaFX Application Thread] PlayerShip [moveRight Line: 144] - Moving Right
[DEBUG] 2026-08-02 01:21:35 [time 61841 ms] [JavaFX Application Thread] PlayerShip [moveRight Line: 144] - Moving Right
[DEBUG] 2026-08-02 01:21:35 [time 61849 ms] [JavaFX Application Thread] PlayerShip [moveRight Line: 144] - Moving Right
[DEBUG] 2026-08-02 01:21:35 [time 61857 ms] [JavaFX Application Thread] PlayerShip [moveRight Line: 144] - Moving Right
[DEBUG] 2026-08-02 01:21:35 [time 61866 ms] [JavaFX Application Thread] PlayerShip [moveRight Line: 144] - Moving Right
[DEBUG] 2026-08-02 01:21:35 [time 61874 ms] [JavaFX Application Thread] PlayerShip [moveRight Line: 144] - Moving Right
[DEBUG] 2026-08-02 01:21:35 [time 61882 ms] [JavaFX Application Thread] PlayerShip [moveRight Line: 144] - Moving Right
[DEBUG] 2026-08-02 01:21:35 [time 61891 ms] [JavaFX Application Thread] PlayerShip [moveRight Line: 144] - Moving Right
[DEBUG] 2026-08-02 01:21:35 [time 61899 ms] [JavaFX Application Thread] PlayerShip [moveRight Line: 144] - Moving Right
[DEBUG] 2026-08-02 01:21:35 [time 61907 ms] [JavaFX Application Thread] PlayerShip [moveRight Line: 144] - Moving Right
[DEBUG] 2026-08-02 01:21:35 [time 61916 ms] [JavaFX Application Thread] PlayerShip [moveRight Line: 144] - Moving Right
[DEBUG] 2026-08-02 01:21:35 [time 61919 ms] [JavaFX Application Thread] GameController [lambda$setUpKeyEvents$8 Line: 86] - PlayerShip shoot bullet
[ INFO] 2026-08-02 01:21:35 [time 61924 ms] [JavaFX Application Thread] GameController [updateAndCollidePlayerBullet Line: 353] - Current Score: 2
[DEBUG] 2026-08-02 01:21:35 [time 61932 ms] [JavaFX Application Thread] PlayerShip [moveRight Line: 144] - Moving Right
[DEBUG] 2026-08-02 01:21:35 [time 61933 ms] [JavaFX Application Thread] PlayerShip [moveRight Line: 144] - Moving Right
[DEBUG] 2026-08-02 01:21:35 [time 61940 ms] [JavaFX Application Thread] PlayerShip [moveRight Line: 144] - Moving Right
[DEBUG] 2026-08-02 01:21:35 [time 61949 ms] [JavaFX Application Thread] PlayerShip [moveRight Line: 144] - Moving Right
[DEBUG] 2026-08-02 01:21:35 [time 61957 ms] [JavaFX Application Thread] PlayerShip [moveRight Line: 144] - Moving Right
[DEBUG] 2026-08-02 01:21:35 [time 61966 ms] [JavaFX Application Thread] PlayerShip [moveRight Line: 144] - Moving Right
[DEBUG] 2026-08-02 01:21:35 [time 61974 ms] [JavaFX Application Thread] PlayerShip [moveRight Line: 144] - Moving Right
[DEBUG] 2026-08-02 01:21:35 [time 61982 ms] [JavaFX Application Thread] PlayerShip [moveRight Line: 144] - Moving Right
[DEBUG] 2026-08-02 01:21:35 [time 61991 ms] [JavaFX Application Thread] PlayerShip [moveRight Line: 144] - Moving Right
[DEBUG] 2026-08-02 01:21:35 [time 61999 ms] [JavaFX Application Thread] PlayerShip [moveRight Line: 144] - Moving Right
[DEBUG] 2026-08-02 01:21:35 [time 62007 ms] [JavaFX Application Thread] PlayerShip [moveRight Line: 144] - Moving Right
[DEBUG] 2026-08-02 01:21:35 [time 62016 ms] [JavaFX Application Thread] PlayerShip [moveRight Line: 144] - Moving Right
[DEBUG] 2026-08-02 01:21:35 [time 62024 ms] [JavaFX Application Thread] PlayerShip [moveRight Line: 144] - Moving Right
[DEBUG] 2026-08-02 01:21:35 [time 62032 ms] [JavaFX Application Thread] PlayerShip [moveRight Line: 144] - Moving Right
[DEBUG] 2026-08-02 01:21:35 [time 62041 ms] [JavaFX Application Thread] PlayerShip [moveRight Line: 144] - Moving Right
[DEBUG] 2026-08-02 01:21:35 [time 62048 ms] [JavaFX Application Thread] PlayerShip [moveRight Line: 144] - Moving Right
[DEBUG] 2026-08-02 01:21:35 [time 62058 ms] [JavaFX Application Thread] PlayerShip [moveRight Line: 144] - Moving Right
[DEBUG] 2026-08-02 01:21:35 [time 62066 ms] [JavaFX Application Thread] PlayerShip [moveRight Line: 144] - Moving Right
[ INFO] 2026-08-02 01:21:35 [time 62074 ms] [JavaFX Application Thread] GameController [updateAndCollidePlayerBullet Line: 360] - Current Score: 3
[DEBUG] 2026-08-02 01:21:35 [time 62078 ms] [JavaFX Application Thread] PlayerShip [moveRight Line: 144] - Moving Right
[DEBUG] 2026-08-02 01:21:35 [time 62082 ms] [JavaFX Application Thread] PlayerShip [moveRight Line: 144] - Moving Right
[DEBUG] 2026-08-02 01:21:35 [time 62091 ms] [JavaFX Application Thread] PlayerShip [moveRight Line: 144] - Moving Right
[DEBUG] 2026-08-02 01:21:35 [time 62099 ms] [JavaFX Application Thread] PlayerShip [moveRight Line: 144] - Moving Right
[DEBUG] 2026-08-02 01:21:35 [time 62107 ms] [JavaFX Application Thread] PlayerShip [moveRight Line: 144] - Moving Right
[DEBUG] 2026-08-02 01:21:35 [time 62115 ms] [JavaFX Application Thread] PlayerShip [moveRight Line: 144] - Moving Right
[DEBUG] 2026-08-02 01:21:35 [time 62124 ms] [JavaFX Application Thread] PlayerShip [moveRight Line: 144] - Moving Right
[DEBUG] 2026-08-02 01:21:35 [time 62132 ms] [JavaFX Application Thread] PlayerShip [moveRight Line: 144] - Moving Right
[DEBUG] 2026-08-02 01:21:35 [time 62140 ms] [JavaFX Application Thread] PlayerShip [moveRight Line: 144] - Moving Right
[DEBUG] 2026-08-02 01:21:35 [time 62148 ms] [JavaFX Application Thread] GameController [lambda$addEventListeners$0 Line: 59] - angle: -129.0938588862295, rotatedangle: -39.0938588862295
[DEBUG] 2026-08-02 01:21:35 [time 62149 ms] [JavaFX Application Thread] PlayerShip [moveRight Line: 144] - Moving Right
[DEBUG] 2026-08-02 01:21:35 [time 62156 ms] [JavaFX Application Thread] GameController [lambda$addEventListeners$0 Line: 59] - angle: -130.03958931243793, rotatedangle: -40.039589312437926
[DEBUG] 2026-08-02 01:21:35 [time 62157 ms] [JavaFX Application Thread] PlayerShip [moveBottom Line: 154] - Moving Bottom
[DEBUG] 2026-08-02 01:21:35 [time 62164 ms] [JavaFX Application Thread] GameController [lambda$addEventListeners$0 Line: 59] - angle: -128.37732769316355, rotatedangle: -38.37732769316355
[DEBUG] 2026-08-02 01:21:35 [time 62166 ms] [JavaFX Application Thread] PlayerShip [moveBottom Line: 154] - Moving Bottom
[DEBUG] 2026-08-02 01:21:35 [time 62172 ms] [JavaFX Application Thread] GameController [lambda$addEventListeners$0 Line: 59] - angle: -126.869892124176, rotatedangle: -36.869892124176005
[DEBUG] 2026-08-02 01:21:35 [time 62174 ms] [JavaFX Application Thread] PlayerShip [moveBottom Line: 154] - Moving Bottom
[DEBUG] 2026-08-02 01:21:35 [time 62181 ms] [JavaFX Application Thread] GameController [lambda$addEventListeners$0 Line: 59] - angle: -124.63631596495647, rotatedangle: -34.63631596495647
[DEBUG] 2026-08-02 01:21:35 [time 62182 ms] [JavaFX Application Thread] PlayerShip [moveBottom Line: 154] - Moving Bottom
[DEBUG] 2026-08-02 01:21:35 [time 62189 ms] [JavaFX Application Thread] GameController [lambda$addEventListeners$0 Line: 59] - angle: -122.44663044618122, rotatedangle: -32.44663044618122
[DEBUG] 2026-08-02 01:21:35 [time 62190 ms] [JavaFX Application Thread] PlayerShip [moveBottom Line: 154] - Moving Bottom
[DEBUG] 2026-08-02 01:21:35 [time 62197 ms] [JavaFX Application Thread] GameController [lambda$addEventListeners$0 Line: 59] - angle: -120.43052143762385, rotatedangle: -30.430521437623852
[DEBUG] 2026-08-02 01:21:35 [time 62199 ms] [JavaFX Application Thread] PlayerShip [moveBottom Line: 154] - Moving Bottom
[DEBUG] 2026-08-02 01:21:35 [time 62205 ms] [JavaFX Application Thread] GameController [lambda$addEventListeners$0 Line: 59] - angle: -118.2253335460608, rotatedangle: -28.225333546060796
[DEBUG] 2026-08-02 01:21:35 [time 62207 ms] [JavaFX Application Thread] PlayerShip [moveBottom Line: 154] - Moving Bottom
[DEBUG] 2026-08-02 01:21:35 [time 62214 ms] [JavaFX Application Thread] GameController [lambda$addEventListeners$0 Line: 59] - angle: -114.65589874408161, rotatedangle: -24.65589874408161
[DEBUG] 2026-08-02 01:21:35 [time 62215 ms] [JavaFX Application Thread] PlayerShip [moveBottom Line: 154] - Moving Bottom
[DEBUG] 2026-08-02 01:21:35 [time 62222 ms] [JavaFX Application Thread] GameController [lambda$addEventListeners$0 Line: 59] - angle: -109.21977841233769, rotatedangle: -19.21977841233769
[DEBUG] 2026-08-02 01:21:35 [time 62224 ms] [JavaFX Application Thread] PlayerShip [moveBottom Line: 154] - Moving Bottom
[DEBUG] 2026-08-02 01:21:35 [time 62230 ms] [JavaFX Application Thread] GameController [lambda$addEventListeners$0 Line: 59] - angle: -103.47315811273116, rotatedangle: -13.473158112731156
[DEBUG] 2026-08-02 01:21:35 [time 62232 ms] [JavaFX Application Thread] PlayerShip [moveBottom Line: 154] - Moving Bottom
[DEBUG] 2026-08-02 01:21:35 [time 62238 ms] [JavaFX Application Thread] GameController [lambda$addEventListeners$0 Line: 59] - angle: -100.46917425771143, rotatedangle: -10.46917425771143
[DEBUG] 2026-08-02 01:21:35 [time 62240 ms] [JavaFX Application Thread] PlayerShip [moveBottom Line: 154] - Moving Bottom
[DEBUG] 2026-08-02 01:21:35 [time 62247 ms] [JavaFX Application Thread] GameController [lambda$addEventListeners$0 Line: 59] - angle: -92.79271455872237, rotatedangle: -2.7927145587223663
[DEBUG] 2026-08-02 01:21:35 [time 62249 ms] [JavaFX Application Thread] PlayerShip [moveBottom Line: 154] - Moving Bottom
[DEBUG] 2026-08-02 01:21:35 [time 62256 ms] [JavaFX Application Thread] GameController [lambda$addEventListeners$0 Line: 59] - angle: -90.69868411281075, rotatedangle: -0.6986841128107528
[DEBUG] 2026-08-02 01:21:35 [time 62256 ms] [JavaFX Application Thread] PlayerShip [moveBottom Line: 154] - Moving Bottom
[DEBUG] 2026-08-02 01:21:35 [time 62264 ms] [JavaFX Application Thread] GameController [lambda$addEventListeners$0 Line: 59] - angle: -86.33222382266739, rotatedangle: 3.6677761773326125
[DEBUG] 2026-08-02 01:21:35 [time 62266 ms] [JavaFX Application Thread] PlayerShip [moveBottom Line: 154] - Moving Bottom
[DEBUG] 2026-08-02 01:21:35 [time 62272 ms] [JavaFX Application Thread] GameController [lambda$addEventListeners$0 Line: 59] - angle: -80.90973262652699, rotatedangle: 9.090267373473012
[DEBUG] 2026-08-02 01:21:35 [time 62274 ms] [JavaFX Application Thread] PlayerShip [moveBottom Line: 154] - Moving Bottom
[DEBUG] 2026-08-02 01:21:35 [time 62281 ms] [JavaFX Application Thread] GameController [lambda$addEventListeners$0 Line: 59] - angle: -78.69006304257181, rotatedangle: 11.309936957428192
[DEBUG] 2026-08-02 01:21:35 [time 62282 ms] [JavaFX Application Thread] PlayerShip [moveBottom Line: 154] - Moving Bottom
[DEBUG] 2026-08-02 01:21:35 [time 62289 ms] [JavaFX Application Thread] GameController [lambda$addEventListeners$0 Line: 59] - angle: -77.5500034921934, rotatedangle: 12.449996507806603
[DEBUG] 2026-08-02 01:21:35 [time 62291 ms] [JavaFX Application Thread] PlayerShip [moveBottom Line: 154] - Moving Bottom
[DEBUG] 2026-08-02 01:21:35 [time 62297 ms] [JavaFX Application Thread] GameController [lambda$addEventListeners$0 Line: 59] - angle: -77.31960376607653, rotatedangle: 12.680396233923474
[DEBUG] 2026-08-02 01:21:35 [time 62299 ms] [JavaFX Application Thread] PlayerShip [moveBottom Line: 154] - Moving Bottom
[DEBUG] 2026-08-02 01:21:35 [time 62305 ms] [JavaFX Application Thread] GameController [lambda$addEventListeners$0 Line: 59] - angle: -78.04341575685088, rotatedangle: 11.956584243149123
[DEBUG] 2026-08-02 01:21:35 [time 62307 ms] [JavaFX Application Thread] PlayerShip [moveBottom Line: 154] - Moving Bottom
[DEBUG] 2026-08-02 01:21:35 [time 62313 ms] [JavaFX Application Thread] GameController [lambda$addEventListeners$0 Line: 59] - angle: -78.56632255185669, rotatedangle: 11.433677448143314
[DEBUG] 2026-08-02 01:21:35 [time 62316 ms] [JavaFX Application Thread] PlayerShip [moveBottom Line: 154] - Moving Bottom
[DEBUG] 2026-08-02 01:21:35 [time 62322 ms] [JavaFX Application Thread] GameController [lambda$addEventListeners$0 Line: 59] - angle: -79.15970141761092, rotatedangle: 10.840298582389082
[DEBUG] 2026-08-02 01:21:35 [time 62324 ms] [JavaFX Application Thread] PlayerShip [moveBottom Line: 154] - Moving Bottom
[DEBUG] 2026-08-02 01:21:35 [time 62330 ms] [JavaFX Application Thread] GameController [lambda$addEventListeners$0 Line: 59] - angle: -79.69515353123397, rotatedangle: 10.30484646876603
[DEBUG] 2026-08-02 01:21:35 [time 62332 ms] [JavaFX Application Thread] PlayerShip [moveBottom Line: 154] - Moving Bottom
[DEBUG] 2026-08-02 01:21:35 [time 62336 ms] [JavaFX Application Thread] GameController [lambda$addEventListeners$0 Line: 59] - angle: -80.08724567451273, rotatedangle: 9.91275432548727
[DEBUG] 2026-08-02 01:21:35 [time 62341 ms] [JavaFX Application Thread] PlayerShip [moveBottom Line: 154] - Moving Bottom
[DEBUG] 2026-08-02 01:21:35 [time 62349 ms] [JavaFX Application Thread] PlayerShip [moveBottom Line: 154] - Moving Bottom
[DEBUG] 2026-08-02 01:21:35 [time 62353 ms] [JavaFX Application Thread] GameController [lambda$addEventListeners$0 Line: 59] - angle: -80.9492719793436, rotatedangle: 9.050728020656393
[DEBUG] 2026-08-02 01:21:35 [time 62357 ms] [JavaFX Application Thread] PlayerShip [moveBottom Line: 154] - Moving Bottom
[DEBUG] 2026-08-02 01:21:35 [time 62361 ms] [JavaFX Application Thread] GameController [lambda$addEventListeners$0 Line: 59] - angle: -81.8019311539837, rotatedangle: 8.198068846016298
[DEBUG] 2026-08-02 01:21:35 [time 62366 ms] [JavaFX Application Thread] PlayerShip [moveBottom Line: 154] - Moving Bottom
[DEBUG] 2026-08-02 01:21:35 [time 62369 ms] [JavaFX Application Thread] GameController [lambda$addEventListeners$0 Line: 59] - angle: -83.50647309010975, rotatedangle: 6.4935269098902495
[DEBUG] 2026-08-02 01:21:35 [time 62374 ms] [JavaFX Application Thread] PlayerShip [moveBottom Line: 154] - Moving Bottom
[DEBUG] 2026-08-02 01:21:35 [time 62377 ms] [JavaFX Application Thread] GameController [lambda$addEventListeners$0 Line: 59] - angle: -85.53283468022903, rotatedangle: 4.46716531977097
[DEBUG] 2026-08-02 01:21:35 [time 62382 ms] [JavaFX Application Thread] PlayerShip [moveBottom Line: 154] - Moving Bottom
[DEBUG] 2026-08-02 01:21:35 [time 62385 ms] [JavaFX Application Thread] GameController [lambda$addEventListeners$0 Line: 59] - angle: -88.69804762832081, rotatedangle: 1.3019523716791923
[DEBUG] 2026-08-02 01:21:35 [time 62391 ms] [JavaFX Application Thread] PlayerShip [moveBottom Line: 154] - Moving Bottom
[DEBUG] 2026-08-02 01:21:35 [time 62394 ms] [JavaFX Application Thread] GameController [lambda$addEventListeners$0 Line: 59] - angle: -95.0058325529511, rotatedangle: -5.005832552951105
[DEBUG] 2026-08-02 01:21:35 [time 62399 ms] [JavaFX Application Thread] PlayerShip [moveBottom Line: 154] - Moving Bottom
[DEBUG] 2026-08-02 01:21:35 [time 62402 ms] [JavaFX Application Thread] GameController [lambda$addEventListeners$0 Line: 59] - angle: -97.67448806863621, rotatedangle: -7.674488068636208
[DEBUG] 2026-08-02 01:21:35 [time 62407 ms] [JavaFX Application Thread] PlayerShip [moveBottom Line: 154] - Moving Bottom
[DEBUG] 2026-08-02 01:21:35 [time 62410 ms] [JavaFX Application Thread] GameController [lambda$addEventListeners$0 Line: 59] - angle: -106.77122765378176, rotatedangle: -16.771227653781764
[DEBUG] 2026-08-02 01:21:35 [time 62416 ms] [JavaFX Application Thread] PlayerShip [moveBottom Line: 154] - Moving Bottom
[DEBUG] 2026-08-02 01:21:35 [time 62418 ms] [JavaFX Application Thread] GameController [lambda$addEventListeners$0 Line: 59] - angle: -113.10632685827159, rotatedangle: -23.106326858271586
[DEBUG] 2026-08-02 01:21:35 [time 62424 ms] [JavaFX Application Thread] PlayerShip [moveLeft Line: 139] - Moving Left
[DEBUG] 2026-08-02 01:21:35 [time 62424 ms] [JavaFX Application Thread] PlayerShip [moveBottom Line: 154] - Moving Bottom
[DEBUG] 2026-08-02 01:21:35 [time 62427 ms] [JavaFX Application Thread] GameController [lambda$addEventListeners$0 Line: 59] - angle: -117.00690322736004, rotatedangle: -27.00690322736004
[DEBUG] 2026-08-02 01:21:35 [time 62432 ms] [JavaFX Application Thread] PlayerShip [moveLeft Line: 139] - Moving Left
[DEBUG] 2026-08-02 01:21:35 [time 62435 ms] [JavaFX Application Thread] GameController [lambda$addEventListeners$0 Line: 59] - angle: -118.73979920839079, rotatedangle: -28.739799208390792
[DEBUG] 2026-08-02 01:21:35 [time 62441 ms] [JavaFX Application Thread] PlayerShip [moveLeft Line: 139] - Moving Left
[DEBUG] 2026-08-02 01:21:35 [time 62443 ms] [JavaFX Application Thread] GameController [lambda$addEventListeners$0 Line: 59] - angle: -122.82855206931944, rotatedangle: -32.82855206931944
[DEBUG] 2026-08-02 01:21:36 [time 62449 ms] [JavaFX Application Thread] PlayerShip [moveLeft Line: 139] - Moving Left
[DEBUG] 2026-08-02 01:21:36 [time 62451 ms] [JavaFX Application Thread] GameController [lambda$addEventListeners$0 Line: 59] - angle: -126.33388746686907, rotatedangle: -36.33388746686907
[DEBUG] 2026-08-02 01:21:36 [time 62457 ms] [JavaFX Application Thread] PlayerShip [moveLeft Line: 139] - Moving Left
[DEBUG] 2026-08-02 01:21:36 [time 62460 ms] [JavaFX Application Thread] GameController [lambda$addEventListeners$0 Line: 59] - angle: -129.32964818639292, rotatedangle: -39.329648186392916
[DEBUG] 2026-08-02 01:21:36 [time 62466 ms] [JavaFX Application Thread] PlayerShip [moveLeft Line: 139] - Moving Left
[DEBUG] 2026-08-02 01:21:36 [time 62468 ms] [JavaFX Application Thread] GameController [lambda$addEventListeners$0 Line: 59] - angle: -131.26434646591056, rotatedangle: -41.26434646591056
[DEBUG] 2026-08-02 01:21:36 [time 62474 ms] [JavaFX Application Thread] PlayerShip [moveLeft Line: 139] - Moving Left
[DEBUG] 2026-08-02 01:21:36 [time 62476 ms] [JavaFX Application Thread] GameController [lambda$addEventListeners$0 Line: 59] - angle: -132.89307870931188, rotatedangle: -42.89307870931188
[DEBUG] 2026-08-02 01:21:36 [time 62482 ms] [JavaFX Application Thread] PlayerShip [moveLeft Line: 139] - Moving Left
[DEBUG] 2026-08-02 01:21:36 [time 62483 ms] [JavaFX Application Thread] GameController [lambda$addEventListeners$0 Line: 59] - angle: -134.0608090542644, rotatedangle: -44.06080905426441
[DEBUG] 2026-08-02 01:21:36 [time 62490 ms] [JavaFX Application Thread] PlayerShip [moveLeft Line: 139] - Moving Left
[DEBUG] 2026-08-02 01:21:36 [time 62493 ms] [JavaFX Application Thread] GameController [lambda$addEventListeners$0 Line: 59] - angle: -135.00000564041375, rotatedangle: -45.00000564041375
[DEBUG] 2026-08-02 01:21:36 [time 62499 ms] [JavaFX Application Thread] PlayerShip [moveLeft Line: 139] - Moving Left
[DEBUG] 2026-08-02 01:21:36 [time 62500 ms] [JavaFX Application Thread] GameController [lambda$addEventListeners$0 Line: 59] - angle: -135.7298487026086, rotatedangle: -45.72984870260859
[DEBUG] 2026-08-02 01:21:36 [time 62507 ms] [JavaFX Application Thread] PlayerShip [moveLeft Line: 139] - Moving Left
[DEBUG] 2026-08-02 01:21:36 [time 62508 ms] [JavaFX Application Thread] GameController [lambda$addEventListeners$0 Line: 59] - angle: -136.25707777423526, rotatedangle: -46.257077774235256
[DEBUG] 2026-08-02 01:21:36 [time 62516 ms] [JavaFX Application Thread] PlayerShip [moveLeft Line: 139] - Moving Left
[DEBUG] 2026-08-02 01:21:36 [time 62516 ms] [JavaFX Application Thread] GameController [lambda$addEventListeners$0 Line: 59] - angle: -136.060900900579, rotatedangle: -46.060900900579014
[DEBUG] 2026-08-02 01:21:36 [time 62524 ms] [JavaFX Application Thread] PlayerShip [moveLeft Line: 139] - Moving Left
[DEBUG] 2026-08-02 01:21:36 [time 62525 ms] [JavaFX Application Thread] GameController [lambda$addEventListeners$0 Line: 59] - angle: -135.8706948926352, rotatedangle: -45.870694892635214
[DEBUG] 2026-08-02 01:21:36 [time 62532 ms] [JavaFX Application Thread] PlayerShip [moveLeft Line: 139] - Moving Left
[DEBUG] 2026-08-02 01:21:36 [time 62533 ms] [JavaFX Application Thread] GameController [lambda$addEventListeners$0 Line: 59] - angle: -135.17103166964992, rotatedangle: -45.17103166964992
[DEBUG] 2026-08-02 01:21:36 [time 62541 ms] [JavaFX Application Thread] PlayerShip [moveLeft Line: 139] - Moving Left
[DEBUG] 2026-08-02 01:21:36 [time 62541 ms] [JavaFX Application Thread] GameController [lambda$addEventListeners$0 Line: 59] - angle: -134.66296477784024, rotatedangle: -44.662964777840244
[DEBUG] 2026-08-02 01:21:36 [time 62549 ms] [JavaFX Application Thread] GameController [lambda$addEventListeners$0 Line: 59] - angle: -134.50750331903984, rotatedangle: -44.50750331903984
[DEBUG] 2026-08-02 01:21:36 [time 62549 ms] [JavaFX Application Thread] PlayerShip [moveLeft Line: 139] - Moving Left
[DEBUG] 2026-08-02 01:21:36 [time 62557 ms] [JavaFX Application Thread] GameController [lambda$addEventListeners$0 Line: 59] - angle: -133.51427050590686, rotatedangle: -43.514270505906865
[DEBUG] 2026-08-02 01:21:36 [time 62558 ms] [JavaFX Application Thread] PlayerShip [moveLeft Line: 139] - Moving Left
[DEBUG] 2026-08-02 01:21:36 [time 62565 ms] [JavaFX Application Thread] GameController [lambda$addEventListeners$0 Line: 59] - angle: -132.53894056353525, rotatedangle: -42.53894056353525
[DEBUG] 2026-08-02 01:21:36 [time 62566 ms] [JavaFX Application Thread] PlayerShip [moveLeft Line: 139] - Moving Left
[DEBUG] 2026-08-02 01:21:36 [time 62574 ms] [JavaFX Application Thread] GameController [lambda$addEventListeners$0 Line: 59] - angle: -131.5367513005249, rotatedangle: -41.53675130052491
[DEBUG] 2026-08-02 01:21:36 [time 62574 ms] [JavaFX Application Thread] PlayerShip [moveLeft Line: 139] - Moving Left
[DEBUG] 2026-08-02 01:21:36 [time 62582 ms] [JavaFX Application Thread] PlayerShip [moveLeft Line: 139] - Moving Left
[DEBUG] 2026-08-02 01:21:36 [time 62582 ms] [JavaFX Application Thread] GameController [lambda$addEventListeners$0 Line: 59] - angle: -129.80556554431627, rotatedangle: -39.805565544316266
[DEBUG] 2026-08-02 01:21:36 [time 62590 ms] [JavaFX Application Thread] GameController [lambda$addEventListeners$0 Line: 59] - angle: -129.6545546272329, rotatedangle: -39.6545546272329
[DEBUG] 2026-08-02 01:21:36 [time 62591 ms] [JavaFX Application Thread] PlayerShip [moveLeft Line: 139] - Moving Left
[DEBUG] 2026-08-02 01:21:36 [time 62598 ms] [JavaFX Application Thread] GameController [lambda$addEventListeners$0 Line: 59] - angle: -128.73446525713572, rotatedangle: -38.734465257135724
[DEBUG] 2026-08-02 01:21:36 [time 62599 ms] [JavaFX Application Thread] PlayerShip [moveLeft Line: 139] - Moving Left
[DEBUG] 2026-08-02 01:21:36 [time 62606 ms] [JavaFX Application Thread] GameController [lambda$addEventListeners$0 Line: 59] - angle: -127.79003815438416, rotatedangle: -37.79003815438416
[DEBUG] 2026-08-02 01:21:36 [time 62607 ms] [JavaFX Application Thread] PlayerShip [moveLeft Line: 139] - Moving Left
[DEBUG] 2026-08-02 01:21:36 [time 62616 ms] [JavaFX Application Thread] PlayerShip [moveLeft Line: 139] - Moving Left
[DEBUG] 2026-08-02 01:21:36 [time 62624 ms] [JavaFX Application Thread] PlayerShip [moveLeft Line: 139] - Moving Left
[DEBUG] 2026-08-02 01:21:36 [time 62632 ms] [JavaFX Application Thread] PlayerShip [moveLeft Line: 139] - Moving Left
[DEBUG] 2026-08-02 01:21:36 [time 62641 ms] [JavaFX Application Thread] PlayerShip [moveLeft Line: 139] - Moving Left
[DEBUG] 2026-08-02 01:21:36 [time 62648 ms] [JavaFX Application Thread] PlayerShip [moveLeft Line: 139] - Moving Left
[DEBUG] 2026-08-02 01:21:36 [time 62657 ms] [JavaFX Application Thread] PlayerShip [moveLeft Line: 139] - Moving Left
[DEBUG] 2026-08-02 01:21:36 [time 62666 ms] [JavaFX Application Thread] PlayerShip [moveLeft Line: 139] - Moving Left
[DEBUG] 2026-08-02 01:21:36 [time 62674 ms] [JavaFX Application Thread] PlayerShip [moveLeft Line: 139] - Moving Left
[DEBUG] 2026-08-02 01:21:36 [time 62682 ms] [JavaFX Application Thread] PlayerShip [moveLeft Line: 139] - Moving Left
[DEBUG] 2026-08-02 01:21:36 [time 62691 ms] [JavaFX Application Thread] PlayerShip [moveLeft Line: 139] - Moving Left
[DEBUG] 2026-08-02 01:21:36 [time 62699 ms] [JavaFX Application Thread] PlayerShip [moveLeft Line: 139] - Moving Left
[DEBUG] 2026-08-02 01:21:36 [time 62707 ms] [JavaFX Application Thread] PlayerShip [moveLeft Line: 139] - Moving Left
[DEBUG] 2026-08-02 01:21:36 [time 62716 ms] [JavaFX Application Thread] PlayerShip [moveLeft Line: 139] - Moving Left
[DEBUG] 2026-08-02 01:21:36 [time 62724 ms] [JavaFX Application Thread] PlayerShip [moveLeft Line: 139] - Moving Left
[DEBUG] 2026-08-02 01:21:36 [time 62732 ms] [JavaFX Application Thread] PlayerShip [moveLeft Line: 139] - Moving Left
[DEBUG] 2026-08-02 01:21:36 [time 62741 ms] [JavaFX Application Thread] PlayerShip [moveLeft Line: 139] - Moving Left
[DEBUG] 2026-08-02 01:21:36 [time 62749 ms] [JavaFX Application Thread] PlayerShip [moveLeft Line: 139] - Moving Left
[DEBUG] 2026-08-02 01:21:36 [time 62757 ms] [JavaFX Application Thread] PlayerShip [moveLeft Line: 139] - Moving Left
[DEBUG] 2026-08-02 01:21:36 [time 62766 ms] [JavaFX Application Thread] PlayerShip [moveLeft Line: 139] - Moving Left
[DEBUG] 2026-08-02 01:21:36 [time 62774 ms] [JavaFX Application Thread] PlayerShip [moveLeft Line: 139] - Moving Left
[DEBUG] 2026-08-02 01:21:36 [time 62782 ms] [JavaFX Application Thread] PlayerShip [moveLeft Line: 139] - Moving Left
[DEBUG] 2026-08-02 01:21:36 [time 62791 ms] [JavaFX Application Thread] PlayerShip [moveLeft Line: 139] - Moving Left
[DEBUG] 2026-08-02 01:21:36 [time 62799 ms] [JavaFX Application Thread] PlayerShip [moveLeft Line: 139] - Moving Left
[DEBUG] 2026-08-02 01:21:36 [time 62807 ms] [JavaFX Application Thread] PlayerShip [moveLeft Line: 139] - Moving Left
[DEBUG] 2026-08-02 01:21:36 [time 62816 ms] [JavaFX Application Thread] PlayerShip [moveLeft Line: 139] - Moving Left
[DEBUG] 2026-08-02 01:21:36 [time 62824 ms] [JavaFX Application Thread] PlayerShip [moveLeft Line: 139] - Moving Left
[DEBUG] 2026-08-02 01:21:36 [time 62832 ms] [JavaFX Application Thread] PlayerShip [moveLeft Line: 139] - Moving Left
[DEBUG] 2026-08-02 01:21:36 [time 62841 ms] [JavaFX Application Thread] PlayerShip [moveLeft Line: 139] - Moving Left
[DEBUG] 2026-08-02 01:21:36 [time 62848 ms] [JavaFX Application Thread] PlayerShip [moveLeft Line: 139] - Moving Left
[DEBUG] 2026-08-02 01:21:36 [time 62856 ms] [JavaFX Application Thread] PlayerShip [moveLeft Line: 139] - Moving Left
[DEBUG] 2026-08-02 01:21:36 [time 62866 ms] [JavaFX Application Thread] PlayerShip [moveLeft Line: 139] - Moving Left
[DEBUG] 2026-08-02 01:21:36 [time 62873 ms] [JavaFX Application Thread] PlayerShip [moveLeft Line: 139] - Moving Left
[DEBUG] 2026-08-02 01:21:36 [time 62883 ms] [JavaFX Application Thread] PlayerShip [moveLeft Line: 139] - Moving Left
[DEBUG] 2026-08-02 01:21:36 [time 62891 ms] [JavaFX Application Thread] PlayerShip [moveLeft Line: 139] - Moving Left
[DEBUG] 2026-08-02 01:21:36 [time 62899 ms] [JavaFX Application Thread] PlayerShip [moveLeft Line: 139] - Moving Left
[DEBUG] 2026-08-02 01:21:36 [time 62907 ms] [JavaFX Application Thread] PlayerShip [moveLeft Line: 139] - Moving Left
[DEBUG] 2026-08-02 01:21:36 [time 62916 ms] [JavaFX Application Thread] PlayerShip [moveLeft Line: 139] - Moving Left
[DEBUG] 2026-08-02 01:21:36 [time 62924 ms] [JavaFX Application Thread] PlayerShip [moveLeft Line: 139] - Moving Left
[DEBUG] 2026-08-02 01:21:36 [time 62932 ms] [JavaFX Application Thread] PlayerShip [moveLeft Line: 139] - Moving Left
[DEBUG] 2026-08-02 01:21:36 [time 62941 ms] [JavaFX Application Thread] PlayerShip [moveLeft Line: 139] - Moving Left
[DEBUG] 2026-08-02 01:21:36 [time 62949 ms] [JavaFX Application Thread] PlayerShip [moveLeft Line: 139] - Moving Left
[DEBUG] 2026-08-02 01:21:36 [time 62957 ms] [JavaFX Application Thread] PlayerShip [moveLeft Line: 139] - Moving Left
[DEBUG] 2026-08-02 01:21:36 [time 62965 ms] [JavaFX Application Thread] PlayerShip [moveLeft Line: 139] - Moving Left
[DEBUG] 2026-08-02 01:21:36 [time 62974 ms] [JavaFX Application Thread] PlayerShip [moveLeft Line: 139] - Moving Left
[DEBUG] 2026-08-02 01:21:36 [time 62982 ms] [JavaFX Application Thread] PlayerShip [moveLeft Line: 139] - Moving Left
[DEBUG] 2026-08-02 01:21:36 [time 62991 ms] [JavaFX Application Thread] PlayerShip [moveLeft Line: 139] - Moving Left
[DEBUG] 2026-08-02 01:21:36 [time 62999 ms] [JavaFX Application Thread] PlayerShip [moveLeft Line: 139] - Moving Left
[DEBUG] 2026-08-02 01:21:36 [time 63007 ms] [JavaFX Application Thread] PlayerShip [moveLeft Line: 139] - Moving Left
[DEBUG] 2026-08-02 01:21:36 [time 63016 ms] [JavaFX Application Thread] PlayerShip [moveLeft Line: 139] - Moving Left
[DEBUG] 2026-08-02 01:21:36 [time 63024 ms] [JavaFX Application Thread] PlayerShip [moveLeft Line: 139] - Moving Left
[DEBUG] 2026-08-02 01:21:36 [time 63032 ms] [JavaFX Application Thread] PlayerShip [moveLeft Line: 139] - Moving Left
[DEBUG] 2026-08-02 01:21:36 [time 63041 ms] [JavaFX Application Thread] PlayerShip [moveLeft Line: 139] - Moving Left
[DEBUG] 2026-08-02 01:21:36 [time 63049 ms] [JavaFX Application Thread] PlayerShip [moveLeft Line: 139] - Moving Left
[DEBUG] 2026-08-02 01:21:36 [time 63057 ms] [JavaFX Application Thread] PlayerShip [moveLeft Line: 139] - Moving Left
[DEBUG] 2026-08-02 01:21:36 [time 63065 ms] [JavaFX Application Thread] PlayerShip [moveLeft Line: 139] - Moving Left
[DEBUG] 2026-08-02 01:21:36 [time 63074 ms] [JavaFX Application Thread] PlayerShip [moveLeft Line: 139] - Moving Left
[DEBUG] 2026-08-02 01:21:36 [time 63074 ms] [JavaFX Application Thread] PlayerShip [moveTop Line: 149] - Moving Top
[DEBUG] 2026-08-02 01:21:36 [time 63082 ms] [JavaFX Application Thread] PlayerShip [moveLeft Line: 139] - Moving Left
[DEBUG] 2026-08-02 01:21:36 [time 63082 ms] [JavaFX Application Thread] PlayerShip [moveTop Line: 149] - Moving Top
[DEBUG] 2026-08-02 01:21:36 [time 63091 ms] [JavaFX Application Thread] PlayerShip [moveLeft Line: 139] - Moving Left
[DEBUG] 2026-08-02 01:21:36 [time 63091 ms] [JavaFX Application Thread] PlayerShip [moveTop Line: 149] - Moving Top
[DEBUG] 2026-08-02 01:21:36 [time 63099 ms] [JavaFX Application Thread] PlayerShip [moveLeft Line: 139] - Moving Left
[DEBUG] 2026-08-02 01:21:36 [time 63099 ms] [JavaFX Application Thread] PlayerShip [moveTop Line: 149] - Moving Top
[DEBUG] 2026-08-02 01:21:36 [time 63107 ms] [JavaFX Application Thread] PlayerShip [moveLeft Line: 139] - Moving Left
[DEBUG] 2026-08-02 01:21:36 [time 63108 ms] [JavaFX Application Thread] PlayerShip [moveTop Line: 149] - Moving Top
[DEBUG] 2026-08-02 01:21:36 [time 63116 ms] [JavaFX Application Thread] PlayerShip [moveTop Line: 149] - Moving Top
[DEBUG] 2026-08-02 01:21:36 [time 63124 ms] [JavaFX Application Thread] PlayerShip [moveTop Line: 149] - Moving Top
[DEBUG] 2026-08-02 01:21:36 [time 63132 ms] [JavaFX Application Thread] PlayerShip [moveTop Line: 149] - Moving Top
[DEBUG] 2026-08-02 01:21:36 [time 63141 ms] [JavaFX Application Thread] PlayerShip [moveTop Line: 149] - Moving Top
[DEBUG] 2026-08-02 01:21:36 [time 63149 ms] [JavaFX Application Thread] PlayerShip [moveTop Line: 149] - Moving Top
[DEBUG] 2026-08-02 01:21:36 [time 63157 ms] [JavaFX Application Thread] PlayerShip [moveTop Line: 149] - Moving Top
[DEBUG] 2026-08-02 01:21:36 [time 63166 ms] [JavaFX Application Thread] PlayerShip [moveTop Line: 149] - Moving Top
[DEBUG] 2026-08-02 01:21:36 [time 63174 ms] [JavaFX Application Thread] PlayerShip [moveTop Line: 149] - Moving Top
[DEBUG] 2026-08-02 01:21:36 [time 63182 ms] [JavaFX Application Thread] PlayerShip [moveTop Line: 149] - Moving Top
[DEBUG] 2026-08-02 01:21:36 [time 63191 ms] [JavaFX Application Thread] PlayerShip [moveTop Line: 149] - Moving Top
[DEBUG] 2026-08-02 01:21:36 [time 63199 ms] [JavaFX Application Thread] PlayerShip [moveTop Line: 149] - Moving Top
[DEBUG] 2026-08-02 01:21:36 [time 63207 ms] [JavaFX Application Thread] PlayerShip [moveTop Line: 149] - Moving Top
[DEBUG] 2026-08-02 01:21:36 [time 63216 ms] [JavaFX Application Thread] PlayerShip [moveTop Line: 149] - Moving Top
[DEBUG] 2026-08-02 01:21:36 [time 63224 ms] [JavaFX Application Thread] PlayerShip [moveTop Line: 149] - Moving Top
[DEBUG] 2026-08-02 01:21:36 [time 63232 ms] [JavaFX Application Thread] PlayerShip [moveTop Line: 149] - Moving Top
[DEBUG] 2026-08-02 01:21:36 [time 63241 ms] [JavaFX Application Thread] PlayerShip [moveTop Line: 149] - Moving Top
[DEBUG] 2026-08-02 01:21:36 [time 63249 ms] [JavaFX Application Thread] PlayerShip [moveTop Line: 149] - Moving Top
[DEBUG] 2026-08-02 01:21:36 [time 63256 ms] [JavaFX Application Thread] GameController [lambda$addEventListeners$0 Line: 59] - angle: -27.64598485030468, rotatedangle: 62.35401514969532
[DEBUG] 2026-08-02 01:21:36 [time 63257 ms] [JavaFX Application Thread] PlayerShip [moveTop Line: 149] - Moving Top
[DEBUG] 2026-08-02 01:21:36 [time 63262 ms] [JavaFX Application Thread] GameController [lambda$addEventListeners$0 Line: 59] - angle: -24.70242033012225, rotatedangle: 65.29757966987775
[DEBUG] 2026-08-02 01:21:36 [time 63266 ms] [JavaFX Application Thread] PlayerShip [moveTop Line: 149] - Moving Top
[DEBUG] 2026-08-02 01:21:36 [time 63269 ms] [JavaFX Application Thread] GameController [lambda$addEventListeners$0 Line: 59] - angle: -21.608711281400673, rotatedangle: 68.39128871859933
[DEBUG] 2026-08-02 01:21:36 [time 63274 ms] [JavaFX Application Thread] PlayerShip [moveTop Line: 149] - Moving Top
[DEBUG] 2026-08-02 01:21:36 [time 63278 ms] [JavaFX Application Thread] GameController [lambda$addEventListeners$0 Line: 59] - angle: -19.09349286666552, rotatedangle: 70.90650713333449
[DEBUG] 2026-08-02 01:21:36 [time 63282 ms] [JavaFX Application Thread] PlayerShip [moveTop Line: 149] - Moving Top
[DEBUG] 2026-08-02 01:21:36 [time 63286 ms] [JavaFX Application Thread] GameController [lambda$addEventListeners$0 Line: 59] - angle: -16.13558737689001, rotatedangle: 73.86441262310998
[DEBUG] 2026-08-02 01:21:36 [time 63290 ms] [JavaFX Application Thread] PlayerShip [moveTop Line: 149] - Moving Top
[DEBUG] 2026-08-02 01:21:36 [time 63295 ms] [JavaFX Application Thread] GameController [lambda$addEventListeners$0 Line: 59] - angle: -12.713630160492208, rotatedangle: 77.28636983950778
[DEBUG] 2026-08-02 01:21:36 [time 63299 ms] [JavaFX Application Thread] PlayerShip [moveTop Line: 149] - Moving Top
[DEBUG] 2026-08-02 01:21:36 [time 63303 ms] [JavaFX Application Thread] GameController [lambda$addEventListeners$0 Line: 59] - angle: -9.462312608840024, rotatedangle: 80.53768739115998
[DEBUG] 2026-08-02 01:21:36 [time 63307 ms] [JavaFX Application Thread] PlayerShip [moveTop Line: 149] - Moving Top
[DEBUG] 2026-08-02 01:21:36 [time 63311 ms] [JavaFX Application Thread] GameController [lambda$addEventListeners$0 Line: 59] - angle: -7.04202841713078, rotatedangle: 82.95797158286922
[DEBUG] 2026-08-02 01:21:36 [time 63315 ms] [JavaFX Application Thread] PlayerShip [moveTop Line: 149] - Moving Top
[DEBUG] 2026-08-02 01:21:36 [time 63319 ms] [JavaFX Application Thread] GameController [lambda$addEventListeners$0 Line: 59] - angle: -4.297386274526998, rotatedangle: 85.702613725473
[DEBUG] 2026-08-02 01:21:36 [time 63323 ms] [JavaFX Application Thread] PlayerShip [moveTop Line: 149] - Moving Top
[DEBUG] 2026-08-02 01:21:36 [time 63327 ms] [JavaFX Application Thread] GameController [lambda$addEventListeners$0 Line: 59] - angle: -1.9749339892503404, rotatedangle: 88.02506601074965
[DEBUG] 2026-08-02 01:21:36 [time 63332 ms] [JavaFX Application Thread] PlayerShip [moveTop Line: 149] - Moving Top
[DEBUG] 2026-08-02 01:21:36 [time 63335 ms] [JavaFX Application Thread] GameController [lambda$addEventListeners$0 Line: 59] - angle: 0.6547703334876208, rotatedangle: 90.65477033348762
[DEBUG] 2026-08-02 01:21:36 [time 63340 ms] [JavaFX Application Thread] PlayerShip [moveTop Line: 149] - Moving Top
[DEBUG] 2026-08-02 01:21:36 [time 63343 ms] [JavaFX Application Thread] GameController [lambda$addEventListeners$0 Line: 59] - angle: 2.9273479996581466, rotatedangle: 92.92734799965815
[DEBUG] 2026-08-02 01:21:36 [time 63349 ms] [JavaFX Application Thread] PlayerShip [moveTop Line: 149] - Moving Top
[DEBUG] 2026-08-02 01:21:36 [time 63351 ms] [JavaFX Application Thread] GameController [lambda$addEventListeners$0 Line: 59] - angle: 6.126943525150372, rotatedangle: 96.12694352515037
[DEBUG] 2026-08-02 01:21:36 [time 63357 ms] [JavaFX Application Thread] PlayerShip [moveTop Line: 149] - Moving Top
[DEBUG] 2026-08-02 01:21:36 [time 63359 ms] [JavaFX Application Thread] GameController [lambda$addEventListeners$0 Line: 59] - angle: 8.673182919582437, rotatedangle: 98.67318291958244
[DEBUG] 2026-08-02 01:21:36 [time 63366 ms] [JavaFX Application Thread] PlayerShip [moveTop Line: 149] - Moving Top
[DEBUG] 2026-08-02 01:21:36 [time 63368 ms] [JavaFX Application Thread] GameController [lambda$addEventListeners$0 Line: 59] - angle: 11.496572624442893, rotatedangle: 101.49657262444289
[DEBUG] 2026-08-02 01:21:36 [time 63374 ms] [JavaFX Application Thread] PlayerShip [moveTop Line: 149] - Moving Top
[DEBUG] 2026-08-02 01:21:36 [time 63377 ms] [JavaFX Application Thread] GameController [lambda$addEventListeners$0 Line: 59] - angle: 13.960051810751201, rotatedangle: 103.9600518107512
[DEBUG] 2026-08-02 01:21:36 [time 63382 ms] [JavaFX Application Thread] PlayerShip [moveTop Line: 149] - Moving Top
[DEBUG] 2026-08-02 01:21:36 [time 63385 ms] [JavaFX Application Thread] GameController [lambda$addEventListeners$0 Line: 59] - angle: 16.372012912088383, rotatedangle: 106.37201291208838
[DEBUG] 2026-08-02 01:21:36 [time 63391 ms] [JavaFX Application Thread] PlayerShip [moveTop Line: 149] - Moving Top
[DEBUG] 2026-08-02 01:21:36 [time 63392 ms] [JavaFX Application Thread] GameController [lambda$addEventListeners$0 Line: 59] - angle: 18.7257976444205, rotatedangle: 108.7257976444205
[DEBUG] 2026-08-02 01:21:36 [time 63399 ms] [JavaFX Application Thread] PlayerShip [moveTop Line: 149] - Moving Top
[DEBUG] 2026-08-02 01:21:36 [time 63400 ms] [JavaFX Application Thread] GameController [lambda$addEventListeners$0 Line: 59] - angle: 21.29735352669179, rotatedangle: 111.2973535266918
[DEBUG] 2026-08-02 01:21:36 [time 63407 ms] [JavaFX Application Thread] PlayerShip [moveTop Line: 149] - Moving Top
[DEBUG] 2026-08-02 01:21:36 [time 63408 ms] [JavaFX Application Thread] GameController [lambda$addEventListeners$0 Line: 59] - angle: 23.080621867209956, rotatedangle: 113.08062186720996
[DEBUG] 2026-08-02 01:21:36 [time 63415 ms] [JavaFX Application Thread] PlayerShip [moveTop Line: 149] - Moving Top
[DEBUG] 2026-08-02 01:21:36 [time 63416 ms] [JavaFX Application Thread] GameController [lambda$addEventListeners$0 Line: 59] - angle: 24.713172663387585, rotatedangle: 114.71317266338758
[DEBUG] 2026-08-02 01:21:36 [time 63424 ms] [JavaFX Application Thread] PlayerShip [moveTop Line: 149] - Moving Top
[DEBUG] 2026-08-02 01:21:36 [time 63432 ms] [JavaFX Application Thread] PlayerShip [moveTop Line: 149] - Moving Top
[DEBUG] 2026-08-02 01:21:36 [time 63441 ms] [JavaFX Application Thread] PlayerShip [moveTop Line: 149] - Moving Top
[DEBUG] 2026-08-02 01:21:37 [time 63449 ms] [JavaFX Application Thread] PlayerShip [moveTop Line: 149] - Moving Top
[DEBUG] 2026-08-02 01:21:37 [time 63457 ms] [JavaFX Application Thread] PlayerShip [moveTop Line: 149] - Moving Top
[DEBUG] 2026-08-02 01:21:37 [time 63466 ms] [JavaFX Application Thread] PlayerShip [moveTop Line: 149] - Moving Top
[DEBUG] 2026-08-02 01:21:37 [time 63474 ms] [JavaFX Application Thread] PlayerShip [moveTop Line: 149] - Moving Top
[DEBUG] 2026-08-02 01:21:37 [time 63482 ms] [JavaFX Application Thread] PlayerShip [moveTop Line: 149] - Moving Top
[DEBUG] 2026-08-02 01:21:37 [time 63491 ms] [JavaFX Application Thread] PlayerShip [moveTop Line: 149] - Moving Top
[DEBUG] 2026-08-02 01:21:37 [time 63499 ms] [JavaFX Application Thread] PlayerShip [moveTop Line: 149] - Moving Top
[DEBUG] 2026-08-02 01:21:37 [time 63507 ms] [JavaFX Application Thread] PlayerShip [moveTop Line: 149] - Moving Top
[DEBUG] 2026-08-02 01:21:37 [time 63516 ms] [JavaFX Application Thread] PlayerShip [moveTop Line: 149] - Moving Top
[DEBUG] 2026-08-02 01:21:37 [time 63524 ms] [JavaFX Application Thread] PlayerShip [moveTop Line: 149] - Moving Top
[DEBUG] 2026-08-02 01:21:37 [time 63532 ms] [JavaFX Application Thread] PlayerShip [moveTop Line: 149] - Moving Top
[DEBUG] 2026-08-02 01:21:37 [time 63541 ms] [JavaFX Application Thread] PlayerShip [moveTop Line: 149] - Moving Top
[DEBUG] 2026-08-02 01:21:37 [time 63549 ms] [JavaFX Application Thread] PlayerShip [moveTop Line: 149] - Moving Top
[DEBUG] 2026-08-02 01:21:37 [time 63557 ms] [JavaFX Application Thread] PlayerShip [moveTop Line: 149] - Moving Top
[DEBUG] 2026-08-02 01:21:37 [time 63566 ms] [JavaFX Application Thread] PlayerShip [moveTop Line: 149] - Moving Top
[DEBUG] 2026-08-02 01:21:37 [time 63574 ms] [JavaFX Application Thread] PlayerShip [moveTop Line: 149] - Moving Top
[DEBUG] 2026-08-02 01:21:37 [time 63581 ms] [JavaFX Application Thread] PlayerShip [moveTop Line: 149] - Moving Top
[DEBUG] 2026-08-02 01:21:37 [time 63590 ms] [JavaFX Application Thread] PlayerShip [moveTop Line: 149] - Moving Top
[DEBUG] 2026-08-02 01:21:37 [time 63599 ms] [JavaFX Application Thread] PlayerShip [moveTop Line: 149] - Moving Top
[DEBUG] 2026-08-02 01:21:37 [time 63607 ms] [JavaFX Application Thread] PlayerShip [moveTop Line: 149] - Moving Top
[DEBUG] 2026-08-02 01:21:37 [time 63616 ms] [JavaFX Application Thread] PlayerShip [moveTop Line: 149] - Moving Top
[DEBUG] 2026-08-02 01:21:37 [time 63624 ms] [JavaFX Application Thread] PlayerShip [moveTop Line: 149] - Moving Top
[DEBUG] 2026-08-02 01:21:37 [time 63632 ms] [JavaFX Application Thread] PlayerShip [moveTop Line: 149] - Moving Top
[DEBUG] 2026-08-02 01:21:37 [time 63641 ms] [JavaFX Application Thread] PlayerShip [moveTop Line: 149] - Moving Top
[DEBUG] 2026-08-02 01:21:37 [time 63649 ms] [JavaFX Application Thread] PlayerShip [moveTop Line: 149] - Moving Top
[DEBUG] 2026-08-02 01:21:37 [time 63657 ms] [JavaFX Application Thread] PlayerShip [moveTop Line: 149] - Moving Top
[DEBUG] 2026-08-02 01:21:37 [time 63666 ms] [JavaFX Application Thread] PlayerShip [moveTop Line: 149] - Moving Top
[DEBUG] 2026-08-02 01:21:37 [time 63674 ms] [JavaFX Application Thread] PlayerShip [moveTop Line: 149] - Moving Top
[DEBUG] 2026-08-02 01:21:37 [time 63682 ms] [JavaFX Application Thread] PlayerShip [moveTop Line: 149] - Moving Top
[DEBUG] 2026-08-02 01:21:37 [time 63691 ms] [JavaFX Application Thread] PlayerShip [moveTop Line: 149] - Moving Top
[DEBUG] 2026-08-02 01:21:37 [time 63698 ms] [JavaFX Application Thread] PlayerShip [moveTop Line: 149] - Moving Top
[DEBUG] 2026-08-02 01:21:37 [time 63707 ms] [JavaFX Application Thread] PlayerShip [moveTop Line: 149] - Moving Top
[DEBUG] 2026-08-02 01:21:37 [time 63716 ms] [JavaFX Application Thread] PlayerShip [moveTop Line: 149] - Moving Top
[DEBUG] 2026-08-02 01:21:37 [time 63724 ms] [JavaFX Application Thread] PlayerShip [moveTop Line: 149] - Moving Top
[DEBUG] 2026-08-02 01:21:37 [time 63732 ms] [JavaFX Application Thread] PlayerShip [moveTop Line: 149] - Moving Top
[DEBUG] 2026-08-02 01:21:37 [time 63741 ms] [JavaFX Application Thread] PlayerShip [moveTop Line: 149] - Moving Top
[DEBUG] 2026-08-02 01:21:37 [time 63749 ms] [JavaFX Application Thread] PlayerShip [moveTop Line: 149] - Moving Top
[DEBUG] 2026-08-02 01:21:37 [time 63757 ms] [JavaFX Application Thread] PlayerShip [moveTop Line: 149] - Moving Top
[DEBUG] 2026-08-02 01:21:37 [time 63765 ms] [JavaFX Application Thread] PlayerShip [moveTop Line: 149] - Moving Top
[DEBUG] 2026-08-02 01:21:37 [time 63774 ms] [JavaFX Application Thread] PlayerShip [moveTop Line: 149] - Moving Top
[DEBUG] 2026-08-02 01:21:37 [time 63782 ms] [JavaFX Application Thread] PlayerShip [moveTop Line: 149] - Moving Top
[DEBUG] 2026-08-02 01:21:37 [time 63791 ms] [JavaFX Application Thread] PlayerShip [moveTop Line: 149] - Moving Top
[DEBUG] 2026-08-02 01:21:37 [time 63799 ms] [JavaFX Application Thread] PlayerShip [moveTop Line: 149] - Moving Top
[DEBUG] 2026-08-02 01:21:37 [time 63807 ms] [JavaFX Application Thread] PlayerShip [moveTop Line: 149] - Moving Top
[DEBUG] 2026-08-02 01:21:37 [time 63816 ms] [JavaFX Application Thread] PlayerShip [moveTop Line: 149] - Moving Top
[DEBUG] 2026-08-02 01:21:37 [time 63824 ms] [JavaFX Application Thread] PlayerShip [moveTop Line: 149] - Moving Top
[DEBUG] 2026-08-02 01:21:37 [time 63832 ms] [JavaFX Application Thread] PlayerShip [moveTop Line: 149] - Moving Top
[DEBUG] 2026-08-02 01:21:37 [time 63841 ms] [JavaFX Application Thread] PlayerShip [moveTop Line: 149] - Moving Top
[DEBUG] 2026-08-02 01:21:37 [time 63849 ms] [JavaFX Application Thread] PlayerShip [moveTop Line: 149] - Moving Top
[DEBUG] 2026-08-02 01:21:37 [time 63857 ms] [JavaFX Application Thread] PlayerShip [moveTop Line: 149] - Moving Top
[DEBUG] 2026-08-02 01:21:37 [time 63866 ms] [JavaFX Application Thread] PlayerShip [moveTop Line: 149] - Moving Top
[DEBUG] 2026-08-02 01:21:37 [time 63874 ms] [JavaFX Application Thread] PlayerShip [moveTop Line: 149] - Moving Top
[DEBUG] 2026-08-02 01:21:37 [time 63882 ms] [JavaFX Application Thread] PlayerShip [moveTop Line: 149] - Moving Top
[DEBUG] 2026-08-02 01:21:37 [time 63890 ms] [JavaFX Application Thread] PlayerShip [moveTop Line: 149] - Moving Top
[DEBUG] 2026-08-02 01:21:37 [time 63899 ms] [JavaFX Application Thread] PlayerShip [moveTop Line: 149] - Moving Top
[DEBUG] 2026-08-02 01:21:37 [time 63906 ms] [JavaFX Application Thread] PlayerShip [moveTop Line: 149] - Moving Top
[DEBUG] 2026-08-02 01:21:37 [time 63916 ms] [JavaFX Application Thread] PlayerShip [moveTop Line: 149] - Moving Top
[DEBUG] 2026-08-02 01:21:37 [time 63924 ms] [JavaFX Application Thread] PlayerShip [moveTop Line: 149] - Moving Top
[DEBUG] 2026-08-02 01:21:37 [time 63932 ms] [JavaFX Application Thread] PlayerShip [moveTop Line: 149] - Moving Top
[DEBUG] 2026-08-02 01:21:37 [time 63941 ms] [JavaFX Application Thread] PlayerShip [moveTop Line: 149] - Moving Top
[DEBUG] 2026-08-02 01:21:37 [time 63949 ms] [JavaFX Application Thread] PlayerShip [moveTop Line: 149] - Moving Top
[DEBUG] 2026-08-02 01:21:37 [time 63957 ms] [JavaFX Application Thread] PlayerShip [moveTop Line: 149] - Moving Top
[DEBUG] 2026-08-02 01:21:37 [time 63966 ms] [JavaFX Application Thread] PlayerShip [moveTop Line: 149] - Moving Top
[DEBUG] 2026-08-02 01:21:37 [time 63974 ms] [JavaFX Application Thread] PlayerShip [moveTop Line: 149] - Moving Top
[DEBUG] 2026-08-02 01:21:37 [time 63982 ms] [JavaFX Application Thread] PlayerShip [moveTop Line: 149] - Moving Top
[DEBUG] 2026-08-02 01:21:37 [time 63990 ms] [JavaFX Application Thread] PlayerShip [moveTop Line: 149] - Moving Top
[DEBUG] 2026-08-02 01:21:37 [time 63999 ms] [JavaFX Application Thread] PlayerShip [moveTop Line: 149] - Moving Top
[DEBUG] 2026-08-02 01:21:37 [time 64007 ms] [JavaFX Application Thread] PlayerShip [moveTop Line: 149] - Moving Top
[DEBUG] 2026-08-02 01:21:37 [time 64015 ms] [JavaFX Application Thread] PlayerShip [moveTop Line: 149] - Moving Top
[DEBUG] 2026-08-02 01:21:37 [time 64024 ms] [JavaFX Application Thread] PlayerShip [moveTop Line: 149] - Moving Top
[DEBUG] 2026-08-02 01:21:37 [time 64032 ms] [JavaFX Application Thread] PlayerShip [moveTop Line: 149] - Moving Top
[DEBUG] 2026-08-02 01:21:37 [time 64041 ms] [JavaFX Application Thread] PlayerShip [moveTop Line: 149] - Moving Top
[DEBUG] 2026-08-02 01:21:37 [time 64049 ms] [JavaFX Application Thread] PlayerShip [moveRight Line: 144] - Moving Right
[DEBUG] 2026-08-02 01:21:37 [time 64049 ms] [JavaFX Application Thread] PlayerShip [moveTop Line: 149] - Moving Top
[DEBUG] 2026-08-02 01:21:37 [time 64057 ms] [JavaFX Application Thread] PlayerShip [moveRight Line: 144] - Moving Right
[DEBUG] 2026-08-02 01:21:37 [time 64057 ms] [JavaFX Application Thread] PlayerShip [moveTop Line: 149] - Moving Top
[DEBUG] 2026-08-02 01:21:37 [time 64066 ms] [JavaFX Application Thread] PlayerShip [moveRight Line: 144] - Moving Right
[DEBUG] 2026-08-02 01:21:37 [time 64066 ms] [JavaFX Application Thread] PlayerShip [moveTop Line: 149] - Moving Top
[DEBUG] 2026-08-02 01:21:37 [time 64074 ms] [JavaFX Application Thread] PlayerShip [moveRight Line: 144] - Moving Right
[DEBUG] 2026-08-02 01:21:37 [time 64074 ms] [JavaFX Application Thread] PlayerShip [moveTop Line: 149] - Moving Top
[DEBUG] 2026-08-02 01:21:37 [time 64082 ms] [JavaFX Application Thread] PlayerShip [moveRight Line: 144] - Moving Right
[DEBUG] 2026-08-02 01:21:37 [time 64082 ms] [JavaFX Application Thread] PlayerShip [moveTop Line: 149] - Moving Top
[DEBUG] 2026-08-02 01:21:37 [time 64091 ms] [JavaFX Application Thread] PlayerShip [moveRight Line: 144] - Moving Right
[DEBUG] 2026-08-02 01:21:37 [time 64091 ms] [JavaFX Application Thread] PlayerShip [moveTop Line: 149] - Moving Top
[DEBUG] 2026-08-02 01:21:37 [time 64099 ms] [JavaFX Application Thread] PlayerShip [moveRight Line: 144] - Moving Right
[DEBUG] 2026-08-02 01:21:37 [time 64099 ms] [JavaFX Application Thread] PlayerShip [moveTop Line: 149] - Moving Top
[DEBUG] 2026-08-02 01:21:37 [time 64107 ms] [JavaFX Application Thread] PlayerShip [moveRight Line: 144] - Moving Right
[DEBUG] 2026-08-02 01:21:37 [time 64108 ms] [JavaFX Application Thread] PlayerShip [moveTop Line: 149] - Moving Top
[DEBUG] 2026-08-02 01:21:37 [time 64116 ms] [JavaFX Application Thread] PlayerShip [moveRight Line: 144] - Moving Right
[DEBUG] 2026-08-02 01:21:37 [time 64116 ms] [JavaFX Application Thread] PlayerShip [moveTop Line: 149] - Moving Top
[DEBUG] 2026-08-02 01:21:37 [time 64124 ms] [JavaFX Application Thread] PlayerShip [moveRight Line: 144] - Moving Right
[DEBUG] 2026-08-02 01:21:37 [time 64132 ms] [JavaFX Application Thread] PlayerShip [moveRight Line: 144] - Moving Right
[DEBUG] 2026-08-02 01:21:37 [time 64140 ms] [JavaFX Application Thread] PlayerShip [moveRight Line: 144] - Moving Right
[DEBUG] 2026-08-02 01:21:37 [time 64149 ms] [JavaFX Application Thread] PlayerShip [moveRight Line: 144] - Moving Right
[DEBUG] 2026-08-02 01:21:37 [time 64157 ms] [JavaFX Application Thread] PlayerShip [moveRight Line: 144] - Moving Right
[DEBUG] 2026-08-02 01:21:37 [time 64166 ms] [JavaFX Application Thread] PlayerShip [moveRight Line: 144] - Moving Right
[DEBUG] 2026-08-02 01:21:37 [time 64174 ms] [JavaFX Application Thread] PlayerShip [moveRight Line: 144] - Moving Right
[DEBUG] 2026-08-02 01:21:37 [time 64182 ms] [JavaFX Application Thread] PlayerShip [moveRight Line: 144] - Moving Right
[DEBUG] 2026-08-02 01:21:37 [time 64191 ms] [JavaFX Application Thread] PlayerShip [moveRight Line: 144] - Moving Right
[DEBUG] 2026-08-02 01:21:37 [time 64195 ms] [JavaFX Application Thread] GameController [lambda$addEventListeners$0 Line: 59] - angle: 80.25972552307135, rotatedangle: 170.25972552307135
[DEBUG] 2026-08-02 01:21:37 [time 64198 ms] [JavaFX Application Thread] PlayerShip [moveRight Line: 144] - Moving Right
[DEBUG] 2026-08-02 01:21:37 [time 64203 ms] [JavaFX Application Thread] GameController [lambda$addEventListeners$0 Line: 59] - angle: 80.37085134150988, rotatedangle: 170.37085134150988
[DEBUG] 2026-08-02 01:21:37 [time 64207 ms] [JavaFX Application Thread] PlayerShip [moveRight Line: 144] - Moving Right
[DEBUG] 2026-08-02 01:21:37 [time 64211 ms] [JavaFX Application Thread] GameController [lambda$addEventListeners$0 Line: 59] - angle: 80.24061838078485, rotatedangle: 170.24061838078484
[DEBUG] 2026-08-02 01:21:37 [time 64216 ms] [JavaFX Application Thread] PlayerShip [moveRight Line: 144] - Moving Right
[DEBUG] 2026-08-02 01:21:37 [time 64219 ms] [JavaFX Application Thread] GameController [lambda$addEventListeners$0 Line: 59] - angle: 79.97889366752264, rotatedangle: 169.97889366752264
[DEBUG] 2026-08-02 01:21:37 [time 64224 ms] [JavaFX Application Thread] PlayerShip [moveRight Line: 144] - Moving Right
[DEBUG] 2026-08-02 01:21:37 [time 64227 ms] [JavaFX Application Thread] GameController [lambda$addEventListeners$0 Line: 59] - angle: 79.35938064395347, rotatedangle: 169.35938064395347
[DEBUG] 2026-08-02 01:21:37 [time 64232 ms] [JavaFX Application Thread] PlayerShip [moveRight Line: 144] - Moving Right
[DEBUG] 2026-08-02 01:21:37 [time 64236 ms] [JavaFX Application Thread] GameController [lambda$addEventListeners$0 Line: 59] - angle: 77.52092871953433, rotatedangle: 167.5209287195343
[DEBUG] 2026-08-02 01:21:37 [time 64241 ms] [JavaFX Application Thread] PlayerShip [moveRight Line: 144] - Moving Right
[DEBUG] 2026-08-02 01:21:37 [time 64244 ms] [JavaFX Application Thread] GameController [lambda$addEventListeners$0 Line: 59] - angle: 77.24669974542431, rotatedangle: 167.2466997454243
[DEBUG] 2026-08-02 01:21:37 [time 64249 ms] [JavaFX Application Thread] PlayerShip [moveRight Line: 144] - Moving Right
[DEBUG] 2026-08-02 01:21:37 [time 64252 ms] [JavaFX Application Thread] GameController [lambda$addEventListeners$0 Line: 59] - angle: 76.21628260809294, rotatedangle: 166.21628260809294
[DEBUG] 2026-08-02 01:21:37 [time 64257 ms] [JavaFX Application Thread] PlayerShip [moveRight Line: 144] - Moving Right
[DEBUG] 2026-08-02 01:21:37 [time 64260 ms] [JavaFX Application Thread] GameController [lambda$addEventListeners$0 Line: 59] - angle: 75.36930552354245, rotatedangle: 165.36930552354244
[DEBUG] 2026-08-02 01:21:37 [time 64266 ms] [JavaFX Application Thread] PlayerShip [moveRight Line: 144] - Moving Right
[DEBUG] 2026-08-02 01:21:37 [time 64269 ms] [JavaFX Application Thread] GameController [lambda$addEventListeners$0 Line: 59] - angle: 74.39401039956228, rotatedangle: 164.39401039956226
[DEBUG] 2026-08-02 01:21:37 [time 64274 ms] [JavaFX Application Thread] PlayerShip [moveRight Line: 144] - Moving Right
[DEBUG] 2026-08-02 01:21:37 [time 64277 ms] [JavaFX Application Thread] GameController [lambda$addEventListeners$0 Line: 59] - angle: 73.55030928043803, rotatedangle: 163.55030928043803
[DEBUG] 2026-08-02 01:21:37 [time 64282 ms] [JavaFX Application Thread] PlayerShip [moveRight Line: 144] - Moving Right
[DEBUG] 2026-08-02 01:21:37 [time 64285 ms] [JavaFX Application Thread] GameController [lambda$addEventListeners$0 Line: 59] - angle: 72.85323036645607, rotatedangle: 162.85323036645607
[DEBUG] 2026-08-02 01:21:37 [time 64291 ms] [JavaFX Application Thread] PlayerShip [moveRight Line: 144] - Moving Right
[DEBUG] 2026-08-02 01:21:37 [time 64293 ms] [JavaFX Application Thread] GameController [lambda$addEventListeners$0 Line: 59] - angle: 72.59557697806994, rotatedangle: 162.59557697806994
[DEBUG] 2026-08-02 01:21:37 [time 64299 ms] [JavaFX Application Thread] PlayerShip [moveRight Line: 144] - Moving Right
[DEBUG] 2026-08-02 01:21:37 [time 64301 ms] [JavaFX Application Thread] GameController [lambda$addEventListeners$0 Line: 59] - angle: 72.83466337934614, rotatedangle: 162.83466337934613
[DEBUG] 2026-08-02 01:21:37 [time 64307 ms] [JavaFX Application Thread] PlayerShip [moveRight Line: 144] - Moving Right
[DEBUG] 2026-08-02 01:21:37 [time 64309 ms] [JavaFX Application Thread] GameController [lambda$addEventListeners$0 Line: 59] - angle: 72.68987456049626, rotatedangle: 162.68987456049626
[DEBUG] 2026-08-02 01:21:37 [time 64316 ms] [JavaFX Application Thread] PlayerShip [moveRight Line: 144] - Moving Right
[DEBUG] 2026-08-02 01:21:37 [time 64318 ms] [JavaFX Application Thread] GameController [lambda$addEventListeners$0 Line: 59] - angle: 72.73419112374027, rotatedangle: 162.7341911237403
[DEBUG] 2026-08-02 01:21:37 [time 64324 ms] [JavaFX Application Thread] PlayerShip [moveRight Line: 144] - Moving Right
[DEBUG] 2026-08-02 01:21:37 [time 64326 ms] [JavaFX Application Thread] GameController [lambda$addEventListeners$0 Line: 59] - angle: 72.97947438848014, rotatedangle: 162.97947438848013
[DEBUG] 2026-08-02 01:21:37 [time 64332 ms] [JavaFX Application Thread] PlayerShip [moveRight Line: 144] - Moving Right
[DEBUG] 2026-08-02 01:21:37 [time 64335 ms] [JavaFX Application Thread] GameController [lambda$addEventListeners$0 Line: 59] - angle: 73.10893012467554, rotatedangle: 163.10893012467554
[DEBUG] 2026-08-02 01:21:37 [time 64341 ms] [JavaFX Application Thread] PlayerShip [moveRight Line: 144] - Moving Right
[DEBUG] 2026-08-02 01:21:37 [time 64342 ms] [JavaFX Application Thread] GameController [lambda$addEventListeners$0 Line: 59] - angle: 73.08299506095298, rotatedangle: 163.08299506095298
[DEBUG] 2026-08-02 01:21:37 [time 64348 ms] [JavaFX Application Thread] PlayerShip [moveRight Line: 144] - Moving Right
[DEBUG] 2026-08-02 01:21:37 [time 64351 ms] [JavaFX Application Thread] GameController [lambda$addEventListeners$0 Line: 59] - angle: 73.25209694160003, rotatedangle: 163.25209694160003
[DEBUG] 2026-08-02 01:21:37 [time 64357 ms] [JavaFX Application Thread] PlayerShip [moveRight Line: 144] - Moving Right
[DEBUG] 2026-08-02 01:21:37 [time 64358 ms] [JavaFX Application Thread] GameController [lambda$addEventListeners$0 Line: 59] - angle: 72.6994725173883, rotatedangle: 162.6994725173883
[DEBUG] 2026-08-02 01:21:37 [time 64367 ms] [JavaFX Application Thread] GameController [lambda$addEventListeners$0 Line: 59] - angle: 71.27836989787264, rotatedangle: 161.27836989787264
[DEBUG] 2026-08-02 01:21:37 [time 64375 ms] [JavaFX Application Thread] GameController [lambda$addEventListeners$0 Line: 59] - angle: 70.372418615134, rotatedangle: 160.372418615134
[DEBUG] 2026-08-02 01:21:37 [time 64383 ms] [JavaFX Application Thread] GameController [lambda$addEventListeners$0 Line: 59] - angle: 68.78347098592121, rotatedangle: 158.7834709859212
[DEBUG] 2026-08-02 01:21:37 [time 64391 ms] [JavaFX Application Thread] GameController [lambda$addEventListeners$0 Line: 59] - angle: 66.7493062413271, rotatedangle: 156.7493062413271
[DEBUG] 2026-08-02 01:21:37 [time 64399 ms] [JavaFX Application Thread] GameController [lambda$addEventListeners$0 Line: 59] - angle: 65.10386370283709, rotatedangle: 155.1038637028371
[DEBUG] 2026-08-02 01:21:37 [time 64399 ms] [JavaFX Application Thread] PlayerShip [moveTop Line: 149] - Moving Top
[DEBUG] 2026-08-02 01:21:37 [time 64407 ms] [JavaFX Application Thread] GameController [lambda$addEventListeners$0 Line: 59] - angle: 63.79229878636961, rotatedangle: 153.7922987863696
[DEBUG] 2026-08-02 01:21:37 [time 64408 ms] [JavaFX Application Thread] PlayerShip [moveTop Line: 149] - Moving Top
[DEBUG] 2026-08-02 01:21:37 [time 64416 ms] [JavaFX Application Thread] PlayerShip [moveTop Line: 149] - Moving Top
[DEBUG] 2026-08-02 01:21:37 [time 64424 ms] [JavaFX Application Thread] PlayerShip [moveTop Line: 149] - Moving Top
[DEBUG] 2026-08-02 01:21:37 [time 64432 ms] [JavaFX Application Thread] PlayerShip [moveTop Line: 149] - Moving Top
[DEBUG] 2026-08-02 01:21:37 [time 64441 ms] [JavaFX Application Thread] PlayerShip [moveTop Line: 149] - Moving Top
[DEBUG] 2026-08-02 01:21:38 [time 64449 ms] [JavaFX Application Thread] PlayerShip [moveTop Line: 149] - Moving Top
[DEBUG] 2026-08-02 01:21:38 [time 64457 ms] [JavaFX Application Thread] PlayerShip [moveTop Line: 149] - Moving Top
[DEBUG] 2026-08-02 01:21:38 [time 64466 ms] [JavaFX Application Thread] PlayerShip [moveTop Line: 149] - Moving Top
[DEBUG] 2026-08-02 01:21:38 [time 64474 ms] [JavaFX Application Thread] PlayerShip [moveTop Line: 149] - Moving Top
[DEBUG] 2026-08-02 01:21:38 [time 64482 ms] [JavaFX Application Thread] PlayerShip [moveTop Line: 149] - Moving Top
[DEBUG] 2026-08-02 01:21:38 [time 64491 ms] [JavaFX Application Thread] PlayerShip [moveTop Line: 149] - Moving Top
[DEBUG] 2026-08-02 01:21:38 [time 64499 ms] [JavaFX Application Thread] PlayerShip [moveTop Line: 149] - Moving Top
[DEBUG] 2026-08-02 01:21:38 [time 64507 ms] [JavaFX Application Thread] PlayerShip [moveTop Line: 149] - Moving Top
[DEBUG] 2026-08-02 01:21:38 [time 64516 ms] [JavaFX Application Thread] PlayerShip [moveTop Line: 149] - Moving Top
[DEBUG] 2026-08-02 01:21:38 [time 64524 ms] [JavaFX Application Thread] PlayerShip [moveTop Line: 149] - Moving Top
[DEBUG] 2026-08-02 01:21:38 [time 64532 ms] [JavaFX Application Thread] PlayerShip [moveTop Line: 149] - Moving Top
[DEBUG] 2026-08-02 01:21:38 [time 64540 ms] [JavaFX Application Thread] PlayerShip [moveTop Line: 149] - Moving Top
[DEBUG] 2026-08-02 01:21:38 [time 64549 ms] [JavaFX Application Thread] PlayerShip [moveTop Line: 149] - Moving Top
[DEBUG] 2026-08-02 01:21:38 [time 64557 ms] [JavaFX Application Thread] PlayerShip [moveTop Line: 149] - Moving Top
[DEBUG] 2026-08-02 01:21:38 [time 64566 ms] [JavaFX Application Thread] PlayerShip [moveTop Line: 149] - Moving Top
[DEBUG] 2026-08-02 01:21:38 [time 64574 ms] [JavaFX Application Thread] PlayerShip [moveTop Line: 149] - Moving Top
[DEBUG] 2026-08-02 01:21:38 [time 64582 ms] [JavaFX Application Thread] PlayerShip [moveTop Line: 149] - Moving Top
[DEBUG] 2026-08-02 01:21:38 [time 64591 ms] [JavaFX Application Thread] PlayerShip [moveTop Line: 149] - Moving Top
[DEBUG] 2026-08-02 01:21:38 [time 64599 ms] [JavaFX Application Thread] PlayerShip [moveTop Line: 149] - Moving Top
[DEBUG] 2026-08-02 01:21:38 [time 64607 ms] [JavaFX Application Thread] PlayerShip [moveTop Line: 149] - Moving Top
[DEBUG] 2026-08-02 01:21:38 [time 64616 ms] [JavaFX Application Thread] PlayerShip [moveTop Line: 149] - Moving Top
[DEBUG] 2026-08-02 01:21:38 [time 64624 ms] [JavaFX Application Thread] PlayerShip [moveTop Line: 149] - Moving Top
[DEBUG] 2026-08-02 01:21:38 [time 64632 ms] [JavaFX Application Thread] PlayerShip [moveTop Line: 149] - Moving Top
[DEBUG] 2026-08-02 01:21:38 [time 64641 ms] [JavaFX Application Thread] PlayerShip [moveTop Line: 149] - Moving Top
[DEBUG] 2026-08-02 01:21:38 [time 64645 ms] [JavaFX Application Thread] GameController [lambda$setUpKeyEvents$8 Line: 86] - PlayerShip shoot bullet
[DEBUG] 2026-08-02 01:21:38 [time 64649 ms] [JavaFX Application Thread] PlayerShip [moveTop Line: 149] - Moving Top
[DEBUG] 2026-08-02 01:21:38 [time 64657 ms] [JavaFX Application Thread] PlayerShip [moveTop Line: 149] - Moving Top
[DEBUG] 2026-08-02 01:21:38 [time 64666 ms] [JavaFX Application Thread] PlayerShip [moveTop Line: 149] - Moving Top
[DEBUG] 2026-08-02 01:21:38 [time 64674 ms] [JavaFX Application Thread] PlayerShip [moveTop Line: 149] - Moving Top
[DEBUG] 2026-08-02 01:21:38 [time 64682 ms] [JavaFX Application Thread] PlayerShip [moveTop Line: 149] - Moving Top
[DEBUG] 2026-08-02 01:21:38 [time 64691 ms] [JavaFX Application Thread] PlayerShip [moveTop Line: 149] - Moving Top
[DEBUG] 2026-08-02 01:21:38 [time 64699 ms] [JavaFX Application Thread] PlayerShip [moveTop Line: 149] - Moving Top
[DEBUG] 2026-08-02 01:21:38 [time 64707 ms] [JavaFX Application Thread] PlayerShip [moveTop Line: 149] - Moving Top
[DEBUG] 2026-08-02 01:21:38 [time 64715 ms] [JavaFX Application Thread] PlayerShip [moveTop Line: 149] - Moving Top
[DEBUG] 2026-08-02 01:21:38 [time 64724 ms] [JavaFX Application Thread] PlayerShip [moveTop Line: 149] - Moving Top
[DEBUG] 2026-08-02 01:21:38 [time 64732 ms] [JavaFX Application Thread] PlayerShip [moveTop Line: 149] - Moving Top
[DEBUG] 2026-08-02 01:21:38 [time 64740 ms] [JavaFX Application Thread] PlayerShip [moveTop Line: 149] - Moving Top
[DEBUG] 2026-08-02 01:21:38 [time 64749 ms] [JavaFX Application Thread] PlayerShip [moveTop Line: 149] - Moving Top
[DEBUG] 2026-08-02 01:21:38 [time 64757 ms] [JavaFX Application Thread] PlayerShip [moveTop Line: 149] - Moving Top
[DEBUG] 2026-08-02 01:21:38 [time 64765 ms] [JavaFX Application Thread] PlayerShip [moveTop Line: 149] - Moving Top
[DEBUG] 2026-08-02 01:21:38 [time 64773 ms] [JavaFX Application Thread] PlayerShip [moveTop Line: 149] - Moving Top
[ INFO] 2026-08-02 01:21:38 [time 64782 ms] [JavaFX Application Thread] GameController [updateAndCollidePlayerBullet Line: 353] - Current Score: 5
[DEBUG] 2026-08-02 01:21:38 [time 64787 ms] [JavaFX Application Thread] PlayerShip [moveTop Line: 149] - Moving Top
[DEBUG] 2026-08-02 01:21:38 [time 64791 ms] [JavaFX Application Thread] PlayerShip [moveTop Line: 149] - Moving Top
[DEBUG] 2026-08-02 01:21:38 [time 64799 ms] [JavaFX Application Thread] PlayerShip [moveTop Line: 149] - Moving Top
[DEBUG] 2026-08-02 01:21:38 [time 64807 ms] [JavaFX Application Thread] PlayerShip [moveRight Line: 144] - Moving Right
[DEBUG] 2026-08-02 01:21:38 [time 64807 ms] [JavaFX Application Thread] PlayerShip [moveTop Line: 149] - Moving Top
[DEBUG] 2026-08-02 01:21:38 [time 64816 ms] [JavaFX Application Thread] PlayerShip [moveRight Line: 144] - Moving Right
[DEBUG] 2026-08-02 01:21:38 [time 64816 ms] [JavaFX Application Thread] PlayerShip [moveTop Line: 149] - Moving Top
[DEBUG] 2026-08-02 01:21:38 [time 64824 ms] [JavaFX Application Thread] PlayerShip [moveRight Line: 144] - Moving Right
[DEBUG] 2026-08-02 01:21:38 [time 64824 ms] [JavaFX Application Thread] PlayerShip [moveTop Line: 149] - Moving Top
[DEBUG] 2026-08-02 01:21:38 [time 64832 ms] [JavaFX Application Thread] PlayerShip [moveRight Line: 144] - Moving Right
[DEBUG] 2026-08-02 01:21:38 [time 64841 ms] [JavaFX Application Thread] PlayerShip [moveRight Line: 144] - Moving Right
[DEBUG] 2026-08-02 01:21:38 [time 64849 ms] [JavaFX Application Thread] PlayerShip [moveRight Line: 144] - Moving Right
[DEBUG] 2026-08-02 01:21:38 [time 64857 ms] [JavaFX Application Thread] PlayerShip [moveRight Line: 144] - Moving Right
[DEBUG] 2026-08-02 01:21:38 [time 64866 ms] [JavaFX Application Thread] PlayerShip [moveRight Line: 144] - Moving Right
[DEBUG] 2026-08-02 01:21:38 [time 64874 ms] [JavaFX Application Thread] PlayerShip [moveRight Line: 144] - Moving Right
[DEBUG] 2026-08-02 01:21:38 [time 64882 ms] [JavaFX Application Thread] PlayerShip [moveRight Line: 144] - Moving Right
[DEBUG] 2026-08-02 01:21:38 [time 64891 ms] [JavaFX Application Thread] PlayerShip [moveRight Line: 144] - Moving Right
[DEBUG] 2026-08-02 01:21:38 [time 64898 ms] [JavaFX Application Thread] PlayerShip [moveRight Line: 144] - Moving Right
[DEBUG] 2026-08-02 01:21:38 [time 64907 ms] [JavaFX Application Thread] PlayerShip [moveRight Line: 144] - Moving Right
[DEBUG] 2026-08-02 01:21:38 [time 64916 ms] [JavaFX Application Thread] PlayerShip [moveRight Line: 144] - Moving Right
[DEBUG] 2026-08-02 01:21:38 [time 64923 ms] [JavaFX Application Thread] PlayerShip [moveRight Line: 144] - Moving Right
[DEBUG] 2026-08-02 01:21:38 [time 64932 ms] [JavaFX Application Thread] PlayerShip [moveRight Line: 144] - Moving Right
[DEBUG] 2026-08-02 01:21:38 [time 64940 ms] [JavaFX Application Thread] PlayerShip [moveRight Line: 144] - Moving Right
[DEBUG] 2026-08-02 01:21:38 [time 64949 ms] [JavaFX Application Thread] PlayerShip [moveRight Line: 144] - Moving Right
[DEBUG] 2026-08-02 01:21:38 [time 64957 ms] [JavaFX Application Thread] PlayerShip [moveRight Line: 144] - Moving Right
[DEBUG] 2026-08-02 01:21:38 [time 64966 ms] [JavaFX Application Thread] PlayerShip [moveRight Line: 144] - Moving Right
[DEBUG] 2026-08-02 01:21:38 [time 64974 ms] [JavaFX Application Thread] PlayerShip [moveRight Line: 144] - Moving Right
[DEBUG] 2026-08-02 01:21:38 [time 64982 ms] [JavaFX Application Thread] PlayerShip [moveRight Line: 144] - Moving Right
[DEBUG] 2026-08-02 01:21:38 [time 64991 ms] [JavaFX Application Thread] PlayerShip [moveRight Line: 144] - Moving Right
[DEBUG] 2026-08-02 01:21:38 [time 64999 ms] [JavaFX Application Thread] PlayerShip [moveRight Line: 144] - Moving Right
[DEBUG] 2026-08-02 01:21:38 [time 65007 ms] [JavaFX Application Thread] PlayerShip [moveRight Line: 144] - Moving Right
[DEBUG] 2026-08-02 01:21:38 [time 65016 ms] [JavaFX Application Thread] PlayerShip [moveRight Line: 144] - Moving Right
[DEBUG] 2026-08-02 01:21:38 [time 65023 ms] [JavaFX Application Thread] PlayerShip [moveRight Line: 144] - Moving Right
[DEBUG] 2026-08-02 01:21:38 [time 65032 ms] [JavaFX Application Thread] PlayerShip [moveRight Line: 144] - Moving Right
[DEBUG] 2026-08-02 01:21:38 [time 65041 ms] [JavaFX Application Thread] PlayerShip [moveRight Line: 144] - Moving Right
[DEBUG] 2026-08-02 01:21:38 [time 65049 ms] [JavaFX Application Thread] PlayerShip [moveRight Line: 144] - Moving Right
[DEBUG] 2026-08-02 01:21:38 [time 65057 ms] [JavaFX Application Thread] PlayerShip [moveRight Line: 144] - Moving Right
[DEBUG] 2026-08-02 01:21:38 [time 65066 ms] [JavaFX Application Thread] PlayerShip [moveRight Line: 144] - Moving Right
[DEBUG] 2026-08-02 01:21:38 [time 65074 ms] [JavaFX Application Thread] PlayerShip [moveRight Line: 144] - Moving Right
[DEBUG] 2026-08-02 01:21:38 [time 65082 ms] [JavaFX Application Thread] PlayerShip [moveRight Line: 144] - Moving Right
[DEBUG] 2026-08-02 01:21:38 [time 65090 ms] [JavaFX Application Thread] PlayerShip [moveRight Line: 144] - Moving Right
[DEBUG] 2026-08-02 01:21:38 [time 65098 ms] [JavaFX Application Thread] PlayerShip [moveRight Line: 144] - Moving Right
[DEBUG] 2026-08-02 01:21:38 [time 65107 ms] [JavaFX Application Thread] PlayerShip [moveRight Line: 144] - Moving Right
[DEBUG] 2026-08-02 01:21:38 [time 65116 ms] [JavaFX Application Thread] PlayerShip [moveRight Line: 144] - Moving Right
[DEBUG] 2026-08-02 01:21:38 [time 65124 ms] [JavaFX Application Thread] PlayerShip [moveRight Line: 144] - Moving Right
[DEBUG] 2026-08-02 01:21:38 [time 65132 ms] [JavaFX Application Thread] PlayerShip [moveRight Line: 144] - Moving Right
[DEBUG] 2026-08-02 01:21:38 [time 65141 ms] [JavaFX Application Thread] PlayerShip [moveRight Line: 144] - Moving Right
[DEBUG] 2026-08-02 01:21:38 [time 65149 ms] [JavaFX Application Thread] PlayerShip [moveRight Line: 144] - Moving Right
[DEBUG] 2026-08-02 01:21:38 [time 65157 ms] [JavaFX Application Thread] PlayerShip [moveRight Line: 144] - Moving Right
[DEBUG] 2026-08-02 01:21:38 [time 65161 ms] [JavaFX Application Thread] GameController [lambda$setUpKeyEvents$8 Line: 86] - PlayerShip shoot bullet
[DEBUG] 2026-08-02 01:21:38 [time 65166 ms] [JavaFX Application Thread] PlayerShip [moveRight Line: 144] - Moving Right
[DEBUG] 2026-08-02 01:21:38 [time 65174 ms] [JavaFX Application Thread] PlayerShip [moveRight Line: 144] - Moving Right
[DEBUG] 2026-08-02 01:21:38 [time 65182 ms] [JavaFX Application Thread] PlayerShip [moveRight Line: 144] - Moving Right
[DEBUG] 2026-08-02 01:21:38 [time 65191 ms] [JavaFX Application Thread] PlayerShip [moveRight Line: 144] - Moving Right
[DEBUG] 2026-08-02 01:21:38 [time 65199 ms] [JavaFX Application Thread] PlayerShip [moveRight Line: 144] - Moving Right
[DEBUG] 2026-08-02 01:21:38 [time 65207 ms] [JavaFX Application Thread] PlayerShip [moveRight Line: 144] - Moving Right
[DEBUG] 2026-08-02 01:21:38 [time 65216 ms] [JavaFX Application Thread] PlayerShip [moveRight Line: 144] - Moving Right
[DEBUG] 2026-08-02 01:21:38 [time 65224 ms] [JavaFX Application Thread] PlayerShip [moveRight Line: 144] - Moving Right
[DEBUG] 2026-08-02 01:21:38 [time 65232 ms] [JavaFX Application Thread] PlayerShip [moveRight Line: 144] - Moving Right
[DEBUG] 2026-08-02 01:21:38 [time 65241 ms] [JavaFX Application Thread] PlayerShip [moveRight Line: 144] - Moving Right
[DEBUG] 2026-08-02 01:21:38 [time 65249 ms] [JavaFX Application Thread] PlayerShip [moveRight Line: 144] - Moving Right
[DEBUG] 2026-08-02 01:21:38 [time 65257 ms] [JavaFX Application Thread] PlayerShip [moveRight Line: 144] - Moving Right
[DEBUG] 2026-08-02 01:21:38 [time 65266 ms] [JavaFX Application Thread] PlayerShip [moveRight Line: 144] - Moving Right
[DEBUG] 2026-08-02 01:21:38 [time 65274 ms] [JavaFX Application Thread] PlayerShip [moveRight Line: 144] - Moving Right
[DEBUG] 2026-08-02 01:21:38 [time 65282 ms] [JavaFX Application Thread] PlayerShip [moveRight Line: 144] - Moving Right
[DEBUG] 2026-08-02 01:21:38 [time 65291 ms] [JavaFX Application Thread] PlayerShip [moveRight Line: 144] - Moving Right
[DEBUG] 2026-08-02 01:21:38 [time 65299 ms] [JavaFX Application Thread] PlayerShip [moveRight Line: 144] - Moving Right
[DEBUG] 2026-08-02 01:21:38 [time 65307 ms] [JavaFX Application Thread] PlayerShip [moveRight Line: 144] - Moving Right
[DEBUG] 2026-08-02 01:21:38 [time 65316 ms] [JavaFX Application Thread] PlayerShip [moveRight Line: 144] - Moving Right
[DEBUG] 2026-08-02 01:21:38 [time 65324 ms] [JavaFX Application Thread] PlayerShip [moveRight Line: 144] - Moving Right
[DEBUG] 2026-08-02 01:21:38 [time 65332 ms] [JavaFX Application Thread] PlayerShip [moveRight Line: 144] - Moving Right
[DEBUG] 2026-08-02 01:21:38 [time 65341 ms] [JavaFX Application Thread] GameController [lambda$setUpKeyEvents$8 Line: 86] - PlayerShip shoot bullet
[DEBUG] 2026-08-02 01:21:38 [time 65341 ms] [JavaFX Application Thread] PlayerShip [moveRight Line: 144] - Moving Right
[DEBUG] 2026-08-02 01:21:38 [time 65349 ms] [JavaFX Application Thread] PlayerShip [moveRight Line: 144] - Moving Right
[DEBUG] 2026-08-02 01:21:38 [time 65357 ms] [JavaFX Application Thread] PlayerShip [moveRight Line: 144] - Moving Right
[DEBUG] 2026-08-02 01:21:38 [time 65366 ms] [JavaFX Application Thread] PlayerShip [moveRight Line: 144] - Moving Right
[DEBUG] 2026-08-02 01:21:38 [time 65373 ms] [JavaFX Application Thread] PlayerShip [moveRight Line: 144] - Moving Right
[DEBUG] 2026-08-02 01:21:38 [time 65382 ms] [JavaFX Application Thread] PlayerShip [moveRight Line: 144] - Moving Right
[DEBUG] 2026-08-02 01:21:38 [time 65391 ms] [JavaFX Application Thread] PlayerShip [moveRight Line: 144] - Moving Right
[DEBUG] 2026-08-02 01:21:38 [time 65399 ms] [JavaFX Application Thread] PlayerShip [moveRight Line: 144] - Moving Right
[DEBUG] 2026-08-02 01:21:38 [time 65407 ms] [JavaFX Application Thread] PlayerShip [moveRight Line: 144] - Moving Right
[DEBUG] 2026-08-02 01:21:38 [time 65415 ms] [JavaFX Application Thread] PlayerShip [moveRight Line: 144] - Moving Right
[DEBUG] 2026-08-02 01:21:38 [time 65424 ms] [JavaFX Application Thread] PlayerShip [moveRight Line: 144] - Moving Right
[DEBUG] 2026-08-02 01:21:38 [time 65432 ms] [JavaFX Application Thread] PlayerShip [moveRight Line: 144] - Moving Right
[DEBUG] 2026-08-02 01:21:38 [time 65441 ms] [JavaFX Application Thread] PlayerShip [moveRight Line: 144] - Moving Right
[DEBUG] 2026-08-02 01:21:39 [time 65449 ms] [JavaFX Application Thread] PlayerShip [moveRight Line: 144] - Moving Right
[DEBUG] 2026-08-02 01:21:39 [time 65504 ms] [JavaFX Application Thread] GameController [lambda$setUpKeyEvents$8 Line: 86] - PlayerShip shoot bullet
[ INFO] 2026-08-02 01:21:39 [time 65532 ms] [JavaFX Application Thread] GameController [updateAndCollidePlayerBullet Line: 360] - Current Score: 6
[DEBUG] 2026-08-02 01:21:39 [time 65676 ms] [JavaFX Application Thread] GameController [lambda$setUpKeyEvents$8 Line: 86] - PlayerShip shoot bullet
[ INFO] 2026-08-02 01:21:39 [time 65807 ms] [JavaFX Application Thread] PlayerShip [updateAndCollidePlayerShip Line: 581] - PlayerShip collided with asteroid
[ INFO] 2026-08-02 01:21:39 [time 65811 ms] [JavaFX Application Thread] PlayerShip [updateAndCollidePlayerShip Line: 673] - Remaining Life: 2
[DEBUG] 2026-08-02 01:21:39 [time 65899 ms] [JavaFX Application Thread] PlayerShip [moveLeft Line: 139] - Moving Left
[DEBUG] 2026-08-02 01:21:39 [time 65907 ms] [JavaFX Application Thread] PlayerShip [moveLeft Line: 139] - Moving Left
[DEBUG] 2026-08-02 01:21:39 [time 65915 ms] [JavaFX Application Thread] GameController [lambda$addEventListeners$0 Line: 59] - angle: 126.64191652454042, rotatedangle: 216.64191652454042
[DEBUG] 2026-08-02 01:21:39 [time 65916 ms] [JavaFX Application Thread] PlayerShip [moveLeft Line: 139] - Moving Left
[DEBUG] 2026-08-02 01:21:39 [time 65923 ms] [JavaFX Application Thread] GameController [lambda$addEventListeners$0 Line: 59] - angle: 125.53766945241135, rotatedangle: 215.53766945241136
[DEBUG] 2026-08-02 01:21:39 [time 65924 ms] [JavaFX Application Thread] PlayerShip [moveLeft Line: 139] - Moving Left
[DEBUG] 2026-08-02 01:21:39 [time 65931 ms] [JavaFX Application Thread] GameController [lambda$addEventListeners$0 Line: 59] - angle: 124.59228005758544, rotatedangle: 214.59228005758544
[DEBUG] 2026-08-02 01:21:39 [time 65932 ms] [JavaFX Application Thread] PlayerShip [moveLeft Line: 139] - Moving Left
[DEBUG] 2026-08-02 01:21:39 [time 65939 ms] [JavaFX Application Thread] GameController [lambda$addEventListeners$0 Line: 59] - angle: 123.09573428450825, rotatedangle: 213.09573428450824
[DEBUG] 2026-08-02 01:21:39 [time 65941 ms] [JavaFX Application Thread] PlayerShip [moveLeft Line: 139] - Moving Left
[DEBUG] 2026-08-02 01:21:39 [time 65947 ms] [JavaFX Application Thread] GameController [lambda$addEventListeners$0 Line: 59] - angle: 121.29303899592021, rotatedangle: 211.2930389959202
[DEBUG] 2026-08-02 01:21:39 [time 65949 ms] [JavaFX Application Thread] PlayerShip [moveLeft Line: 139] - Moving Left
[DEBUG] 2026-08-02 01:21:39 [time 65955 ms] [JavaFX Application Thread] GameController [lambda$addEventListeners$0 Line: 59] - angle: 119.7448736111048, rotatedangle: 209.7448736111048
[DEBUG] 2026-08-02 01:21:39 [time 65957 ms] [JavaFX Application Thread] PlayerShip [moveLeft Line: 139] - Moving Left
[DEBUG] 2026-08-02 01:21:39 [time 65964 ms] [JavaFX Application Thread] GameController [lambda$addEventListeners$0 Line: 59] - angle: 117.83808119713471, rotatedangle: 207.83808119713473
[DEBUG] 2026-08-02 01:21:39 [time 65966 ms] [JavaFX Application Thread] PlayerShip [moveLeft Line: 139] - Moving Left
[DEBUG] 2026-08-02 01:21:39 [time 65972 ms] [JavaFX Application Thread] GameController [lambda$addEventListeners$0 Line: 59] - angle: 115.34616704106959, rotatedangle: 205.34616704106958
[DEBUG] 2026-08-02 01:21:39 [time 65973 ms] [JavaFX Application Thread] PlayerShip [moveLeft Line: 139] - Moving Left
[DEBUG] 2026-08-02 01:21:39 [time 65980 ms] [JavaFX Application Thread] GameController [lambda$addEventListeners$0 Line: 59] - angle: 111.96058103978683, rotatedangle: 201.96058103978683
[DEBUG] 2026-08-02 01:21:39 [time 65981 ms] [JavaFX Application Thread] PlayerShip [moveLeft Line: 139] - Moving Left
[DEBUG] 2026-08-02 01:21:39 [time 65989 ms] [JavaFX Application Thread] GameController [lambda$addEventListeners$0 Line: 59] - angle: 107.41798058445698, rotatedangle: 197.41798058445698
[DEBUG] 2026-08-02 01:21:39 [time 65997 ms] [JavaFX Application Thread] GameController [lambda$addEventListeners$0 Line: 59] - angle: 106.99080971838153, rotatedangle: 196.9908097183815
[DEBUG] 2026-08-02 01:21:39 [time 66005 ms] [JavaFX Application Thread] GameController [lambda$addEventListeners$0 Line: 59] - angle: 108.4349238439227, rotatedangle: 198.43492384392272
[DEBUG] 2026-08-02 01:21:39 [time 66014 ms] [JavaFX Application Thread] GameController [lambda$addEventListeners$0 Line: 59] - angle: 123.6900675259798, rotatedangle: 213.6900675259798
[DEBUG] 2026-08-02 01:21:39 [time 66022 ms] [JavaFX Application Thread] GameController [lambda$addEventListeners$0 Line: 59] - angle: -146.30993247402023, rotatedangle: -56.30993247402023
[DEBUG] 2026-08-02 01:21:39 [time 66030 ms] [JavaFX Application Thread] GameController [lambda$addEventListeners$0 Line: 59] - angle: -104.74356283647074, rotatedangle: -14.743562836470744
[DEBUG] 2026-08-02 01:21:39 [time 66036 ms] [JavaFX Application Thread] GameController [lambda$addEventListeners$0 Line: 59] - angle: -99.16231512533732, rotatedangle: -9.162315125337315
[DEBUG] 2026-08-02 01:21:39 [time 66045 ms] [JavaFX Application Thread] GameController [lambda$addEventListeners$0 Line: 59] - angle: -96.78896968755458, rotatedangle: -6.788969687554584
[DEBUG] 2026-08-02 01:21:39 [time 66053 ms] [JavaFX Application Thread] GameController [lambda$addEventListeners$0 Line: 59] - angle: -95.5993360072605, rotatedangle: -5.599336007260504
[DEBUG] 2026-08-02 01:21:39 [time 66061 ms] [JavaFX Application Thread] GameController [lambda$addEventListeners$0 Line: 59] - angle: -96.88172004443929, rotatedangle: -6.881720044439291
[DEBUG] 2026-08-02 01:21:39 [time 66069 ms] [JavaFX Application Thread] GameController [lambda$addEventListeners$0 Line: 59] - angle: -98.74615821971678, rotatedangle: -8.746158219716776
[DEBUG] 2026-08-02 01:21:39 [time 66077 ms] [JavaFX Application Thread] GameController [lambda$addEventListeners$0 Line: 59] - angle: -101.30993247402021, rotatedangle: -11.309932474020215
[DEBUG] 2026-08-02 01:21:39 [time 66085 ms] [JavaFX Application Thread] GameController [lambda$addEventListeners$0 Line: 59] - angle: -103.4957416575059, rotatedangle: -13.495741657505903
[DEBUG] 2026-08-02 01:21:39 [time 66094 ms] [JavaFX Application Thread] GameController [lambda$addEventListeners$0 Line: 59] - angle: -105.56152345554366, rotatedangle: -15.561523455543664
[DEBUG] 2026-08-02 01:21:39 [time 66102 ms] [JavaFX Application Thread] GameController [lambda$addEventListeners$0 Line: 59] - angle: -107.6222908535947, rotatedangle: -17.622290853594706
[DEBUG] 2026-08-02 01:21:39 [time 66110 ms] [JavaFX Application Thread] GameController [lambda$addEventListeners$0 Line: 59] - angle: -109.77607660263921, rotatedangle: -19.776076602639208
[DEBUG] 2026-08-02 01:21:39 [time 66119 ms] [JavaFX Application Thread] GameController [lambda$addEventListeners$0 Line: 59] - angle: -111.9087114076155, rotatedangle: -21.9087114076155
[DEBUG] 2026-08-02 01:21:39 [time 66127 ms] [JavaFX Application Thread] GameController [lambda$addEventListeners$0 Line: 59] - angle: -113.41211416930268, rotatedangle: -23.412114169302683
[DEBUG] 2026-08-02 01:21:39 [time 66135 ms] [JavaFX Application Thread] GameController [lambda$addEventListeners$0 Line: 59] - angle: -115.65926451696735, rotatedangle: -25.659264516967355
[DEBUG] 2026-08-02 01:21:39 [time 66144 ms] [JavaFX Application Thread] GameController [lambda$addEventListeners$0 Line: 59] - angle: -116.98789058174849, rotatedangle: -26.987890581748488
[DEBUG] 2026-08-02 01:21:39 [time 66152 ms] [JavaFX Application Thread] GameController [lambda$addEventListeners$0 Line: 59] - angle: -118.53999162553627, rotatedangle: -28.539991625536274
[DEBUG] 2026-08-02 01:21:39 [time 66160 ms] [JavaFX Application Thread] GameController [lambda$addEventListeners$0 Line: 59] - angle: -119.74488129694222, rotatedangle: -29.744881296942225
[DEBUG] 2026-08-02 01:21:39 [time 66168 ms] [JavaFX Application Thread] GameController [lambda$addEventListeners$0 Line: 59] - angle: -119.84593813635406, rotatedangle: -29.845938136354064
[DEBUG] 2026-08-02 01:21:39 [time 66176 ms] [JavaFX Application Thread] GameController [lambda$addEventListeners$0 Line: 59] - angle: -120.42578380196122, rotatedangle: -30.425783801961217
[DEBUG] 2026-08-02 01:21:39 [time 66184 ms] [JavaFX Application Thread] GameController [lambda$addEventListeners$0 Line: 59] - angle: -121.2867222238274, rotatedangle: -31.286722223827397
[DEBUG] 2026-08-02 01:21:39 [time 66193 ms] [JavaFX Application Thread] GameController [lambda$addEventListeners$0 Line: 59] - angle: -121.02705710595008, rotatedangle: -31.027057105950078
[DEBUG] 2026-08-02 01:21:39 [time 66201 ms] [JavaFX Application Thread] GameController [lambda$addEventListeners$0 Line: 59] - angle: -121.15202815768163, rotatedangle: -31.152028157681627
[DEBUG] 2026-08-02 01:21:39 [time 66209 ms] [JavaFX Application Thread] GameController [lambda$addEventListeners$0 Line: 59] - angle: -121.08749963833698, rotatedangle: -31.08749963833698
[DEBUG] 2026-08-02 01:21:39 [time 66216 ms] [JavaFX Application Thread] PlayerShip [moveLeft Line: 139] - Moving Left
[DEBUG] 2026-08-02 01:21:39 [time 66224 ms] [JavaFX Application Thread] PlayerShip [moveLeft Line: 139] - Moving Left
[DEBUG] 2026-08-02 01:21:39 [time 66232 ms] [JavaFX Application Thread] PlayerShip [moveLeft Line: 139] - Moving Left
[DEBUG] 2026-08-02 01:21:39 [time 66240 ms] [JavaFX Application Thread] PlayerShip [moveLeft Line: 139] - Moving Left
[DEBUG] 2026-08-02 01:21:39 [time 66241 ms] [JavaFX Application Thread] GameController [lambda$addEventListeners$0 Line: 59] - angle: -114.5074003774555, rotatedangle: -24.507400377455497
[DEBUG] 2026-08-02 01:21:39 [time 66249 ms] [JavaFX Application Thread] PlayerShip [moveLeft Line: 139] - Moving Left
[DEBUG] 2026-08-02 01:21:39 [time 66249 ms] [JavaFX Application Thread] GameController [lambda$addEventListeners$0 Line: 59] - angle: -111.29115086994972, rotatedangle: -21.291150869949718
[DEBUG] 2026-08-02 01:21:39 [time 66257 ms] [JavaFX Application Thread] GameController [lambda$addEventListeners$0 Line: 59] - angle: -109.84463128305498, rotatedangle: -19.84463128305498
[DEBUG] 2026-08-02 01:21:39 [time 66257 ms] [JavaFX Application Thread] PlayerShip [moveLeft Line: 139] - Moving Left
[DEBUG] 2026-08-02 01:21:39 [time 66265 ms] [JavaFX Application Thread] GameController [lambda$addEventListeners$0 Line: 59] - angle: -102.99461384495915, rotatedangle: -12.994613844959147
[DEBUG] 2026-08-02 01:21:39 [time 66265 ms] [JavaFX Application Thread] PlayerShip [moveLeft Line: 139] - Moving Left
[DEBUG] 2026-08-02 01:21:39 [time 66274 ms] [JavaFX Application Thread] GameController [lambda$addEventListeners$0 Line: 59] - angle: -98.00472885729287, rotatedangle: -8.004728857292875
[DEBUG] 2026-08-02 01:21:39 [time 66274 ms] [JavaFX Application Thread] PlayerShip [moveLeft Line: 139] - Moving Left
[DEBUG] 2026-08-02 01:21:39 [time 66282 ms] [JavaFX Application Thread] GameController [lambda$addEventListeners$0 Line: 59] - angle: -85.84871473357832, rotatedangle: 4.151285266421681
[DEBUG] 2026-08-02 01:21:39 [time 66282 ms] [JavaFX Application Thread] PlayerShip [moveLeft Line: 139] - Moving Left
[DEBUG] 2026-08-02 01:21:39 [time 66290 ms] [JavaFX Application Thread] GameController [lambda$addEventListeners$0 Line: 59] - angle: -75.06858282186246, rotatedangle: 14.931417178137536
[DEBUG] 2026-08-02 01:21:39 [time 66290 ms] [JavaFX Application Thread] PlayerShip [moveLeft Line: 139] - Moving Left
[DEBUG] 2026-08-02 01:21:39 [time 66298 ms] [JavaFX Application Thread] GameController [lambda$addEventListeners$0 Line: 59] - angle: -65.03721016919299, rotatedangle: 24.96278983080701
[DEBUG] 2026-08-02 01:21:39 [time 66299 ms] [JavaFX Application Thread] PlayerShip [moveLeft Line: 139] - Moving Left
[DEBUG] 2026-08-02 01:21:39 [time 66306 ms] [JavaFX Application Thread] GameController [lambda$addEventListeners$0 Line: 59] - angle: -53.88066665135582, rotatedangle: 36.11933334864418
[DEBUG] 2026-08-02 01:21:39 [time 66307 ms] [JavaFX Application Thread] PlayerShip [moveLeft Line: 139] - Moving Left
[DEBUG] 2026-08-02 01:21:39 [time 66315 ms] [JavaFX Application Thread] GameController [lambda$addEventListeners$0 Line: 59] - angle: -48.92590770368398, rotatedangle: 41.07409229631602
[DEBUG] 2026-08-02 01:21:39 [time 66315 ms] [JavaFX Application Thread] PlayerShip [moveLeft Line: 139] - Moving Left
[DEBUG] 2026-08-02 01:21:39 [time 66323 ms] [JavaFX Application Thread] GameController [lambda$addEventListeners$0 Line: 59] - angle: -41.18592516570965, rotatedangle: 48.81407483429035
[DEBUG] 2026-08-02 01:21:39 [time 66323 ms] [JavaFX Application Thread] PlayerShip [moveLeft Line: 139] - Moving Left
[DEBUG] 2026-08-02 01:21:39 [time 66331 ms] [JavaFX Application Thread] GameController [lambda$addEventListeners$0 Line: 59] - angle: -35.423018117588, rotatedangle: 54.576981882412
[DEBUG] 2026-08-02 01:21:39 [time 66332 ms] [JavaFX Application Thread] PlayerShip [moveLeft Line: 139] - Moving Left
[DEBUG] 2026-08-02 01:21:39 [time 66339 ms] [JavaFX Application Thread] GameController [lambda$addEventListeners$0 Line: 59] - angle: -31.647695701257256, rotatedangle: 58.352304298742744
[DEBUG] 2026-08-02 01:21:39 [time 66339 ms] [JavaFX Application Thread] PlayerShip [moveLeft Line: 139] - Moving Left
[DEBUG] 2026-08-02 01:21:39 [time 66347 ms] [JavaFX Application Thread] GameController [lambda$addEventListeners$0 Line: 59] - angle: -29.70857218931027, rotatedangle: 60.291427810689726
[DEBUG] 2026-08-02 01:21:39 [time 66349 ms] [JavaFX Application Thread] PlayerShip [moveLeft Line: 139] - Moving Left
[DEBUG] 2026-08-02 01:21:39 [time 66356 ms] [JavaFX Application Thread] GameController [lambda$addEventListeners$0 Line: 59] - angle: -27.563571131730868, rotatedangle: 62.43642886826913
[DEBUG] 2026-08-02 01:21:39 [time 66357 ms] [JavaFX Application Thread] PlayerShip [moveLeft Line: 139] - Moving Left
[DEBUG] 2026-08-02 01:21:39 [time 66364 ms] [JavaFX Application Thread] GameController [lambda$addEventListeners$0 Line: 59] - angle: -25.851857124000382, rotatedangle: 64.14814287599961
[DEBUG] 2026-08-02 01:21:39 [time 66365 ms] [JavaFX Application Thread] PlayerShip [moveLeft Line: 139] - Moving Left
[DEBUG] 2026-08-02 01:21:39 [time 66372 ms] [JavaFX Application Thread] GameController [lambda$addEventListeners$0 Line: 59] - angle: -24.739508869748125, rotatedangle: 65.26049113025188
[DEBUG] 2026-08-02 01:21:39 [time 66374 ms] [JavaFX Application Thread] PlayerShip [moveLeft Line: 139] - Moving Left
[DEBUG] 2026-08-02 01:21:39 [time 66381 ms] [JavaFX Application Thread] GameController [lambda$addEventListeners$0 Line: 59] - angle: -23.78587737413967, rotatedangle: 66.21412262586033
[DEBUG] 2026-08-02 01:21:39 [time 66382 ms] [JavaFX Application Thread] PlayerShip [moveLeft Line: 139] - Moving Left
[DEBUG] 2026-08-02 01:21:39 [time 66389 ms] [JavaFX Application Thread] GameController [lambda$addEventListeners$0 Line: 59] - angle: -23.294563253894424, rotatedangle: 66.70543674610558
[DEBUG] 2026-08-02 01:21:39 [time 66391 ms] [JavaFX Application Thread] PlayerShip [moveLeft Line: 139] - Moving Left
[DEBUG] 2026-08-02 01:21:39 [time 66398 ms] [JavaFX Application Thread] GameController [lambda$addEventListeners$0 Line: 59] - angle: -22.729730133211522, rotatedangle: 67.27026986678848
[DEBUG] 2026-08-02 01:21:39 [time 66398 ms] [JavaFX Application Thread] PlayerShip [moveLeft Line: 139] - Moving Left
[DEBUG] 2026-08-02 01:21:39 [time 66407 ms] [JavaFX Application Thread] PlayerShip [moveLeft Line: 139] - Moving Left
[DEBUG] 2026-08-02 01:21:39 [time 66415 ms] [JavaFX Application Thread] PlayerShip [moveLeft Line: 139] - Moving Left
[DEBUG] 2026-08-02 01:21:39 [time 66423 ms] [JavaFX Application Thread] PlayerShip [moveLeft Line: 139] - Moving Left
[DEBUG] 2026-08-02 01:21:39 [time 66432 ms] [JavaFX Application Thread] PlayerShip [moveLeft Line: 139] - Moving Left
[DEBUG] 2026-08-02 01:21:39 [time 66441 ms] [JavaFX Application Thread] PlayerShip [moveLeft Line: 139] - Moving Left
[DEBUG] 2026-08-02 01:21:40 [time 66448 ms] [JavaFX Application Thread] PlayerShip [moveLeft Line: 139] - Moving Left
[DEBUG] 2026-08-02 01:21:40 [time 66456 ms] [JavaFX Application Thread] PlayerShip [moveLeft Line: 139] - Moving Left
[DEBUG] 2026-08-02 01:21:40 [time 66466 ms] [JavaFX Application Thread] PlayerShip [moveLeft Line: 139] - Moving Left
[DEBUG] 2026-08-02 01:21:40 [time 66474 ms] [JavaFX Application Thread] PlayerShip [moveLeft Line: 139] - Moving Left
[DEBUG] 2026-08-02 01:21:40 [time 66482 ms] [JavaFX Application Thread] PlayerShip [moveLeft Line: 139] - Moving Left
[DEBUG] 2026-08-02 01:21:40 [time 66490 ms] [JavaFX Application Thread] PlayerShip [moveLeft Line: 139] - Moving Left
[DEBUG] 2026-08-02 01:21:40 [time 66498 ms] [JavaFX Application Thread] PlayerShip [moveLeft Line: 139] - Moving Left
[DEBUG] 2026-08-02 01:21:40 [time 66507 ms] [JavaFX Application Thread] PlayerShip [moveLeft Line: 139] - Moving Left
[DEBUG] 2026-08-02 01:21:40 [time 66516 ms] [JavaFX Application Thread] PlayerShip [moveLeft Line: 139] - Moving Left
[DEBUG] 2026-08-02 01:21:40 [time 66524 ms] [JavaFX Application Thread] PlayerShip [moveLeft Line: 139] - Moving Left
[DEBUG] 2026-08-02 01:21:40 [time 66531 ms] [JavaFX Application Thread] PlayerShip [moveLeft Line: 139] - Moving Left
[DEBUG] 2026-08-02 01:21:40 [time 66540 ms] [JavaFX Application Thread] PlayerShip [moveLeft Line: 139] - Moving Left
[DEBUG] 2026-08-02 01:21:40 [time 66549 ms] [JavaFX Application Thread] PlayerShip [moveLeft Line: 139] - Moving Left
[DEBUG] 2026-08-02 01:21:40 [time 66557 ms] [JavaFX Application Thread] PlayerShip [moveLeft Line: 139] - Moving Left
[DEBUG] 2026-08-02 01:21:40 [time 66565 ms] [JavaFX Application Thread] PlayerShip [moveLeft Line: 139] - Moving Left
[DEBUG] 2026-08-02 01:21:40 [time 66574 ms] [JavaFX Application Thread] PlayerShip [moveLeft Line: 139] - Moving Left
[DEBUG] 2026-08-02 01:21:40 [time 66576 ms] [JavaFX Application Thread] GameController [lambda$setUpKeyEvents$8 Line: 86] - PlayerShip shoot bullet
[DEBUG] 2026-08-02 01:21:40 [time 66582 ms] [JavaFX Application Thread] PlayerShip [moveLeft Line: 139] - Moving Left
[DEBUG] 2026-08-02 01:21:40 [time 66591 ms] [JavaFX Application Thread] PlayerShip [moveLeft Line: 139] - Moving Left
[DEBUG] 2026-08-02 01:21:40 [time 66599 ms] [JavaFX Application Thread] PlayerShip [moveLeft Line: 139] - Moving Left
[DEBUG] 2026-08-02 01:21:40 [time 66607 ms] [JavaFX Application Thread] PlayerShip [moveLeft Line: 139] - Moving Left
[DEBUG] 2026-08-02 01:21:40 [time 66615 ms] [JavaFX Application Thread] PlayerShip [moveLeft Line: 139] - Moving Left
[ INFO] 2026-08-02 01:21:40 [time 66624 ms] [JavaFX Application Thread] GameController [updateAndCollidePlayerBullet Line: 400] - Current Score: 7
[DEBUG] 2026-08-02 01:21:40 [time 66626 ms] [JavaFX Application Thread] PlayerShip [moveLeft Line: 139] - Moving Left
[DEBUG] 2026-08-02 01:21:40 [time 66632 ms] [JavaFX Application Thread] PlayerShip [moveLeft Line: 139] - Moving Left
[DEBUG] 2026-08-02 01:21:40 [time 66640 ms] [JavaFX Application Thread] PlayerShip [moveLeft Line: 139] - Moving Left
[DEBUG] 2026-08-02 01:21:40 [time 66649 ms] [JavaFX Application Thread] PlayerShip [moveLeft Line: 139] - Moving Left
[DEBUG] 2026-08-02 01:21:40 [time 66657 ms] [JavaFX Application Thread] PlayerShip [moveLeft Line: 139] - Moving Left
[DEBUG] 2026-08-02 01:21:40 [time 66665 ms] [JavaFX Application Thread] PlayerShip [moveLeft Line: 139] - Moving Left
[DEBUG] 2026-08-02 01:21:40 [time 66674 ms] [JavaFX Application Thread] PlayerShip [moveLeft Line: 139] - Moving Left
[DEBUG] 2026-08-02 01:21:40 [time 66682 ms] [JavaFX Application Thread] PlayerShip [moveLeft Line: 139] - Moving Left
[DEBUG] 2026-08-02 01:21:40 [time 66690 ms] [JavaFX Application Thread] PlayerShip [moveLeft Line: 139] - Moving Left
[DEBUG] 2026-08-02 01:21:40 [time 66699 ms] [JavaFX Application Thread] PlayerShip [moveLeft Line: 139] - Moving Left
[DEBUG] 2026-08-02 01:21:40 [time 66707 ms] [JavaFX Application Thread] PlayerShip [moveLeft Line: 139] - Moving Left
[DEBUG] 2026-08-02 01:21:40 [time 66715 ms] [JavaFX Application Thread] PlayerShip [moveLeft Line: 139] - Moving Left
[DEBUG] 2026-08-02 01:21:40 [time 66723 ms] [JavaFX Application Thread] PlayerShip [moveLeft Line: 139] - Moving Left
[DEBUG] 2026-08-02 01:21:40 [time 66731 ms] [JavaFX Application Thread] PlayerShip [moveLeft Line: 139] - Moving Left
[DEBUG] 2026-08-02 01:21:40 [time 66741 ms] [JavaFX Application Thread] GameController [lambda$setUpKeyEvents$8 Line: 86] - PlayerShip shoot bullet
[DEBUG] 2026-08-02 01:21:40 [time 66741 ms] [JavaFX Application Thread] PlayerShip [moveLeft Line: 139] - Moving Left
[DEBUG] 2026-08-02 01:21:40 [time 66749 ms] [JavaFX Application Thread] PlayerShip [moveLeft Line: 139] - Moving Left
[DEBUG] 2026-08-02 01:21:40 [time 66757 ms] [JavaFX Application Thread] PlayerShip [moveLeft Line: 139] - Moving Left
[DEBUG] 2026-08-02 01:21:40 [time 66766 ms] [JavaFX Application Thread] PlayerShip [moveLeft Line: 139] - Moving Left
[DEBUG] 2026-08-02 01:21:40 [time 66774 ms] [JavaFX Application Thread] PlayerShip [moveLeft Line: 139] - Moving Left
[DEBUG] 2026-08-02 01:21:40 [time 66782 ms] [JavaFX Application Thread] PlayerShip [moveLeft Line: 139] - Moving Left
[DEBUG] 2026-08-02 01:21:40 [time 66790 ms] [JavaFX Application Thread] PlayerShip [moveLeft Line: 139] - Moving Left
[DEBUG] 2026-08-02 01:21:40 [time 66799 ms] [JavaFX Application Thread] PlayerShip [moveLeft Line: 139] - Moving Left
[ INFO] 2026-08-02 01:21:40 [time 66807 ms] [JavaFX Application Thread] GameController [updateAndCollidePlayerBullet Line: 400] - Current Score: 8
[DEBUG] 2026-08-02 01:21:40 [time 66809 ms] [JavaFX Application Thread] PlayerShip [moveLeft Line: 139] - Moving Left
[DEBUG] 2026-08-02 01:21:40 [time 66815 ms] [JavaFX Application Thread] PlayerShip [moveLeft Line: 139] - Moving Left
[DEBUG] 2026-08-02 01:21:40 [time 66824 ms] [JavaFX Application Thread] PlayerShip [moveLeft Line: 139] - Moving Left
[DEBUG] 2026-08-02 01:21:40 [time 66832 ms] [JavaFX Application Thread] PlayerShip [moveLeft Line: 139] - Moving Left
[DEBUG] 2026-08-02 01:21:40 [time 66840 ms] [JavaFX Application Thread] PlayerShip [moveLeft Line: 139] - Moving Left
[DEBUG] 2026-08-02 01:21:40 [time 66849 ms] [JavaFX Application Thread] PlayerShip [moveLeft Line: 139] - Moving Left
[DEBUG] 2026-08-02 01:21:40 [time 66857 ms] [JavaFX Application Thread] PlayerShip [moveLeft Line: 139] - Moving Left
[DEBUG] 2026-08-02 01:21:40 [time 66865 ms] [JavaFX Application Thread] PlayerShip [moveLeft Line: 139] - Moving Left
[DEBUG] 2026-08-02 01:21:40 [time 66874 ms] [JavaFX Application Thread] PlayerShip [moveLeft Line: 139] - Moving Left
[DEBUG] 2026-08-02 01:21:40 [time 66882 ms] [JavaFX Application Thread] PlayerShip [moveLeft Line: 139] - Moving Left
[DEBUG] 2026-08-02 01:21:40 [time 66890 ms] [JavaFX Application Thread] PlayerShip [moveLeft Line: 139] - Moving Left
[DEBUG] 2026-08-02 01:21:40 [time 66899 ms] [JavaFX Application Thread] PlayerShip [moveLeft Line: 139] - Moving Left
[DEBUG] 2026-08-02 01:21:40 [time 66907 ms] [JavaFX Application Thread] PlayerShip [moveLeft Line: 139] - Moving Left
[DEBUG] 2026-08-02 01:21:40 [time 66911 ms] [JavaFX Application Thread] GameController [lambda$setUpKeyEvents$8 Line: 86] - PlayerShip shoot bullet
[DEBUG] 2026-08-02 01:21:40 [time 66915 ms] [JavaFX Application Thread] PlayerShip [moveLeft Line: 139] - Moving Left
[DEBUG] 2026-08-02 01:21:40 [time 66924 ms] [JavaFX Application Thread] PlayerShip [moveLeft Line: 139] - Moving Left
[DEBUG] 2026-08-02 01:21:40 [time 66932 ms] [JavaFX Application Thread] PlayerShip [moveLeft Line: 139] - Moving Left
[DEBUG] 2026-08-02 01:21:40 [time 66940 ms] [JavaFX Application Thread] PlayerShip [moveLeft Line: 139] - Moving Left
[DEBUG] 2026-08-02 01:21:40 [time 66949 ms] [JavaFX Application Thread] PlayerShip [moveLeft Line: 139] - Moving Left
[DEBUG] 2026-08-02 01:21:40 [time 66957 ms] [JavaFX Application Thread] PlayerShip [moveLeft Line: 139] - Moving Left
[DEBUG] 2026-08-02 01:21:40 [time 66965 ms] [JavaFX Application Thread] PlayerShip [moveLeft Line: 139] - Moving Left
[DEBUG] 2026-08-02 01:21:40 [time 66974 ms] [JavaFX Application Thread] PlayerShip [moveLeft Line: 139] - Moving Left
[DEBUG] 2026-08-02 01:21:40 [time 66982 ms] [JavaFX Application Thread] PlayerShip [moveLeft Line: 139] - Moving Left
[DEBUG] 2026-08-02 01:21:40 [time 66990 ms] [JavaFX Application Thread] PlayerShip [moveLeft Line: 139] - Moving Left
[DEBUG] 2026-08-02 01:21:40 [time 66999 ms] [JavaFX Application Thread] PlayerShip [moveLeft Line: 139] - Moving Left
[DEBUG] 2026-08-02 01:21:40 [time 67007 ms] [JavaFX Application Thread] PlayerShip [moveLeft Line: 139] - Moving Left
[ INFO] 2026-08-02 01:21:40 [time 67015 ms] [JavaFX Application Thread] GameController [updateAndCollidePlayerBullet Line: 400] - Current Score: 9
[DEBUG] 2026-08-02 01:21:40 [time 67017 ms] [JavaFX Application Thread] PlayerShip [moveLeft Line: 139] - Moving Left
[DEBUG] 2026-08-02 01:21:40 [time 67024 ms] [JavaFX Application Thread] PlayerShip [moveLeft Line: 139] - Moving Left
[DEBUG] 2026-08-02 01:21:40 [time 67032 ms] [JavaFX Application Thread] PlayerShip [moveLeft Line: 139] - Moving Left
[DEBUG] 2026-08-02 01:21:40 [time 67040 ms] [JavaFX Application Thread] PlayerShip [moveLeft Line: 139] - Moving Left
[DEBUG] 2026-08-02 01:21:40 [time 67049 ms] [JavaFX Application Thread] PlayerShip [moveLeft Line: 139] - Moving Left
[DEBUG] 2026-08-02 01:21:40 [time 67057 ms] [JavaFX Application Thread] PlayerShip [moveLeft Line: 139] - Moving Left
[DEBUG] 2026-08-02 01:21:40 [time 67065 ms] [JavaFX Application Thread] PlayerShip [moveLeft Line: 139] - Moving Left
[DEBUG] 2026-08-02 01:21:40 [time 67074 ms] [JavaFX Application Thread] GameController [lambda$setUpKeyEvents$8 Line: 86] - PlayerShip shoot bullet
[DEBUG] 2026-08-02 01:21:40 [time 67074 ms] [JavaFX Application Thread] PlayerShip [moveLeft Line: 139] - Moving Left
[DEBUG] 2026-08-02 01:21:40 [time 67082 ms] [JavaFX Application Thread] PlayerShip [moveLeft Line: 139] - Moving Left
[ INFO] 2026-08-02 01:21:40 [time 67157 ms] [JavaFX Application Thread] GameController [updateAndCollidePlayerBullet Line: 400] - Current Score: 10
[DEBUG] 2026-08-02 01:21:40 [time 67233 ms] [JavaFX Application Thread] GameController [lambda$setUpKeyEvents$8 Line: 86] - PlayerShip shoot bullet
[DEBUG] 2026-08-02 01:21:40 [time 67290 ms] [JavaFX Application Thread] PlayerShip [moveTop Line: 149] - Moving Top
[ INFO] 2026-08-02 01:21:40 [time 67299 ms] [JavaFX Application Thread] GameController [updateAndCollidePlayerBullet Line: 400] - Current Score: 11
[DEBUG] 2026-08-02 01:21:40 [time 67302 ms] [JavaFX Application Thread] PlayerShip [moveTop Line: 149] - Moving Top
[DEBUG] 2026-08-02 01:21:40 [time 67340 ms] [JavaFX Application Thread] PlayerShip [moveTop Line: 149] - Moving Top
[DEBUG] 2026-08-02 01:21:40 [time 67349 ms] [JavaFX Application Thread] PlayerShip [moveTop Line: 149] - Moving Top
[DEBUG] 2026-08-02 01:21:40 [time 67357 ms] [JavaFX Application Thread] PlayerShip [moveTop Line: 149] - Moving Top
[DEBUG] 2026-08-02 01:21:40 [time 67365 ms] [JavaFX Application Thread] PlayerShip [moveTop Line: 149] - Moving Top
[DEBUG] 2026-08-02 01:21:40 [time 67374 ms] [JavaFX Application Thread] PlayerShip [moveTop Line: 149] - Moving Top
[DEBUG] 2026-08-02 01:21:40 [time 67382 ms] [JavaFX Application Thread] PlayerShip [moveTop Line: 149] - Moving Top
[DEBUG] 2026-08-02 01:21:40 [time 67390 ms] [JavaFX Application Thread] PlayerShip [moveTop Line: 149] - Moving Top
[DEBUG] 2026-08-02 01:21:40 [time 67399 ms] [JavaFX Application Thread] PlayerShip [moveTop Line: 149] - Moving Top
[DEBUG] 2026-08-02 01:21:40 [time 67407 ms] [JavaFX Application Thread] PlayerShip [moveTop Line: 149] - Moving Top
[DEBUG] 2026-08-02 01:21:40 [time 67412 ms] [JavaFX Application Thread] GameController [lambda$setUpKeyEvents$8 Line: 86] - PlayerShip shoot bullet
[ INFO] 2026-08-02 01:21:40 [time 67415 ms] [JavaFX Application Thread] GameController [updateAndCollidePlayerBullet Line: 407] - Current Score: 13
[DEBUG] 2026-08-02 01:21:40 [time 67417 ms] [JavaFX Application Thread] PlayerShip [moveTop Line: 149] - Moving Top
[DEBUG] 2026-08-02 01:21:40 [time 67424 ms] [JavaFX Application Thread] PlayerShip [moveTop Line: 149] - Moving Top
[DEBUG] 2026-08-02 01:21:40 [time 67432 ms] [JavaFX Application Thread] PlayerShip [moveTop Line: 149] - Moving Top
[DEBUG] 2026-08-02 01:21:40 [time 67440 ms] [JavaFX Application Thread] PlayerShip [moveTop Line: 149] - Moving Top
[DEBUG] 2026-08-02 01:21:41 [time 67449 ms] [JavaFX Application Thread] PlayerShip [moveTop Line: 149] - Moving Top
[DEBUG] 2026-08-02 01:21:41 [time 67457 ms] [JavaFX Application Thread] PlayerShip [moveTop Line: 149] - Moving Top
[DEBUG] 2026-08-02 01:21:41 [time 67465 ms] [JavaFX Application Thread] PlayerShip [moveTop Line: 149] - Moving Top
[DEBUG] 2026-08-02 01:21:41 [time 67474 ms] [JavaFX Application Thread] PlayerShip [moveTop Line: 149] - Moving Top
[DEBUG] 2026-08-02 01:21:41 [time 67482 ms] [JavaFX Application Thread] PlayerShip [moveTop Line: 149] - Moving Top
[DEBUG] 2026-08-02 01:21:41 [time 67490 ms] [JavaFX Application Thread] PlayerShip [moveTop Line: 149] - Moving Top
[DEBUG] 2026-08-02 01:21:41 [time 67499 ms] [JavaFX Application Thread] PlayerShip [moveTop Line: 149] - Moving Top
[DEBUG] 2026-08-02 01:21:41 [time 67507 ms] [JavaFX Application Thread] PlayerShip [moveTop Line: 149] - Moving Top
[DEBUG] 2026-08-02 01:21:41 [time 67516 ms] [JavaFX Application Thread] PlayerShip [moveTop Line: 149] - Moving Top
[DEBUG] 2026-08-02 01:21:41 [time 67524 ms] [JavaFX Application Thread] PlayerShip [moveTop Line: 149] - Moving Top
[DEBUG] 2026-08-02 01:21:41 [time 67532 ms] [JavaFX Application Thread] PlayerShip [moveTop Line: 149] - Moving Top
[DEBUG] 2026-08-02 01:21:41 [time 67541 ms] [JavaFX Application Thread] PlayerShip [moveTop Line: 149] - Moving Top
[DEBUG] 2026-08-02 01:21:41 [time 67549 ms] [JavaFX Application Thread] PlayerShip [moveTop Line: 149] - Moving Top
[DEBUG] 2026-08-02 01:21:41 [time 67557 ms] [JavaFX Application Thread] PlayerShip [moveTop Line: 149] - Moving Top
[DEBUG] 2026-08-02 01:21:41 [time 67565 ms] [JavaFX Application Thread] PlayerShip [moveTop Line: 149] - Moving Top
[DEBUG] 2026-08-02 01:21:41 [time 67573 ms] [JavaFX Application Thread] PlayerShip [moveTop Line: 149] - Moving Top
[DEBUG] 2026-08-02 01:21:41 [time 67582 ms] [JavaFX Application Thread] PlayerShip [moveTop Line: 149] - Moving Top
[DEBUG] 2026-08-02 01:21:41 [time 67590 ms] [JavaFX Application Thread] PlayerShip [moveTop Line: 149] - Moving Top
[DEBUG] 2026-08-02 01:21:41 [time 67598 ms] [JavaFX Application Thread] PlayerShip [moveTop Line: 149] - Moving Top
[DEBUG] 2026-08-02 01:21:41 [time 67607 ms] [JavaFX Application Thread] PlayerShip [moveTop Line: 149] - Moving Top
[DEBUG] 2026-08-02 01:21:41 [time 67610 ms] [JavaFX Application Thread] GameController [lambda$setUpKeyEvents$8 Line: 86] - PlayerShip shoot bullet
[DEBUG] 2026-08-02 01:21:41 [time 67616 ms] [JavaFX Application Thread] PlayerShip [moveTop Line: 149] - Moving Top
[DEBUG] 2026-08-02 01:21:41 [time 67624 ms] [JavaFX Application Thread] PlayerShip [moveTop Line: 149] - Moving Top
[DEBUG] 2026-08-02 01:21:41 [time 67632 ms] [JavaFX Application Thread] PlayerShip [moveTop Line: 149] - Moving Top
[DEBUG] 2026-08-02 01:21:41 [time 67641 ms] [JavaFX Application Thread] PlayerShip [moveTop Line: 149] - Moving Top
[DEBUG] 2026-08-02 01:21:41 [time 67649 ms] [JavaFX Application Thread] PlayerShip [moveTop Line: 149] - Moving Top
[DEBUG] 2026-08-02 01:21:41 [time 67657 ms] [JavaFX Application Thread] PlayerShip [moveTop Line: 149] - Moving Top
[DEBUG] 2026-08-02 01:21:41 [time 67666 ms] [JavaFX Application Thread] PlayerShip [moveTop Line: 149] - Moving Top
[DEBUG] 2026-08-02 01:21:41 [time 67674 ms] [JavaFX Application Thread] PlayerShip [moveTop Line: 149] - Moving Top
[DEBUG] 2026-08-02 01:21:41 [time 67682 ms] [JavaFX Application Thread] PlayerShip [moveTop Line: 149] - Moving Top
[DEBUG] 2026-08-02 01:21:41 [time 67691 ms] [JavaFX Application Thread] PlayerShip [moveTop Line: 149] - Moving Top
[DEBUG] 2026-08-02 01:21:41 [time 67699 ms] [JavaFX Application Thread] PlayerShip [moveRight Line: 144] - Moving Right
[DEBUG] 2026-08-02 01:21:41 [time 67699 ms] [JavaFX Application Thread] PlayerShip [moveTop Line: 149] - Moving Top
[DEBUG] 2026-08-02 01:21:41 [time 67707 ms] [JavaFX Application Thread] PlayerShip [moveRight Line: 144] - Moving Right
[DEBUG] 2026-08-02 01:21:41 [time 67708 ms] [JavaFX Application Thread] PlayerShip [moveTop Line: 149] - Moving Top
[DEBUG] 2026-08-02 01:21:41 [time 67715 ms] [JavaFX Application Thread] PlayerShip [moveRight Line: 144] - Moving Right
[DEBUG] 2026-08-02 01:21:41 [time 67716 ms] [JavaFX Application Thread] PlayerShip [moveTop Line: 149] - Moving Top
[DEBUG] 2026-08-02 01:21:41 [time 67724 ms] [JavaFX Application Thread] PlayerShip [moveRight Line: 144] - Moving Right
[DEBUG] 2026-08-02 01:21:41 [time 67724 ms] [JavaFX Application Thread] PlayerShip [moveTop Line: 149] - Moving Top
[DEBUG] 2026-08-02 01:21:41 [time 67732 ms] [JavaFX Application Thread] PlayerShip [moveRight Line: 144] - Moving Right
[DEBUG] 2026-08-02 01:21:41 [time 67732 ms] [JavaFX Application Thread] PlayerShip [moveTop Line: 149] - Moving Top
[DEBUG] 2026-08-02 01:21:41 [time 67740 ms] [JavaFX Application Thread] PlayerShip [moveRight Line: 144] - Moving Right
[DEBUG] 2026-08-02 01:21:41 [time 67740 ms] [JavaFX Application Thread] PlayerShip [moveTop Line: 149] - Moving Top
[DEBUG] 2026-08-02 01:21:41 [time 67749 ms] [JavaFX Application Thread] PlayerShip [moveRight Line: 144] - Moving Right
[DEBUG] 2026-08-02 01:21:41 [time 67757 ms] [JavaFX Application Thread] PlayerShip [moveRight Line: 144] - Moving Right
[DEBUG] 2026-08-02 01:21:41 [time 67766 ms] [JavaFX Application Thread] PlayerShip [moveRight Line: 144] - Moving Right
[DEBUG] 2026-08-02 01:21:41 [time 67774 ms] [JavaFX Application Thread] PlayerShip [moveRight Line: 144] - Moving Right
[DEBUG] 2026-08-02 01:21:41 [time 67782 ms] [JavaFX Application Thread] PlayerShip [moveRight Line: 144] - Moving Right
[DEBUG] 2026-08-02 01:21:41 [time 67792 ms] [JavaFX Application Thread] GameController [lambda$setUpKeyEvents$8 Line: 86] - PlayerShip shoot bullet
[DEBUG] 2026-08-02 01:21:41 [time 67792 ms] [JavaFX Application Thread] PlayerShip [moveRight Line: 144] - Moving Right
[DEBUG] 2026-08-02 01:21:41 [time 67798 ms] [JavaFX Application Thread] PlayerShip [moveRight Line: 144] - Moving Right
[DEBUG] 2026-08-02 01:21:41 [time 67807 ms] [JavaFX Application Thread] PlayerShip [moveRight Line: 144] - Moving Right
[DEBUG] 2026-08-02 01:21:41 [time 67816 ms] [JavaFX Application Thread] PlayerShip [moveRight Line: 144] - Moving Right
[ INFO] 2026-08-02 01:21:41 [time 67824 ms] [JavaFX Application Thread] GameController [updateAndCollidePlayerBullet Line: 360] - Current Score: 14
[DEBUG] 2026-08-02 01:21:41 [time 67827 ms] [JavaFX Application Thread] PlayerShip [moveRight Line: 144] - Moving Right
[DEBUG] 2026-08-02 01:21:41 [time 67832 ms] [JavaFX Application Thread] PlayerShip [moveRight Line: 144] - Moving Right
[DEBUG] 2026-08-02 01:21:41 [time 67841 ms] [JavaFX Application Thread] PlayerShip [moveRight Line: 144] - Moving Right
[DEBUG] 2026-08-02 01:21:41 [time 67849 ms] [JavaFX Application Thread] PlayerShip [moveRight Line: 144] - Moving Right
[DEBUG] 2026-08-02 01:21:41 [time 67857 ms] [JavaFX Application Thread] PlayerShip [moveRight Line: 144] - Moving Right
[DEBUG] 2026-08-02 01:21:41 [time 67866 ms] [JavaFX Application Thread] PlayerShip [moveRight Line: 144] - Moving Right
[DEBUG] 2026-08-02 01:21:41 [time 67874 ms] [JavaFX Application Thread] PlayerShip [moveRight Line: 144] - Moving Right
[DEBUG] 2026-08-02 01:21:41 [time 67916 ms] [JavaFX Application Thread] PlayerShip [moveTop Line: 149] - Moving Top
[DEBUG] 2026-08-02 01:21:41 [time 67924 ms] [JavaFX Application Thread] PlayerShip [moveTop Line: 149] - Moving Top
[DEBUG] 2026-08-02 01:21:41 [time 67932 ms] [JavaFX Application Thread] PlayerShip [moveTop Line: 149] - Moving Top
[DEBUG] 2026-08-02 01:21:41 [time 67941 ms] [JavaFX Application Thread] PlayerShip [moveTop Line: 149] - Moving Top
[DEBUG] 2026-08-02 01:21:41 [time 67949 ms] [JavaFX Application Thread] PlayerShip [moveTop Line: 149] - Moving Top
[DEBUG] 2026-08-02 01:21:41 [time 67957 ms] [JavaFX Application Thread] PlayerShip [moveTop Line: 149] - Moving Top
[DEBUG] 2026-08-02 01:21:41 [time 67965 ms] [JavaFX Application Thread] PlayerShip [moveTop Line: 149] - Moving Top
[DEBUG] 2026-08-02 01:21:41 [time 67968 ms] [JavaFX Application Thread] GameController [lambda$setUpKeyEvents$8 Line: 86] - PlayerShip shoot bullet
[DEBUG] 2026-08-02 01:21:41 [time 67974 ms] [JavaFX Application Thread] PlayerShip [moveTop Line: 149] - Moving Top
[DEBUG] 2026-08-02 01:21:41 [time 67982 ms] [JavaFX Application Thread] PlayerShip [moveTop Line: 149] - Moving Top
[ INFO] 2026-08-02 01:21:41 [time 68016 ms] [JavaFX Application Thread] GameController [updateAndCollidePlayerBullet Line: 353] - Current Score: 16
[DEBUG] 2026-08-02 01:21:41 [time 68216 ms] [JavaFX Application Thread] PlayerShip [moveLeft Line: 139] - Moving Left
[DEBUG] 2026-08-02 01:21:41 [time 68224 ms] [JavaFX Application Thread] PlayerShip [moveLeft Line: 139] - Moving Left
[DEBUG] 2026-08-02 01:21:41 [time 68231 ms] [JavaFX Application Thread] GameController [lambda$addEventListeners$0 Line: 59] - angle: 25.289659883453492, rotatedangle: 115.2896598834535
[DEBUG] 2026-08-02 01:21:41 [time 68232 ms] [JavaFX Application Thread] PlayerShip [moveLeft Line: 139] - Moving Left
[DEBUG] 2026-08-02 01:21:41 [time 68239 ms] [JavaFX Application Thread] GameController [lambda$addEventListeners$0 Line: 59] - angle: 24.85841986339864, rotatedangle: 114.85841986339864
[DEBUG] 2026-08-02 01:21:41 [time 68241 ms] [JavaFX Application Thread] PlayerShip [moveLeft Line: 139] - Moving Left
[DEBUG] 2026-08-02 01:21:41 [time 68247 ms] [JavaFX Application Thread] GameController [lambda$addEventListeners$0 Line: 59] - angle: 24.741643680288906, rotatedangle: 114.7416436802889
[DEBUG] 2026-08-02 01:21:41 [time 68249 ms] [JavaFX Application Thread] PlayerShip [moveLeft Line: 139] - Moving Left
[DEBUG] 2026-08-02 01:21:41 [time 68255 ms] [JavaFX Application Thread] GameController [lambda$addEventListeners$0 Line: 59] - angle: 24.40397168885162, rotatedangle: 114.40397168885161
[DEBUG] 2026-08-02 01:21:41 [time 68257 ms] [JavaFX Application Thread] PlayerShip [moveLeft Line: 139] - Moving Left
[DEBUG] 2026-08-02 01:21:41 [time 68264 ms] [JavaFX Application Thread] GameController [lambda$addEventListeners$0 Line: 59] - angle: 24.23327259745787, rotatedangle: 114.23327259745787
[DEBUG] 2026-08-02 01:21:41 [time 68265 ms] [JavaFX Application Thread] PlayerShip [moveLeft Line: 139] - Moving Left
[DEBUG] 2026-08-02 01:21:41 [time 68272 ms] [JavaFX Application Thread] GameController [lambda$addEventListeners$0 Line: 59] - angle: 23.838740183171723, rotatedangle: 113.83874018317172
[DEBUG] 2026-08-02 01:21:41 [time 68273 ms] [JavaFX Application Thread] PlayerShip [moveLeft Line: 139] - Moving Left
[DEBUG] 2026-08-02 01:21:41 [time 68280 ms] [JavaFX Application Thread] GameController [lambda$addEventListeners$0 Line: 59] - angle: 23.566583425491505, rotatedangle: 113.5665834254915
[DEBUG] 2026-08-02 01:21:41 [time 68282 ms] [JavaFX Application Thread] PlayerShip [moveLeft Line: 139] - Moving Left
[DEBUG] 2026-08-02 01:21:41 [time 68289 ms] [JavaFX Application Thread] GameController [lambda$addEventListeners$0 Line: 59] - angle: 23.230671013942523, rotatedangle: 113.23067101394253
[DEBUG] 2026-08-02 01:21:41 [time 68290 ms] [JavaFX Application Thread] PlayerShip [moveLeft Line: 139] - Moving Left
[DEBUG] 2026-08-02 01:21:41 [time 68297 ms] [JavaFX Application Thread] GameController [lambda$addEventListeners$0 Line: 59] - angle: 22.780145631097703, rotatedangle: 112.7801456310977
[DEBUG] 2026-08-02 01:21:41 [time 68298 ms] [JavaFX Application Thread] PlayerShip [moveLeft Line: 139] - Moving Left
[DEBUG] 2026-08-02 01:21:41 [time 68305 ms] [JavaFX Application Thread] GameController [lambda$addEventListeners$0 Line: 59] - angle: 22.326625117002767, rotatedangle: 112.32662511700276
[DEBUG] 2026-08-02 01:21:41 [time 68307 ms] [JavaFX Application Thread] PlayerShip [moveLeft Line: 139] - Moving Left
[DEBUG] 2026-08-02 01:21:41 [time 68313 ms] [JavaFX Application Thread] GameController [lambda$addEventListeners$0 Line: 59] - angle: 21.847448672516308, rotatedangle: 111.84744867251631
[DEBUG] 2026-08-02 01:21:41 [time 68315 ms] [JavaFX Application Thread] PlayerShip [moveLeft Line: 139] - Moving Left
[DEBUG] 2026-08-02 01:21:41 [time 68322 ms] [JavaFX Application Thread] GameController [lambda$addEventListeners$0 Line: 59] - angle: 21.224781223871208, rotatedangle: 111.2247812238712
[DEBUG] 2026-08-02 01:21:41 [time 68324 ms] [JavaFX Application Thread] PlayerShip [moveLeft Line: 139] - Moving Left
[DEBUG] 2026-08-02 01:21:41 [time 68330 ms] [JavaFX Application Thread] GameController [lambda$addEventListeners$0 Line: 59] - angle: 20.49733956814788, rotatedangle: 110.49733956814788
[DEBUG] 2026-08-02 01:21:41 [time 68332 ms] [JavaFX Application Thread] PlayerShip [moveLeft Line: 139] - Moving Left
[DEBUG] 2026-08-02 01:21:41 [time 68339 ms] [JavaFX Application Thread] GameController [lambda$addEventListeners$0 Line: 59] - angle: 19.74683734605339, rotatedangle: 109.74683734605338
[DEBUG] 2026-08-02 01:21:41 [time 68340 ms] [JavaFX Application Thread] PlayerShip [moveLeft Line: 139] - Moving Left
[DEBUG] 2026-08-02 01:21:41 [time 68347 ms] [JavaFX Application Thread] GameController [lambda$addEventListeners$0 Line: 59] - angle: 18.555911187986997, rotatedangle: 108.555911187987
[DEBUG] 2026-08-02 01:21:41 [time 68349 ms] [JavaFX Application Thread] PlayerShip [moveLeft Line: 139] - Moving Left
[DEBUG] 2026-08-02 01:21:41 [time 68353 ms] [JavaFX Application Thread] GameController [lambda$addEventListeners$0 Line: 59] - angle: 17.49975717429976, rotatedangle: 107.49975717429976
[DEBUG] 2026-08-02 01:21:41 [time 68357 ms] [JavaFX Application Thread] PlayerShip [moveLeft Line: 139] - Moving Left
[DEBUG] 2026-08-02 01:21:41 [time 68361 ms] [JavaFX Application Thread] GameController [lambda$addEventListeners$0 Line: 59] - angle: 16.51354116480035, rotatedangle: 106.51354116480036
[DEBUG] 2026-08-02 01:21:41 [time 68365 ms] [JavaFX Application Thread] PlayerShip [moveLeft Line: 139] - Moving Left
[DEBUG] 2026-08-02 01:21:41 [time 68369 ms] [JavaFX Application Thread] GameController [lambda$addEventListeners$0 Line: 59] - angle: 15.586965286734122, rotatedangle: 105.58696528673413
[DEBUG] 2026-08-02 01:21:41 [time 68374 ms] [JavaFX Application Thread] PlayerShip [moveLeft Line: 139] - Moving Left
[DEBUG] 2026-08-02 01:21:41 [time 68377 ms] [JavaFX Application Thread] GameController [lambda$addEventListeners$0 Line: 59] - angle: 14.98163266848392, rotatedangle: 104.98163266848393
[DEBUG] 2026-08-02 01:21:41 [time 68382 ms] [JavaFX Application Thread] PlayerShip [moveLeft Line: 139] - Moving Left
[DEBUG] 2026-08-02 01:21:41 [time 68386 ms] [JavaFX Application Thread] GameController [lambda$addEventListeners$0 Line: 59] - angle: 14.19399573578108, rotatedangle: 104.19399573578107
[DEBUG] 2026-08-02 01:21:41 [time 68390 ms] [JavaFX Application Thread] PlayerShip [moveLeft Line: 139] - Moving Left
[DEBUG] 2026-08-02 01:21:41 [time 68394 ms] [JavaFX Application Thread] GameController [lambda$addEventListeners$0 Line: 59] - angle: 13.500785021899521, rotatedangle: 103.50078502189952
[DEBUG] 2026-08-02 01:21:41 [time 68399 ms] [JavaFX Application Thread] PlayerShip [moveLeft Line: 139] - Moving Left
[DEBUG] 2026-08-02 01:21:41 [time 68402 ms] [JavaFX Application Thread] GameController [lambda$addEventListeners$0 Line: 59] - angle: 13.210530407571069, rotatedangle: 103.21053040757107
[DEBUG] 2026-08-02 01:21:41 [time 68407 ms] [JavaFX Application Thread] PlayerShip [moveLeft Line: 139] - Moving Left
[DEBUG] 2026-08-02 01:21:41 [time 68410 ms] [JavaFX Application Thread] GameController [lambda$addEventListeners$0 Line: 59] - angle: 12.886008171385624, rotatedangle: 102.88600817138563
[DEBUG] 2026-08-02 01:21:41 [time 68415 ms] [JavaFX Application Thread] PlayerShip [moveLeft Line: 139] - Moving Left
[DEBUG] 2026-08-02 01:21:41 [time 68419 ms] [JavaFX Application Thread] GameController [lambda$addEventListeners$0 Line: 59] - angle: 12.786701477067295, rotatedangle: 102.7867014770673
[DEBUG] 2026-08-02 01:21:41 [time 68424 ms] [JavaFX Application Thread] PlayerShip [moveLeft Line: 139] - Moving Left
[DEBUG] 2026-08-02 01:21:41 [time 68427 ms] [JavaFX Application Thread] GameController [lambda$addEventListeners$0 Line: 59] - angle: 12.657819289942992, rotatedangle: 102.65781928994299
[DEBUG] 2026-08-02 01:21:41 [time 68432 ms] [JavaFX Application Thread] PlayerShip [moveLeft Line: 139] - Moving Left
[DEBUG] 2026-08-02 01:21:41 [time 68436 ms] [JavaFX Application Thread] GameController [lambda$addEventListeners$0 Line: 59] - angle: 12.55755728560616, rotatedangle: 102.55755728560617
[DEBUG] 2026-08-02 01:21:41 [time 68441 ms] [JavaFX Application Thread] PlayerShip [moveLeft Line: 139] - Moving Left
[DEBUG] 2026-08-02 01:21:41 [time 68444 ms] [JavaFX Application Thread] GameController [lambda$addEventListeners$0 Line: 59] - angle: 12.557556298714712, rotatedangle: 102.55755629871472
[DEBUG] 2026-08-02 01:21:42 [time 68449 ms] [JavaFX Application Thread] PlayerShip [moveLeft Line: 139] - Moving Left
[DEBUG] 2026-08-02 01:21:42 [time 68452 ms] [JavaFX Application Thread] GameController [lambda$addEventListeners$0 Line: 59] - angle: 12.42813858693709, rotatedangle: 102.4281385869371
[DEBUG] 2026-08-02 01:21:42 [time 68457 ms] [JavaFX Application Thread] PlayerShip [moveLeft Line: 139] - Moving Left
[DEBUG] 2026-08-02 01:21:42 [time 68460 ms] [JavaFX Application Thread] GameController [lambda$addEventListeners$0 Line: 59] - angle: 12.428136887409373, rotatedangle: 102.42813688740938
[DEBUG] 2026-08-02 01:21:42 [time 68466 ms] [JavaFX Application Thread] PlayerShip [moveLeft Line: 139] - Moving Left
[DEBUG] 2026-08-02 01:21:42 [time 68469 ms] [JavaFX Application Thread] GameController [lambda$addEventListeners$0 Line: 59] - angle: 12.29859041935236, rotatedangle: 102.29859041935237
[DEBUG] 2026-08-02 01:21:42 [time 68473 ms] [JavaFX Application Thread] PlayerShip [moveLeft Line: 139] - Moving Left
[DEBUG] 2026-08-02 01:21:42 [time 68476 ms] [JavaFX Application Thread] GameController [lambda$addEventListeners$0 Line: 59] - angle: 12.168913701589497, rotatedangle: 102.1689137015895
[DEBUG] 2026-08-02 01:21:42 [time 68482 ms] [JavaFX Application Thread] PlayerShip [moveLeft Line: 139] - Moving Left
[DEBUG] 2026-08-02 01:21:42 [time 68485 ms] [JavaFX Application Thread] GameController [lambda$addEventListeners$0 Line: 59] - angle: 12.16891490486678, rotatedangle: 102.16891490486678
[DEBUG] 2026-08-02 01:21:42 [time 68491 ms] [JavaFX Application Thread] PlayerShip [moveLeft Line: 139] - Moving Left
[DEBUG] 2026-08-02 01:21:42 [time 68493 ms] [JavaFX Application Thread] GameController [lambda$addEventListeners$0 Line: 59] - angle: 12.039112690658582, rotatedangle: 102.03911269065858
[DEBUG] 2026-08-02 01:21:42 [time 68499 ms] [JavaFX Application Thread] PlayerShip [moveLeft Line: 139] - Moving Left
[DEBUG] 2026-08-02 01:21:42 [time 68507 ms] [JavaFX Application Thread] PlayerShip [moveLeft Line: 139] - Moving Left
[DEBUG] 2026-08-02 01:21:42 [time 68516 ms] [JavaFX Application Thread] PlayerShip [moveLeft Line: 139] - Moving Left
[DEBUG] 2026-08-02 01:21:42 [time 68524 ms] [JavaFX Application Thread] PlayerShip [moveLeft Line: 139] - Moving Left
[DEBUG] 2026-08-02 01:21:42 [time 68532 ms] [JavaFX Application Thread] PlayerShip [moveLeft Line: 139] - Moving Left
[DEBUG] 2026-08-02 01:21:42 [time 68540 ms] [JavaFX Application Thread] PlayerShip [moveLeft Line: 139] - Moving Left
[DEBUG] 2026-08-02 01:21:42 [time 68549 ms] [JavaFX Application Thread] PlayerShip [moveLeft Line: 139] - Moving Left
[DEBUG] 2026-08-02 01:21:42 [time 68557 ms] [JavaFX Application Thread] PlayerShip [moveLeft Line: 139] - Moving Left
[DEBUG] 2026-08-02 01:21:42 [time 68566 ms] [JavaFX Application Thread] PlayerShip [moveLeft Line: 139] - Moving Left
[DEBUG] 2026-08-02 01:21:42 [time 68574 ms] [JavaFX Application Thread] PlayerShip [moveLeft Line: 139] - Moving Left
[DEBUG] 2026-08-02 01:21:42 [time 68582 ms] [JavaFX Application Thread] PlayerShip [moveLeft Line: 139] - Moving Left
[DEBUG] 2026-08-02 01:21:42 [time 68591 ms] [JavaFX Application Thread] PlayerShip [moveLeft Line: 139] - Moving Left
[DEBUG] 2026-08-02 01:21:42 [time 68599 ms] [JavaFX Application Thread] PlayerShip [moveLeft Line: 139] - Moving Left
[DEBUG] 2026-08-02 01:21:42 [time 68607 ms] [JavaFX Application Thread] PlayerShip [moveLeft Line: 139] - Moving Left
[DEBUG] 2026-08-02 01:21:42 [time 68616 ms] [JavaFX Application Thread] PlayerShip [moveLeft Line: 139] - Moving Left
[DEBUG] 2026-08-02 01:21:42 [time 68623 ms] [JavaFX Application Thread] PlayerShip [moveLeft Line: 139] - Moving Left
[DEBUG] 2026-08-02 01:21:42 [time 68632 ms] [JavaFX Application Thread] PlayerShip [moveLeft Line: 139] - Moving Left
[DEBUG] 2026-08-02 01:21:42 [time 68641 ms] [JavaFX Application Thread] PlayerShip [moveLeft Line: 139] - Moving Left
[DEBUG] 2026-08-02 01:21:42 [time 68649 ms] [JavaFX Application Thread] PlayerShip [moveLeft Line: 139] - Moving Left
[DEBUG] 2026-08-02 01:21:42 [time 68657 ms] [JavaFX Application Thread] PlayerShip [moveLeft Line: 139] - Moving Left
[DEBUG] 2026-08-02 01:21:42 [time 68666 ms] [JavaFX Application Thread] PlayerShip [moveLeft Line: 139] - Moving Left
[DEBUG] 2026-08-02 01:21:42 [time 68674 ms] [JavaFX Application Thread] PlayerShip [moveLeft Line: 139] - Moving Left
[DEBUG] 2026-08-02 01:21:42 [time 68682 ms] [JavaFX Application Thread] PlayerShip [moveLeft Line: 139] - Moving Left
[DEBUG] 2026-08-02 01:21:42 [time 68690 ms] [JavaFX Application Thread] PlayerShip [moveLeft Line: 139] - Moving Left
[DEBUG] 2026-08-02 01:21:42 [time 68699 ms] [JavaFX Application Thread] PlayerShip [moveLeft Line: 139] - Moving Left
[DEBUG] 2026-08-02 01:21:42 [time 68707 ms] [JavaFX Application Thread] PlayerShip [moveLeft Line: 139] - Moving Left
[DEBUG] 2026-08-02 01:21:42 [time 68715 ms] [JavaFX Application Thread] GameController [lambda$addEventListeners$0 Line: 59] - angle: 12.039112089608976, rotatedangle: 102.03911208960898
[DEBUG] 2026-08-02 01:21:42 [time 68716 ms] [JavaFX Application Thread] PlayerShip [moveLeft Line: 139] - Moving Left
[DEBUG] 2026-08-02 01:21:42 [time 68724 ms] [JavaFX Application Thread] GameController [lambda$addEventListeners$0 Line: 59] - angle: 11.518659319544298, rotatedangle: 101.5186593195443
[DEBUG] 2026-08-02 01:21:42 [time 68724 ms] [JavaFX Application Thread] PlayerShip [moveLeft Line: 139] - Moving Left
[DEBUG] 2026-08-02 01:21:42 [time 68731 ms] [JavaFX Application Thread] GameController [lambda$addEventListeners$0 Line: 59] - angle: 10.890575269087787, rotatedangle: 100.89057526908779
[DEBUG] 2026-08-02 01:21:42 [time 68732 ms] [JavaFX Application Thread] PlayerShip [moveLeft Line: 139] - Moving Left
[DEBUG] 2026-08-02 01:21:42 [time 68739 ms] [JavaFX Application Thread] GameController [lambda$addEventListeners$0 Line: 59] - angle: 9.99241443728814, rotatedangle: 99.99241443728815
[DEBUG] 2026-08-02 01:21:42 [time 68740 ms] [JavaFX Application Thread] PlayerShip [moveLeft Line: 139] - Moving Left
[DEBUG] 2026-08-02 01:21:42 [time 68747 ms] [JavaFX Application Thread] GameController [lambda$addEventListeners$0 Line: 59] - angle: 8.972625514010874, rotatedangle: 98.97262551401087
[DEBUG] 2026-08-02 01:21:42 [time 68748 ms] [JavaFX Application Thread] PlayerShip [moveLeft Line: 139] - Moving Left
[DEBUG] 2026-08-02 01:21:42 [time 68756 ms] [JavaFX Application Thread] GameController [lambda$addEventListeners$0 Line: 59] - angle: 7.918395647381236, rotatedangle: 97.91839564738123
[DEBUG] 2026-08-02 01:21:42 [time 68757 ms] [JavaFX Application Thread] PlayerShip [moveLeft Line: 139] - Moving Left
[DEBUG] 2026-08-02 01:21:42 [time 68763 ms] [JavaFX Application Thread] GameController [lambda$addEventListeners$0 Line: 59] - angle: 6.869991742175406, rotatedangle: 96.8699917421754
[DEBUG] 2026-08-02 01:21:42 [time 68765 ms] [JavaFX Application Thread] PlayerShip [moveLeft Line: 139] - Moving Left
[DEBUG] 2026-08-02 01:21:42 [time 68772 ms] [JavaFX Application Thread] GameController [lambda$addEventListeners$0 Line: 59] - angle: 5.6693836179387995, rotatedangle: 95.6693836179388
[DEBUG] 2026-08-02 01:21:42 [time 68774 ms] [JavaFX Application Thread] PlayerShip [moveLeft Line: 139] - Moving Left
[DEBUG] 2026-08-02 01:21:42 [time 68780 ms] [JavaFX Application Thread] GameController [lambda$addEventListeners$0 Line: 59] - angle: 3.341943315671948, rotatedangle: 93.34194331567195
[DEBUG] 2026-08-02 01:21:42 [time 68782 ms] [JavaFX Application Thread] PlayerShip [moveLeft Line: 139] - Moving Left
[DEBUG] 2026-08-02 01:21:42 [time 68789 ms] [JavaFX Application Thread] GameController [lambda$addEventListeners$0 Line: 59] - angle: 1.2636725501818693, rotatedangle: 91.26367255018187
[DEBUG] 2026-08-02 01:21:42 [time 68790 ms] [JavaFX Application Thread] PlayerShip [moveLeft Line: 139] - Moving Left
[DEBUG] 2026-08-02 01:21:42 [time 68797 ms] [JavaFX Application Thread] GameController [lambda$addEventListeners$0 Line: 59] - angle: -0.5658653056285823, rotatedangle: 89.43413469437142
[DEBUG] 2026-08-02 01:21:42 [time 68799 ms] [JavaFX Application Thread] PlayerShip [moveLeft Line: 139] - Moving Left
[DEBUG] 2026-08-02 01:21:42 [time 68805 ms] [JavaFX Application Thread] GameController [lambda$addEventListeners$0 Line: 59] - angle: -2.2792265561613925, rotatedangle: 87.72077344383861
[DEBUG] 2026-08-02 01:21:42 [time 68806 ms] [JavaFX Application Thread] PlayerShip [moveLeft Line: 139] - Moving Left
[DEBUG] 2026-08-02 01:21:42 [time 68813 ms] [JavaFX Application Thread] GameController [lambda$addEventListeners$0 Line: 59] - angle: -3.8712573041113596, rotatedangle: 86.12874269588865
[DEBUG] 2026-08-02 01:21:42 [time 68816 ms] [JavaFX Application Thread] PlayerShip [moveLeft Line: 139] - Moving Left
[DEBUG] 2026-08-02 01:21:42 [time 68820 ms] [JavaFX Application Thread] GameController [lambda$addEventListeners$0 Line: 59] - angle: -4.453744479582451, rotatedangle: 85.54625552041755
[DEBUG] 2026-08-02 01:21:42 [time 68823 ms] [JavaFX Application Thread] PlayerShip [moveLeft Line: 139] - Moving Left
[DEBUG] 2026-08-02 01:21:42 [time 68828 ms] [JavaFX Application Thread] GameController [lambda$addEventListeners$0 Line: 59] - angle: -6.675998563741498, rotatedangle: 83.3240014362585
[DEBUG] 2026-08-02 01:21:42 [time 68832 ms] [JavaFX Application Thread] PlayerShip [moveLeft Line: 139] - Moving Left
[DEBUG] 2026-08-02 01:21:42 [time 68836 ms] [JavaFX Application Thread] GameController [lambda$addEventListeners$0 Line: 59] - angle: -7.758592579205029, rotatedangle: 82.24140742079497
[DEBUG] 2026-08-02 01:21:42 [time 68840 ms] [JavaFX Application Thread] PlayerShip [moveLeft Line: 139] - Moving Left
[DEBUG] 2026-08-02 01:21:42 [time 68845 ms] [JavaFX Application Thread] GameController [lambda$addEventListeners$0 Line: 59] - angle: -8.233712312116506, rotatedangle: 81.76628768788349
[DEBUG] 2026-08-02 01:21:42 [time 68849 ms] [JavaFX Application Thread] PlayerShip [moveLeft Line: 139] - Moving Left
[DEBUG] 2026-08-02 01:21:42 [time 68853 ms] [JavaFX Application Thread] GameController [lambda$addEventListeners$0 Line: 59] - angle: -8.85795869884671, rotatedangle: 81.14204130115328
[DEBUG] 2026-08-02 01:21:42 [time 68857 ms] [JavaFX Application Thread] PlayerShip [moveLeft Line: 139] - Moving Left
[ INFO] 2026-08-02 01:21:42 [time 68857 ms] [JavaFX Application Thread] PlayerShip [updateAndCollidePlayerShip Line: 581] - PlayerShip collided with asteroid
[ INFO] 2026-08-02 01:21:42 [time 68860 ms] [JavaFX Application Thread] PlayerShip [updateAndCollidePlayerShip Line: 673] - Remaining Life: 1
[DEBUG] 2026-08-02 01:21:42 [time 68861 ms] [JavaFX Application Thread] GameController [lambda$addEventListeners$0 Line: 59] - angle: -105.02907599509476, rotatedangle: -15.029075995094757
[DEBUG] 2026-08-02 01:21:42 [time 68866 ms] [JavaFX Application Thread] PlayerShip [moveLeft Line: 139] - Moving Left
[DEBUG] 2026-08-02 01:21:42 [time 68869 ms] [JavaFX Application Thread] GameController [lambda$addEventListeners$0 Line: 59] - angle: -104.51277640435211, rotatedangle: -14.51277640435211
[DEBUG] 2026-08-02 01:21:42 [time 68874 ms] [JavaFX Application Thread] PlayerShip [moveLeft Line: 139] - Moving Left
[DEBUG] 2026-08-02 01:21:42 [time 68878 ms] [JavaFX Application Thread] GameController [lambda$addEventListeners$0 Line: 59] - angle: -103.96334644149641, rotatedangle: -13.963346441496412
[DEBUG] 2026-08-02 01:21:42 [time 68882 ms] [JavaFX Application Thread] PlayerShip [moveLeft Line: 139] - Moving Left
[DEBUG] 2026-08-02 01:21:42 [time 68886 ms] [JavaFX Application Thread] GameController [lambda$addEventListeners$0 Line: 59] - angle: -103.34377264715995, rotatedangle: -13.343772647159952
[DEBUG] 2026-08-02 01:21:42 [time 68890 ms] [JavaFX Application Thread] PlayerShip [moveLeft Line: 139] - Moving Left
[DEBUG] 2026-08-02 01:21:42 [time 68894 ms] [JavaFX Application Thread] GameController [lambda$addEventListeners$0 Line: 59] - angle: -102.72435121311361, rotatedangle: -12.724351213113607
[DEBUG] 2026-08-02 01:21:42 [time 68899 ms] [JavaFX Application Thread] PlayerShip [moveLeft Line: 139] - Moving Left
[DEBUG] 2026-08-02 01:21:42 [time 68901 ms] [JavaFX Application Thread] GameController [lambda$addEventListeners$0 Line: 59] - angle: -101.98953528417357, rotatedangle: -11.98953528417357
[DEBUG] 2026-08-02 01:21:42 [time 68909 ms] [JavaFX Application Thread] GameController [lambda$addEventListeners$0 Line: 59] - angle: -102.10524792815458, rotatedangle: -12.105247928154583
[DEBUG] 2026-08-02 01:21:42 [time 69041 ms] [JavaFX Application Thread] GameController [lambda$setUpKeyEvents$8 Line: 86] - PlayerShip shoot bullet
[ INFO] 2026-08-02 01:21:42 [time 69107 ms] [JavaFX Application Thread] GameController [updateAndCollidePlayerBullet Line: 360] - Current Score: 17
[DEBUG] 2026-08-02 01:21:42 [time 69204 ms] [JavaFX Application Thread] GameController [lambda$setUpKeyEvents$8 Line: 86] - PlayerShip shoot bullet
[DEBUG] 2026-08-02 01:21:42 [time 69249 ms] [JavaFX Application Thread] PlayerShip [moveRight Line: 144] - Moving Right
[DEBUG] 2026-08-02 01:21:42 [time 69257 ms] [JavaFX Application Thread] PlayerShip [moveRight Line: 144] - Moving Right
[DEBUG] 2026-08-02 01:21:42 [time 69265 ms] [JavaFX Application Thread] PlayerShip [moveRight Line: 144] - Moving Right
[DEBUG] 2026-08-02 01:21:42 [time 69273 ms] [JavaFX Application Thread] PlayerShip [moveRight Line: 144] - Moving Right
[DEBUG] 2026-08-02 01:21:42 [time 69282 ms] [JavaFX Application Thread] PlayerShip [moveRight Line: 144] - Moving Right
[DEBUG] 2026-08-02 01:21:42 [time 69291 ms] [JavaFX Application Thread] PlayerShip [moveRight Line: 144] - Moving Right
[DEBUG] 2026-08-02 01:21:42 [time 69299 ms] [JavaFX Application Thread] PlayerShip [moveRight Line: 144] - Moving Right
[DEBUG] 2026-08-02 01:21:42 [time 69307 ms] [JavaFX Application Thread] PlayerShip [moveRight Line: 144] - Moving Right
[DEBUG] 2026-08-02 01:21:42 [time 69316 ms] [JavaFX Application Thread] PlayerShip [moveRight Line: 144] - Moving Right
[DEBUG] 2026-08-02 01:21:42 [time 69324 ms] [JavaFX Application Thread] PlayerShip [moveRight Line: 144] - Moving Right
[DEBUG] 2026-08-02 01:21:42 [time 69332 ms] [JavaFX Application Thread] PlayerShip [moveRight Line: 144] - Moving Right
[ INFO] 2026-08-02 01:21:42 [time 69399 ms] [JavaFX Application Thread] GameController [updateAndCollidePlayerBullet Line: 407] - Current Score: 19
[DEBUG] 2026-08-02 01:21:43 [time 69566 ms] [JavaFX Application Thread] PlayerShip [moveRight Line: 144] - Moving Right
[DEBUG] 2026-08-02 01:21:43 [time 69574 ms] [JavaFX Application Thread] PlayerShip [moveRight Line: 144] - Moving Right
[DEBUG] 2026-08-02 01:21:43 [time 69582 ms] [JavaFX Application Thread] PlayerShip [moveRight Line: 144] - Moving Right
[DEBUG] 2026-08-02 01:21:43 [time 69590 ms] [JavaFX Application Thread] PlayerShip [moveRight Line: 144] - Moving Right
[DEBUG] 2026-08-02 01:21:43 [time 69599 ms] [JavaFX Application Thread] PlayerShip [moveRight Line: 144] - Moving Right
[DEBUG] 2026-08-02 01:21:43 [time 69607 ms] [JavaFX Application Thread] PlayerShip [moveRight Line: 144] - Moving Right
[DEBUG] 2026-08-02 01:21:43 [time 69616 ms] [JavaFX Application Thread] PlayerShip [moveRight Line: 144] - Moving Right
[DEBUG] 2026-08-02 01:21:43 [time 69624 ms] [JavaFX Application Thread] PlayerShip [moveRight Line: 144] - Moving Right
[DEBUG] 2026-08-02 01:21:43 [time 69632 ms] [JavaFX Application Thread] PlayerShip [moveRight Line: 144] - Moving Right
[DEBUG] 2026-08-02 01:21:43 [time 69640 ms] [JavaFX Application Thread] PlayerShip [moveRight Line: 144] - Moving Right
[DEBUG] 2026-08-02 01:21:43 [time 69649 ms] [JavaFX Application Thread] PlayerShip [moveRight Line: 144] - Moving Right
[DEBUG] 2026-08-02 01:21:43 [time 69657 ms] [JavaFX Application Thread] PlayerShip [moveRight Line: 144] - Moving Right
[DEBUG] 2026-08-02 01:21:43 [time 69665 ms] [JavaFX Application Thread] PlayerShip [moveRight Line: 144] - Moving Right
[DEBUG] 2026-08-02 01:21:43 [time 69966 ms] [JavaFX Application Thread] GameController [lambda$setUpKeyEvents$8 Line: 86] - PlayerShip shoot bullet
[ INFO] 2026-08-02 01:21:43 [time 69999 ms] [JavaFX Application Thread] GameController [updateAndCollidePlayerBullet Line: 360] - Current Score: 20
[DEBUG] 2026-08-02 01:21:43 [time 70049 ms] [JavaFX Application Thread] PlayerShip [moveLeft Line: 139] - Moving Left
[DEBUG] 2026-08-02 01:21:43 [time 70057 ms] [JavaFX Application Thread] PlayerShip [moveLeft Line: 139] - Moving Left
[DEBUG] 2026-08-02 01:21:43 [time 70065 ms] [JavaFX Application Thread] PlayerShip [moveLeft Line: 139] - Moving Left
[DEBUG] 2026-08-02 01:21:43 [time 70074 ms] [JavaFX Application Thread] PlayerShip [moveLeft Line: 139] - Moving Left
[DEBUG] 2026-08-02 01:21:43 [time 70082 ms] [JavaFX Application Thread] PlayerShip [moveLeft Line: 139] - Moving Left
[DEBUG] 2026-08-02 01:21:43 [time 70090 ms] [JavaFX Application Thread] PlayerShip [moveLeft Line: 139] - Moving Left
[DEBUG] 2026-08-02 01:21:43 [time 70099 ms] [JavaFX Application Thread] PlayerShip [moveLeft Line: 139] - Moving Left
[DEBUG] 2026-08-02 01:21:43 [time 70107 ms] [JavaFX Application Thread] PlayerShip [moveLeft Line: 139] - Moving Left
[DEBUG] 2026-08-02 01:21:43 [time 70115 ms] [JavaFX Application Thread] PlayerShip [moveLeft Line: 139] - Moving Left
[DEBUG] 2026-08-02 01:21:43 [time 70124 ms] [JavaFX Application Thread] PlayerShip [moveLeft Line: 139] - Moving Left
[DEBUG] 2026-08-02 01:21:43 [time 70132 ms] [JavaFX Application Thread] PlayerShip [moveLeft Line: 139] - Moving Left
[DEBUG] 2026-08-02 01:21:43 [time 70140 ms] [JavaFX Application Thread] PlayerShip [moveLeft Line: 139] - Moving Left
[DEBUG] 2026-08-02 01:21:43 [time 70149 ms] [JavaFX Application Thread] PlayerShip [moveLeft Line: 139] - Moving Left
[DEBUG] 2026-08-02 01:21:43 [time 70157 ms] [JavaFX Application Thread] PlayerShip [moveLeft Line: 139] - Moving Left
[DEBUG] 2026-08-02 01:21:43 [time 70165 ms] [JavaFX Application Thread] PlayerShip [moveLeft Line: 139] - Moving Left
[DEBUG] 2026-08-02 01:21:43 [time 70174 ms] [JavaFX Application Thread] PlayerShip [moveLeft Line: 139] - Moving Left
[DEBUG] 2026-08-02 01:21:43 [time 70182 ms] [JavaFX Application Thread] PlayerShip [moveLeft Line: 139] - Moving Left
[DEBUG] 2026-08-02 01:21:43 [time 70191 ms] [JavaFX Application Thread] PlayerShip [moveLeft Line: 139] - Moving Left
[DEBUG] 2026-08-02 01:21:43 [time 70199 ms] [JavaFX Application Thread] PlayerShip [moveLeft Line: 139] - Moving Left
[DEBUG] 2026-08-02 01:21:43 [time 70207 ms] [JavaFX Application Thread] PlayerShip [moveLeft Line: 139] - Moving Left
[DEBUG] 2026-08-02 01:21:43 [time 70215 ms] [JavaFX Application Thread] PlayerShip [moveLeft Line: 139] - Moving Left
[DEBUG] 2026-08-02 01:21:43 [time 70223 ms] [JavaFX Application Thread] PlayerShip [moveLeft Line: 139] - Moving Left
[DEBUG] 2026-08-02 01:21:43 [time 70232 ms] [JavaFX Application Thread] PlayerShip [moveLeft Line: 139] - Moving Left
[DEBUG] 2026-08-02 01:21:43 [time 70241 ms] [JavaFX Application Thread] PlayerShip [moveLeft Line: 139] - Moving Left
[DEBUG] 2026-08-02 01:21:43 [time 70249 ms] [JavaFX Application Thread] PlayerShip [moveLeft Line: 139] - Moving Left
[DEBUG] 2026-08-02 01:21:43 [time 70257 ms] [JavaFX Application Thread] PlayerShip [moveLeft Line: 139] - Moving Left
[DEBUG] 2026-08-02 01:21:43 [time 70285 ms] [JavaFX Application Thread] GameController [lambda$setUpKeyEvents$8 Line: 86] - PlayerShip shoot bullet
[ INFO] 2026-08-02 01:21:43 [time 70307 ms] [JavaFX Application Thread] GameController [updateAndCollidePlayerBullet Line: 360] - Current Score: 21
[DEBUG] 2026-08-02 01:21:43 [time 70424 ms] [JavaFX Application Thread] PlayerShip [moveLeft Line: 139] - Moving Left
[DEBUG] 2026-08-02 01:21:43 [time 70431 ms] [JavaFX Application Thread] PlayerShip [moveLeft Line: 139] - Moving Left
[DEBUG] 2026-08-02 01:21:43 [time 70440 ms] [JavaFX Application Thread] PlayerShip [moveLeft Line: 139] - Moving Left
[DEBUG] 2026-08-02 01:21:44 [time 70449 ms] [JavaFX Application Thread] PlayerShip [moveLeft Line: 139] - Moving Left
[DEBUG] 2026-08-02 01:21:44 [time 70457 ms] [JavaFX Application Thread] PlayerShip [moveLeft Line: 139] - Moving Left
[DEBUG] 2026-08-02 01:21:44 [time 70465 ms] [JavaFX Application Thread] GameController [lambda$setUpKeyEvents$8 Line: 86] - PlayerShip shoot bullet
[ INFO] 2026-08-02 01:21:44 [time 70466 ms] [JavaFX Application Thread] GameController [updateAndCollidePlayerBullet Line: 360] - Current Score: 22
[DEBUG] 2026-08-02 01:21:44 [time 70469 ms] [JavaFX Application Thread] PlayerShip [moveLeft Line: 139] - Moving Left
[DEBUG] 2026-08-02 01:21:44 [time 70474 ms] [JavaFX Application Thread] PlayerShip [moveLeft Line: 139] - Moving Left
[DEBUG] 2026-08-02 01:21:44 [time 70482 ms] [JavaFX Application Thread] PlayerShip [moveLeft Line: 139] - Moving Left
[DEBUG] 2026-08-02 01:21:44 [time 70491 ms] [JavaFX Application Thread] PlayerShip [moveLeft Line: 139] - Moving Left
[DEBUG] 2026-08-02 01:21:44 [time 70499 ms] [JavaFX Application Thread] PlayerShip [moveLeft Line: 139] - Moving Left
[DEBUG] 2026-08-02 01:21:44 [time 70507 ms] [JavaFX Application Thread] PlayerShip [moveLeft Line: 139] - Moving Left
[DEBUG] 2026-08-02 01:21:44 [time 70516 ms] [JavaFX Application Thread] PlayerShip [moveLeft Line: 139] - Moving Left
[DEBUG] 2026-08-02 01:21:44 [time 70524 ms] [JavaFX Application Thread] PlayerShip [moveLeft Line: 139] - Moving Left
[DEBUG] 2026-08-02 01:21:44 [time 70661 ms] [JavaFX Application Thread] GameController [lambda$setUpKeyEvents$8 Line: 86] - PlayerShip shoot bullet
[DEBUG] 2026-08-02 01:21:44 [time 70749 ms] [JavaFX Application Thread] PlayerShip [moveLeft Line: 139] - Moving Left
[DEBUG] 2026-08-02 01:21:44 [time 70756 ms] [JavaFX Application Thread] PlayerShip [moveLeft Line: 139] - Moving Left
[DEBUG] 2026-08-02 01:21:44 [time 70766 ms] [JavaFX Application Thread] PlayerShip [moveLeft Line: 139] - Moving Left
[DEBUG] 2026-08-02 01:21:44 [time 70774 ms] [JavaFX Application Thread] PlayerShip [moveLeft Line: 139] - Moving Left
[DEBUG] 2026-08-02 01:21:44 [time 70782 ms] [JavaFX Application Thread] PlayerShip [moveLeft Line: 139] - Moving Left
[DEBUG] 2026-08-02 01:21:44 [time 70790 ms] [JavaFX Application Thread] PlayerShip [moveLeft Line: 139] - Moving Left
[DEBUG] 2026-08-02 01:21:44 [time 70799 ms] [JavaFX Application Thread] PlayerShip [moveLeft Line: 139] - Moving Left
[DEBUG] 2026-08-02 01:21:44 [time 70807 ms] [JavaFX Application Thread] PlayerShip [moveLeft Line: 139] - Moving Left
[DEBUG] 2026-08-02 01:21:44 [time 70815 ms] [JavaFX Application Thread] PlayerShip [moveLeft Line: 139] - Moving Left
[DEBUG] 2026-08-02 01:21:44 [time 70824 ms] [JavaFX Application Thread] PlayerShip [moveLeft Line: 139] - Moving Left
[DEBUG] 2026-08-02 01:21:44 [time 70831 ms] [JavaFX Application Thread] PlayerShip [moveLeft Line: 139] - Moving Left
[DEBUG] 2026-08-02 01:21:44 [time 70841 ms] [JavaFX Application Thread] PlayerShip [moveLeft Line: 139] - Moving Left
[ INFO] 2026-08-02 01:21:44 [time 70849 ms] [JavaFX Application Thread] GameController [updateAndCollidePlayerBullet Line: 360] - Current Score: 23
[DEBUG] 2026-08-02 01:21:44 [time 70853 ms] [JavaFX Application Thread] PlayerShip [moveLeft Line: 139] - Moving Left
[DEBUG] 2026-08-02 01:21:44 [time 70857 ms] [JavaFX Application Thread] PlayerShip [moveLeft Line: 139] - Moving Left
[DEBUG] 2026-08-02 01:21:44 [time 70865 ms] [JavaFX Application Thread] PlayerShip [moveLeft Line: 139] - Moving Left
[DEBUG] 2026-08-02 01:21:44 [time 70874 ms] [JavaFX Application Thread] PlayerShip [moveLeft Line: 139] - Moving Left
[DEBUG] 2026-08-02 01:21:44 [time 70882 ms] [JavaFX Application Thread] PlayerShip [moveLeft Line: 139] - Moving Left
[DEBUG] 2026-08-02 01:21:44 [time 70891 ms] [JavaFX Application Thread] PlayerShip [moveLeft Line: 139] - Moving Left
[DEBUG] 2026-08-02 01:21:44 [time 70898 ms] [JavaFX Application Thread] PlayerShip [moveLeft Line: 139] - Moving Left
[DEBUG] 2026-08-02 01:21:44 [time 70906 ms] [JavaFX Application Thread] PlayerShip [moveLeft Line: 139] - Moving Left
[DEBUG] 2026-08-02 01:21:44 [time 70916 ms] [JavaFX Application Thread] PlayerShip [moveLeft Line: 139] - Moving Left
[DEBUG] 2026-08-02 01:21:44 [time 70924 ms] [JavaFX Application Thread] PlayerShip [moveLeft Line: 139] - Moving Left
[DEBUG] 2026-08-02 01:21:44 [time 70932 ms] [JavaFX Application Thread] PlayerShip [moveLeft Line: 139] - Moving Left
[DEBUG] 2026-08-02 01:21:44 [time 70941 ms] [JavaFX Application Thread] PlayerShip [moveLeft Line: 139] - Moving Left
[DEBUG] 2026-08-02 01:21:44 [time 70948 ms] [JavaFX Application Thread] PlayerShip [moveLeft Line: 139] - Moving Left
[DEBUG] 2026-08-02 01:21:44 [time 70957 ms] [JavaFX Application Thread] PlayerShip [moveLeft Line: 139] - Moving Left
[DEBUG] 2026-08-02 01:21:44 [time 70966 ms] [JavaFX Application Thread] PlayerShip [moveLeft Line: 139] - Moving Left
[DEBUG] 2026-08-02 01:21:44 [time 70973 ms] [JavaFX Application Thread] PlayerShip [moveLeft Line: 139] - Moving Left
[DEBUG] 2026-08-02 01:21:44 [time 70982 ms] [JavaFX Application Thread] PlayerShip [moveLeft Line: 139] - Moving Left
[DEBUG] 2026-08-02 01:21:44 [time 71104 ms] [JavaFX Application Thread] GameController [lambda$setUpKeyEvents$8 Line: 86] - PlayerShip shoot bullet
[DEBUG] 2026-08-02 01:21:44 [time 71257 ms] [JavaFX Application Thread] PlayerShip [moveLeft Line: 139] - Moving Left
[DEBUG] 2026-08-02 01:21:44 [time 71265 ms] [JavaFX Application Thread] PlayerShip [moveLeft Line: 139] - Moving Left
[DEBUG] 2026-08-02 01:21:44 [time 71273 ms] [JavaFX Application Thread] PlayerShip [moveLeft Line: 139] - Moving Left
[DEBUG] 2026-08-02 01:21:44 [time 71282 ms] [JavaFX Application Thread] PlayerShip [moveLeft Line: 139] - Moving Left
[DEBUG] 2026-08-02 01:21:44 [time 71290 ms] [JavaFX Application Thread] PlayerShip [moveLeft Line: 139] - Moving Left
[DEBUG] 2026-08-02 01:21:44 [time 71299 ms] [JavaFX Application Thread] PlayerShip [moveLeft Line: 139] - Moving Left
[DEBUG] 2026-08-02 01:21:44 [time 71307 ms] [JavaFX Application Thread] PlayerShip [moveLeft Line: 139] - Moving Left
[DEBUG] 2026-08-02 01:21:44 [time 71315 ms] [JavaFX Application Thread] PlayerShip [moveLeft Line: 139] - Moving Left
[DEBUG] 2026-08-02 01:21:44 [time 71324 ms] [JavaFX Application Thread] GameController [lambda$setUpKeyEvents$8 Line: 86] - PlayerShip shoot bullet
[DEBUG] 2026-08-02 01:21:44 [time 71324 ms] [JavaFX Application Thread] PlayerShip [moveLeft Line: 139] - Moving Left
[DEBUG] 2026-08-02 01:21:44 [time 71332 ms] [JavaFX Application Thread] PlayerShip [moveLeft Line: 139] - Moving Left
[DEBUG] 2026-08-02 01:21:44 [time 71340 ms] [JavaFX Application Thread] PlayerShip [moveLeft Line: 139] - Moving Left
[DEBUG] 2026-08-02 01:21:44 [time 71349 ms] [JavaFX Application Thread] PlayerShip [moveLeft Line: 139] - Moving Left
[DEBUG] 2026-08-02 01:21:44 [time 71357 ms] [JavaFX Application Thread] PlayerShip [moveLeft Line: 139] - Moving Left
[DEBUG] 2026-08-02 01:21:44 [time 71365 ms] [JavaFX Application Thread] PlayerShip [moveLeft Line: 139] - Moving Left
[DEBUG] 2026-08-02 01:21:44 [time 71374 ms] [JavaFX Application Thread] PlayerShip [moveLeft Line: 139] - Moving Left
[DEBUG] 2026-08-02 01:21:44 [time 71382 ms] [JavaFX Application Thread] PlayerShip [moveLeft Line: 139] - Moving Left
[DEBUG] 2026-08-02 01:21:44 [time 71390 ms] [JavaFX Application Thread] PlayerShip [moveLeft Line: 139] - Moving Left
[DEBUG] 2026-08-02 01:21:44 [time 71399 ms] [JavaFX Application Thread] PlayerShip [moveLeft Line: 139] - Moving Left
[DEBUG] 2026-08-02 01:21:44 [time 71407 ms] [JavaFX Application Thread] PlayerShip [moveLeft Line: 139] - Moving Left
[DEBUG] 2026-08-02 01:21:44 [time 71415 ms] [JavaFX Application Thread] PlayerShip [moveLeft Line: 139] - Moving Left
[DEBUG] 2026-08-02 01:21:44 [time 71424 ms] [JavaFX Application Thread] PlayerShip [moveLeft Line: 139] - Moving Left
[DEBUG] 2026-08-02 01:21:45 [time 71570 ms] [JavaFX Application Thread] GameController [lambda$setUpKeyEvents$8 Line: 86] - PlayerShip shoot bullet
[DEBUG] 2026-08-02 01:21:45 [time 71874 ms] [JavaFX Application Thread] GameController [lambda$addEventListeners$0 Line: 59] - angle: -56.63101502452896, rotatedangle: 33.36898497547104
[DEBUG] 2026-08-02 01:21:45 [time 71881 ms] [JavaFX Application Thread] GameController [lambda$addEventListeners$0 Line: 59] - angle: -56.201691342060094, rotatedangle: 33.798308657939906
[DEBUG] 2026-08-02 01:21:45 [time 71896 ms] [JavaFX Application Thread] GameController [lambda$addEventListeners$0 Line: 59] - angle: -55.237377723349425, rotatedangle: 34.762622276650575
[DEBUG] 2026-08-02 01:21:45 [time 71897 ms] [JavaFX Application Thread] GameController [lambda$addEventListeners$0 Line: 59] - angle: -54.14383866491408, rotatedangle: 35.85616133508592
[DEBUG] 2026-08-02 01:21:45 [time 71906 ms] [JavaFX Application Thread] GameController [lambda$addEventListeners$0 Line: 59] - angle: -53.408911842579194, rotatedangle: 36.591088157420806
[DEBUG] 2026-08-02 01:21:45 [time 71907 ms] [JavaFX Application Thread] PlayerShip [moveBottom Line: 154] - Moving Bottom
[DEBUG] 2026-08-02 01:21:45 [time 71914 ms] [JavaFX Application Thread] GameController [lambda$addEventListeners$0 Line: 59] - angle: -52.38789650483389, rotatedangle: 37.61210349516611
[DEBUG] 2026-08-02 01:21:45 [time 71915 ms] [JavaFX Application Thread] PlayerShip [moveBottom Line: 154] - Moving Bottom
[DEBUG] 2026-08-02 01:21:45 [time 71922 ms] [JavaFX Application Thread] GameController [lambda$addEventListeners$0 Line: 59] - angle: -51.317364743327595, rotatedangle: 38.682635256672405
[DEBUG] 2026-08-02 01:21:45 [time 71923 ms] [JavaFX Application Thread] PlayerShip [moveBottom Line: 154] - Moving Bottom
[DEBUG] 2026-08-02 01:21:45 [time 71930 ms] [JavaFX Application Thread] GameController [lambda$addEventListeners$0 Line: 59] - angle: -50.385348965757046, rotatedangle: 39.614651034242954
[DEBUG] 2026-08-02 01:21:45 [time 71932 ms] [JavaFX Application Thread] PlayerShip [moveBottom Line: 154] - Moving Bottom
[DEBUG] 2026-08-02 01:21:45 [time 71939 ms] [JavaFX Application Thread] GameController [lambda$addEventListeners$0 Line: 59] - angle: -49.03132270436334, rotatedangle: 40.96867729563666
[DEBUG] 2026-08-02 01:21:45 [time 71940 ms] [JavaFX Application Thread] PlayerShip [moveBottom Line: 154] - Moving Bottom
[DEBUG] 2026-08-02 01:21:45 [time 71947 ms] [JavaFX Application Thread] GameController [lambda$addEventListeners$0 Line: 59] - angle: -48.260872386856256, rotatedangle: 41.739127613143744
[DEBUG] 2026-08-02 01:21:45 [time 71949 ms] [JavaFX Application Thread] PlayerShip [moveBottom Line: 154] - Moving Bottom
[DEBUG] 2026-08-02 01:21:45 [time 71955 ms] [JavaFX Application Thread] GameController [lambda$addEventListeners$0 Line: 59] - angle: -47.43911654709992, rotatedangle: 42.56088345290008
[DEBUG] 2026-08-02 01:21:45 [time 71956 ms] [JavaFX Application Thread] PlayerShip [moveBottom Line: 154] - Moving Bottom
[DEBUG] 2026-08-02 01:21:45 [time 71963 ms] [JavaFX Application Thread] GameController [lambda$addEventListeners$0 Line: 59] - angle: -46.79364673011177, rotatedangle: 43.20635326988823
[DEBUG] 2026-08-02 01:21:45 [time 71965 ms] [JavaFX Application Thread] PlayerShip [moveBottom Line: 154] - Moving Bottom
[DEBUG] 2026-08-02 01:21:45 [time 71972 ms] [JavaFX Application Thread] GameController [lambda$addEventListeners$0 Line: 59] - angle: -46.23463168510977, rotatedangle: 43.76536831489023
[DEBUG] 2026-08-02 01:21:45 [time 71974 ms] [JavaFX Application Thread] PlayerShip [moveBottom Line: 154] - Moving Bottom
[DEBUG] 2026-08-02 01:21:45 [time 71980 ms] [JavaFX Application Thread] GameController [lambda$addEventListeners$0 Line: 59] - angle: -45.885292857499415, rotatedangle: 44.114707142500585
[DEBUG] 2026-08-02 01:21:45 [time 71981 ms] [JavaFX Application Thread] PlayerShip [moveBottom Line: 154] - Moving Bottom
[DEBUG] 2026-08-02 01:21:45 [time 71988 ms] [JavaFX Application Thread] GameController [lambda$addEventListeners$0 Line: 59] - angle: -45.64664980700764, rotatedangle: 44.35335019299236
[DEBUG] 2026-08-02 01:21:45 [time 71990 ms] [JavaFX Application Thread] PlayerShip [moveBottom Line: 154] - Moving Bottom
[DEBUG] 2026-08-02 01:21:45 [time 71997 ms] [JavaFX Application Thread] GameController [lambda$addEventListeners$0 Line: 59] - angle: -45.66158467769415, rotatedangle: 44.33841532230585
[DEBUG] 2026-08-02 01:21:45 [time 71999 ms] [JavaFX Application Thread] PlayerShip [moveBottom Line: 154] - Moving Bottom
[DEBUG] 2026-08-02 01:21:45 [time 72005 ms] [JavaFX Application Thread] GameController [lambda$addEventListeners$0 Line: 59] - angle: -45.674038942693194, rotatedangle: 44.325961057306806
[DEBUG] 2026-08-02 01:21:45 [time 72007 ms] [JavaFX Application Thread] PlayerShip [moveBottom Line: 154] - Moving Bottom
[DEBUG] 2026-08-02 01:21:45 [time 72013 ms] [JavaFX Application Thread] GameController [lambda$addEventListeners$0 Line: 59] - angle: -45.68696473764788, rotatedangle: 44.31303526235212
[DEBUG] 2026-08-02 01:21:45 [time 72015 ms] [JavaFX Application Thread] PlayerShip [moveBottom Line: 154] - Moving Bottom
[DEBUG] 2026-08-02 01:21:45 [time 72022 ms] [JavaFX Application Thread] GameController [lambda$addEventListeners$0 Line: 59] - angle: -45.69361752785902, rotatedangle: 44.30638247214098
[DEBUG] 2026-08-02 01:21:45 [time 72024 ms] [JavaFX Application Thread] PlayerShip [moveBottom Line: 154] - Moving Bottom
[DEBUG] 2026-08-02 01:21:45 [time 72030 ms] [JavaFX Application Thread] GameController [lambda$addEventListeners$0 Line: 59] - angle: -45.700402512235364, rotatedangle: 44.299597487764636
[DEBUG] 2026-08-02 01:21:45 [time 72032 ms] [JavaFX Application Thread] PlayerShip [moveBottom Line: 154] - Moving Bottom
[DEBUG] 2026-08-02 01:21:45 [time 72038 ms] [JavaFX Application Thread] GameController [lambda$addEventListeners$0 Line: 59] - angle: -46.117820402487446, rotatedangle: 43.882179597512554
[DEBUG] 2026-08-02 01:21:45 [time 72047 ms] [JavaFX Application Thread] GameController [lambda$addEventListeners$0 Line: 59] - angle: -45.714376362039715, rotatedangle: 44.285623637960285
[DEBUG] 2026-08-02 01:21:45 [time 72055 ms] [JavaFX Application Thread] GameController [lambda$addEventListeners$0 Line: 59] - angle: -45.28936796690883, rotatedangle: 44.71063203309117
[DEBUG] 2026-08-02 01:21:45 [time 72061 ms] [JavaFX Application Thread] GameController [lambda$addEventListeners$0 Line: 59] - angle: -44.85271039993608, rotatedangle: 45.14728960006392
[DEBUG] 2026-08-02 01:21:45 [time 72069 ms] [JavaFX Application Thread] GameController [lambda$addEventListeners$0 Line: 59] - angle: -44.703133344410396, rotatedangle: 45.296866655589604
[DEBUG] 2026-08-02 01:21:45 [time 72078 ms] [JavaFX Application Thread] GameController [lambda$addEventListeners$0 Line: 59] - angle: -44.551219471884025, rotatedangle: 45.448780528115975
[DEBUG] 2026-08-02 01:21:45 [time 72086 ms] [JavaFX Application Thread] GameController [lambda$addEventListeners$0 Line: 59] - angle: -44.400063819366, rotatedangle: 45.599936180634
[DEBUG] 2026-08-02 01:21:45 [time 72094 ms] [JavaFX Application Thread] GameController [lambda$addEventListeners$0 Line: 59] - angle: -44.54885681901571, rotatedangle: 45.45114318098429
[DEBUG] 2026-08-02 01:21:45 [time 72102 ms] [JavaFX Application Thread] GameController [lambda$addEventListeners$0 Line: 59] - angle: -44.54648085578382, rotatedangle: 45.45351914421618
[DEBUG] 2026-08-02 01:21:45 [time 72111 ms] [JavaFX Application Thread] GameController [lambda$addEventListeners$0 Line: 59] - angle: -44.54407739408889, rotatedangle: 45.45592260591111
[DEBUG] 2026-08-02 01:21:45 [time 72119 ms] [JavaFX Application Thread] GameController [lambda$addEventListeners$0 Line: 59] - angle: -44.54407504755403, rotatedangle: 45.45592495244597
[DEBUG] 2026-08-02 01:21:45 [time 72309 ms] [JavaFX Application Thread] GameController [lambda$setUpKeyEvents$8 Line: 86] - PlayerShip shoot bullet
[ INFO] 2026-08-02 01:21:46 [time 72449 ms] [JavaFX Application Thread] GameController [updateAndCollidePlayerBullet Line: 353] - Current Score: 25
[DEBUG] 2026-08-02 01:21:46 [time 72478 ms] [JavaFX Application Thread] GameController [lambda$setUpKeyEvents$8 Line: 86] - PlayerShip shoot bullet
[ INFO] 2026-08-02 01:21:46 [time 72532 ms] [JavaFX Application Thread] GameController [updateAndCollidePlayerBullet Line: 360] - Current Score: 26
[DEBUG] 2026-08-02 01:21:46 [time 72557 ms] [JavaFX Application Thread] PlayerShip [moveLeft Line: 139] - Moving Left
[DEBUG] 2026-08-02 01:21:46 [time 72565 ms] [JavaFX Application Thread] PlayerShip [moveLeft Line: 139] - Moving Left
[DEBUG] 2026-08-02 01:21:46 [time 72574 ms] [JavaFX Application Thread] PlayerShip [moveLeft Line: 139] - Moving Left
[DEBUG] 2026-08-02 01:21:46 [time 72582 ms] [JavaFX Application Thread] PlayerShip [moveLeft Line: 139] - Moving Left
[DEBUG] 2026-08-02 01:21:46 [time 72591 ms] [JavaFX Application Thread] PlayerShip [moveLeft Line: 139] - Moving Left
[DEBUG] 2026-08-02 01:21:46 [time 72599 ms] [JavaFX Application Thread] PlayerShip [moveLeft Line: 139] - Moving Left
[DEBUG] 2026-08-02 01:21:46 [time 72607 ms] [JavaFX Application Thread] PlayerShip [moveLeft Line: 139] - Moving Left
[DEBUG] 2026-08-02 01:21:46 [time 72615 ms] [JavaFX Application Thread] PlayerShip [moveLeft Line: 139] - Moving Left
[DEBUG] 2026-08-02 01:21:46 [time 72624 ms] [JavaFX Application Thread] PlayerShip [moveLeft Line: 139] - Moving Left
[DEBUG] 2026-08-02 01:21:46 [time 72632 ms] [JavaFX Application Thread] PlayerShip [moveLeft Line: 139] - Moving Left
[DEBUG] 2026-08-02 01:21:46 [time 72640 ms] [JavaFX Application Thread] PlayerShip [moveLeft Line: 139] - Moving Left
[DEBUG] 2026-08-02 01:21:46 [time 72648 ms] [JavaFX Application Thread] PlayerShip [moveLeft Line: 139] - Moving Left
[DEBUG] 2026-08-02 01:21:46 [time 72657 ms] [JavaFX Application Thread] PlayerShip [moveLeft Line: 139] - Moving Left
[DEBUG] 2026-08-02 01:21:46 [time 72682 ms] [JavaFX Application Thread] PlayerShip [moveBottom Line: 154] - Moving Bottom
[DEBUG] 2026-08-02 01:21:46 [time 72691 ms] [JavaFX Application Thread] PlayerShip [moveBottom Line: 154] - Moving Bottom
[DEBUG] 2026-08-02 01:21:46 [time 72699 ms] [JavaFX Application Thread] PlayerShip [moveBottom Line: 154] - Moving Bottom
[DEBUG] 2026-08-02 01:21:46 [time 72707 ms] [JavaFX Application Thread] PlayerShip [moveBottom Line: 154] - Moving Bottom
[DEBUG] 2026-08-02 01:21:46 [time 72715 ms] [JavaFX Application Thread] PlayerShip [moveBottom Line: 154] - Moving Bottom
[DEBUG] 2026-08-02 01:21:46 [time 72724 ms] [JavaFX Application Thread] PlayerShip [moveBottom Line: 154] - Moving Bottom
[DEBUG] 2026-08-02 01:21:46 [time 72732 ms] [JavaFX Application Thread] PlayerShip [moveBottom Line: 154] - Moving Bottom
[DEBUG] 2026-08-02 01:21:46 [time 72740 ms] [JavaFX Application Thread] PlayerShip [moveBottom Line: 154] - Moving Bottom
[DEBUG] 2026-08-02 01:21:46 [time 72748 ms] [JavaFX Application Thread] PlayerShip [moveBottom Line: 154] - Moving Bottom
[DEBUG] 2026-08-02 01:21:46 [time 72757 ms] [JavaFX Application Thread] PlayerShip [moveBottom Line: 154] - Moving Bottom
[DEBUG] 2026-08-02 01:21:46 [time 72765 ms] [JavaFX Application Thread] PlayerShip [moveBottom Line: 154] - Moving Bottom
[DEBUG] 2026-08-02 01:21:46 [time 72773 ms] [JavaFX Application Thread] PlayerShip [moveBottom Line: 154] - Moving Bottom
[DEBUG] 2026-08-02 01:21:46 [time 72782 ms] [JavaFX Application Thread] PlayerShip [moveBottom Line: 154] - Moving Bottom
[DEBUG] 2026-08-02 01:21:46 [time 72791 ms] [JavaFX Application Thread] PlayerShip [moveBottom Line: 154] - Moving Bottom
[DEBUG] 2026-08-02 01:21:46 [time 72799 ms] [JavaFX Application Thread] PlayerShip [moveBottom Line: 154] - Moving Bottom
[DEBUG] 2026-08-02 01:21:46 [time 72807 ms] [JavaFX Application Thread] PlayerShip [moveBottom Line: 154] - Moving Bottom
[DEBUG] 2026-08-02 01:21:46 [time 72816 ms] [JavaFX Application Thread] PlayerShip [moveBottom Line: 154] - Moving Bottom
[DEBUG] 2026-08-02 01:21:46 [time 72824 ms] [JavaFX Application Thread] PlayerShip [moveBottom Line: 154] - Moving Bottom
[DEBUG] 2026-08-02 01:21:46 [time 72832 ms] [JavaFX Application Thread] PlayerShip [moveBottom Line: 154] - Moving Bottom
[DEBUG] 2026-08-02 01:21:46 [time 72840 ms] [JavaFX Application Thread] PlayerShip [moveBottom Line: 154] - Moving Bottom
[DEBUG] 2026-08-02 01:21:46 [time 72849 ms] [JavaFX Application Thread] PlayerShip [moveBottom Line: 154] - Moving Bottom
[DEBUG] 2026-08-02 01:21:46 [time 72857 ms] [JavaFX Application Thread] GameController [lambda$setUpKeyEvents$8 Line: 86] - PlayerShip shoot bullet
[DEBUG] 2026-08-02 01:21:46 [time 72858 ms] [JavaFX Application Thread] PlayerShip [moveBottom Line: 154] - Moving Bottom
[DEBUG] 2026-08-02 01:21:46 [time 72865 ms] [JavaFX Application Thread] PlayerShip [moveBottom Line: 154] - Moving Bottom
[DEBUG] 2026-08-02 01:21:46 [time 72874 ms] [JavaFX Application Thread] PlayerShip [moveBottom Line: 154] - Moving Bottom
[DEBUG] 2026-08-02 01:21:46 [time 72882 ms] [JavaFX Application Thread] PlayerShip [moveBottom Line: 154] - Moving Bottom
[DEBUG] 2026-08-02 01:21:46 [time 72890 ms] [JavaFX Application Thread] PlayerShip [moveBottom Line: 154] - Moving Bottom
[DEBUG] 2026-08-02 01:21:46 [time 72899 ms] [JavaFX Application Thread] PlayerShip [moveBottom Line: 154] - Moving Bottom
[DEBUG] 2026-08-02 01:21:46 [time 72907 ms] [JavaFX Application Thread] PlayerShip [moveBottom Line: 154] - Moving Bottom
[DEBUG] 2026-08-02 01:21:46 [time 72915 ms] [JavaFX Application Thread] PlayerShip [moveBottom Line: 154] - Moving Bottom
[DEBUG] 2026-08-02 01:21:46 [time 72924 ms] [JavaFX Application Thread] PlayerShip [moveBottom Line: 154] - Moving Bottom
[DEBUG] 2026-08-02 01:21:46 [time 72932 ms] [JavaFX Application Thread] PlayerShip [moveBottom Line: 154] - Moving Bottom
[DEBUG] 2026-08-02 01:21:46 [time 72941 ms] [JavaFX Application Thread] PlayerShip [moveBottom Line: 154] - Moving Bottom
[DEBUG] 2026-08-02 01:21:46 [time 72949 ms] [JavaFX Application Thread] PlayerShip [moveBottom Line: 154] - Moving Bottom
[DEBUG] 2026-08-02 01:21:46 [time 72957 ms] [JavaFX Application Thread] PlayerShip [moveBottom Line: 154] - Moving Bottom
[DEBUG] 2026-08-02 01:21:46 [time 72965 ms] [JavaFX Application Thread] PlayerShip [moveBottom Line: 154] - Moving Bottom
[DEBUG] 2026-08-02 01:21:46 [time 72974 ms] [JavaFX Application Thread] PlayerShip [moveBottom Line: 154] - Moving Bottom
[ INFO] 2026-08-02 01:21:46 [time 72982 ms] [JavaFX Application Thread] GameController [updateAndCollidePlayerBullet Line: 360] - Current Score: 27
[DEBUG] 2026-08-02 01:21:46 [time 72986 ms] [JavaFX Application Thread] PlayerShip [moveBottom Line: 154] - Moving Bottom
[DEBUG] 2026-08-02 01:21:46 [time 72991 ms] [JavaFX Application Thread] PlayerShip [moveBottom Line: 154] - Moving Bottom
[DEBUG] 2026-08-02 01:21:46 [time 72999 ms] [JavaFX Application Thread] PlayerShip [moveBottom Line: 154] - Moving Bottom
[DEBUG] 2026-08-02 01:21:46 [time 73007 ms] [JavaFX Application Thread] PlayerShip [moveBottom Line: 154] - Moving Bottom
[DEBUG] 2026-08-02 01:21:46 [time 73016 ms] [JavaFX Application Thread] PlayerShip [moveBottom Line: 154] - Moving Bottom
[DEBUG] 2026-08-02 01:21:46 [time 73024 ms] [JavaFX Application Thread] PlayerShip [moveBottom Line: 154] - Moving Bottom
[DEBUG] 2026-08-02 01:21:46 [time 73032 ms] [JavaFX Application Thread] PlayerShip [moveBottom Line: 154] - Moving Bottom
[DEBUG] 2026-08-02 01:21:46 [time 73040 ms] [JavaFX Application Thread] PlayerShip [moveBottom Line: 154] - Moving Bottom
[DEBUG] 2026-08-02 01:21:46 [time 73043 ms] [JavaFX Application Thread] GameController [lambda$setUpKeyEvents$8 Line: 86] - PlayerShip shoot bullet
[DEBUG] 2026-08-02 01:21:46 [time 73049 ms] [JavaFX Application Thread] PlayerShip [moveBottom Line: 154] - Moving Bottom
[DEBUG] 2026-08-02 01:21:46 [time 73057 ms] [JavaFX Application Thread] PlayerShip [moveBottom Line: 154] - Moving Bottom
[DEBUG] 2026-08-02 01:21:46 [time 73065 ms] [JavaFX Application Thread] PlayerShip [moveBottom Line: 154] - Moving Bottom
[DEBUG] 2026-08-02 01:21:46 [time 73074 ms] [JavaFX Application Thread] PlayerShip [moveBottom Line: 154] - Moving Bottom
[DEBUG] 2026-08-02 01:21:46 [time 73082 ms] [JavaFX Application Thread] PlayerShip [moveBottom Line: 154] - Moving Bottom
[DEBUG] 2026-08-02 01:21:46 [time 73090 ms] [JavaFX Application Thread] PlayerShip [moveBottom Line: 154] - Moving Bottom
[DEBUG] 2026-08-02 01:21:46 [time 73099 ms] [JavaFX Application Thread] PlayerShip [moveBottom Line: 154] - Moving Bottom
[ INFO] 2026-08-02 01:21:46 [time 73107 ms] [JavaFX Application Thread] GameController [updateAndCollidePlayerBullet Line: 360] - Current Score: 28
[DEBUG] 2026-08-02 01:21:46 [time 73108 ms] [JavaFX Application Thread] PlayerShip [moveBottom Line: 154] - Moving Bottom
[DEBUG] 2026-08-02 01:21:46 [time 73115 ms] [JavaFX Application Thread] PlayerShip [moveBottom Line: 154] - Moving Bottom
[DEBUG] 2026-08-02 01:21:46 [time 73124 ms] [JavaFX Application Thread] PlayerShip [moveBottom Line: 154] - Moving Bottom
[DEBUG] 2026-08-02 01:21:46 [time 73132 ms] [JavaFX Application Thread] PlayerShip [moveBottom Line: 154] - Moving Bottom
[DEBUG] 2026-08-02 01:21:46 [time 73140 ms] [JavaFX Application Thread] PlayerShip [moveBottom Line: 154] - Moving Bottom
[DEBUG] 2026-08-02 01:21:46 [time 73149 ms] [JavaFX Application Thread] PlayerShip [moveBottom Line: 154] - Moving Bottom
[DEBUG] 2026-08-02 01:21:46 [time 73157 ms] [JavaFX Application Thread] PlayerShip [moveBottom Line: 154] - Moving Bottom
[DEBUG] 2026-08-02 01:21:46 [time 73165 ms] [JavaFX Application Thread] PlayerShip [moveBottom Line: 154] - Moving Bottom
[DEBUG] 2026-08-02 01:21:46 [time 73174 ms] [JavaFX Application Thread] PlayerShip [moveBottom Line: 154] - Moving Bottom
[DEBUG] 2026-08-02 01:21:46 [time 73182 ms] [JavaFX Application Thread] PlayerShip [moveBottom Line: 154] - Moving Bottom
[DEBUG] 2026-08-02 01:21:46 [time 73215 ms] [JavaFX Application Thread] GameController [lambda$setUpKeyEvents$8 Line: 86] - PlayerShip shoot bullet
[ INFO] 2026-08-02 01:21:46 [time 73390 ms] [JavaFX Application Thread] GameController [updateAndCollidePlayerBullet Line: 360] - Current Score: 29
[DEBUG] 2026-08-02 01:21:46 [time 73396 ms] [JavaFX Application Thread] GameController [lambda$setUpKeyEvents$8 Line: 86] - PlayerShip shoot bullet
[DEBUG] 2026-08-02 01:21:47 [time 73583 ms] [JavaFX Application Thread] GameController [lambda$setUpKeyEvents$8 Line: 86] - PlayerShip shoot bullet
[DEBUG] 2026-08-02 01:21:47 [time 73773 ms] [JavaFX Application Thread] GameController [lambda$setUpKeyEvents$8 Line: 86] - PlayerShip shoot bullet
[ INFO] 2026-08-02 01:21:47 [time 73916 ms] [JavaFX Application Thread] GameController [updateAndCollidePlayerBullet Line: 353] - Current Score: 31
[DEBUG] 2026-08-02 01:21:47 [time 73969 ms] [JavaFX Application Thread] GameController [lambda$setUpKeyEvents$8 Line: 86] - PlayerShip shoot bullet
[ INFO] 2026-08-02 01:21:47 [time 74041 ms] [JavaFX Application Thread] GameController [updateAndCollidePlayerBullet Line: 360] - Current Score: 32
[ INFO] 2026-08-02 01:21:47 [time 74073 ms] [JavaFX Application Thread] GameController [updateAndCollidePlayerBullet Line: 360] - Current Score: 33
[DEBUG] 2026-08-02 01:21:47 [time 74108 ms] [JavaFX Application Thread] PlayerShip [moveTop Line: 149] - Moving Top
[DEBUG] 2026-08-02 01:21:47 [time 74115 ms] [JavaFX Application Thread] PlayerShip [moveTop Line: 149] - Moving Top
[DEBUG] 2026-08-02 01:21:47 [time 74123 ms] [JavaFX Application Thread] PlayerShip [moveTop Line: 149] - Moving Top
[DEBUG] 2026-08-02 01:21:47 [time 74131 ms] [JavaFX Application Thread] PlayerShip [moveLeft Line: 139] - Moving Left
[DEBUG] 2026-08-02 01:21:47 [time 74131 ms] [JavaFX Application Thread] PlayerShip [moveTop Line: 149] - Moving Top
[DEBUG] 2026-08-02 01:21:47 [time 74141 ms] [JavaFX Application Thread] PlayerShip [moveLeft Line: 139] - Moving Left
[DEBUG] 2026-08-02 01:21:47 [time 74141 ms] [JavaFX Application Thread] PlayerShip [moveTop Line: 149] - Moving Top
[DEBUG] 2026-08-02 01:21:47 [time 74149 ms] [JavaFX Application Thread] PlayerShip [moveLeft Line: 139] - Moving Left
[DEBUG] 2026-08-02 01:21:47 [time 74149 ms] [JavaFX Application Thread] PlayerShip [moveTop Line: 149] - Moving Top
[DEBUG] 2026-08-02 01:21:47 [time 74157 ms] [JavaFX Application Thread] PlayerShip [moveLeft Line: 139] - Moving Left
[DEBUG] 2026-08-02 01:21:47 [time 74157 ms] [JavaFX Application Thread] PlayerShip [moveTop Line: 149] - Moving Top
[DEBUG] 2026-08-02 01:21:47 [time 74165 ms] [JavaFX Application Thread] PlayerShip [moveLeft Line: 139] - Moving Left
[DEBUG] 2026-08-02 01:21:47 [time 74166 ms] [JavaFX Application Thread] PlayerShip [moveTop Line: 149] - Moving Top
[DEBUG] 2026-08-02 01:21:47 [time 74174 ms] [JavaFX Application Thread] PlayerShip [moveLeft Line: 139] - Moving Left
[DEBUG] 2026-08-02 01:21:47 [time 74174 ms] [JavaFX Application Thread] PlayerShip [moveTop Line: 149] - Moving Top
[ INFO] 2026-08-02 01:21:47 [time 74182 ms] [JavaFX Application Thread] GameController [updateAndCollidePlayerBullet Line: 360] - Current Score: 34
[DEBUG] 2026-08-02 01:21:47 [time 74185 ms] [JavaFX Application Thread] PlayerShip [moveLeft Line: 139] - Moving Left
[DEBUG] 2026-08-02 01:21:47 [time 74186 ms] [JavaFX Application Thread] PlayerShip [moveTop Line: 149] - Moving Top
[DEBUG] 2026-08-02 01:21:47 [time 74191 ms] [JavaFX Application Thread] PlayerShip [moveLeft Line: 139] - Moving Left
[DEBUG] 2026-08-02 01:21:47 [time 74191 ms] [JavaFX Application Thread] PlayerShip [moveTop Line: 149] - Moving Top
[DEBUG] 2026-08-02 01:21:47 [time 74198 ms] [JavaFX Application Thread] PlayerShip [moveLeft Line: 139] - Moving Left
[DEBUG] 2026-08-02 01:21:47 [time 74198 ms] [JavaFX Application Thread] PlayerShip [moveTop Line: 149] - Moving Top
[DEBUG] 2026-08-02 01:21:47 [time 74209 ms] [JavaFX Application Thread] GameController [lambda$setUpKeyEvents$8 Line: 86] - PlayerShip shoot bullet
[DEBUG] 2026-08-02 01:21:47 [time 74209 ms] [JavaFX Application Thread] PlayerShip [moveLeft Line: 139] - Moving Left
[DEBUG] 2026-08-02 01:21:47 [time 74209 ms] [JavaFX Application Thread] PlayerShip [moveTop Line: 149] - Moving Top
[DEBUG] 2026-08-02 01:21:47 [time 74215 ms] [JavaFX Application Thread] PlayerShip [moveLeft Line: 139] - Moving Left
[DEBUG] 2026-08-02 01:21:47 [time 74215 ms] [JavaFX Application Thread] PlayerShip [moveTop Line: 149] - Moving Top
[DEBUG] 2026-08-02 01:21:47 [time 74224 ms] [JavaFX Application Thread] PlayerShip [moveLeft Line: 139] - Moving Left
[DEBUG] 2026-08-02 01:21:47 [time 74224 ms] [JavaFX Application Thread] PlayerShip [moveTop Line: 149] - Moving Top
[DEBUG] 2026-08-02 01:21:47 [time 74232 ms] [JavaFX Application Thread] PlayerShip [moveLeft Line: 139] - Moving Left
[DEBUG] 2026-08-02 01:21:47 [time 74232 ms] [JavaFX Application Thread] PlayerShip [moveTop Line: 149] - Moving Top
[DEBUG] 2026-08-02 01:21:47 [time 74240 ms] [JavaFX Application Thread] PlayerShip [moveLeft Line: 139] - Moving Left
[DEBUG] 2026-08-02 01:21:47 [time 74240 ms] [JavaFX Application Thread] PlayerShip [moveTop Line: 149] - Moving Top
[DEBUG] 2026-08-02 01:21:47 [time 74248 ms] [JavaFX Application Thread] PlayerShip [moveLeft Line: 139] - Moving Left
[DEBUG] 2026-08-02 01:21:47 [time 74248 ms] [JavaFX Application Thread] PlayerShip [moveTop Line: 149] - Moving Top
[DEBUG] 2026-08-02 01:21:47 [time 74257 ms] [JavaFX Application Thread] PlayerShip [moveLeft Line: 139] - Moving Left
[DEBUG] 2026-08-02 01:21:47 [time 74257 ms] [JavaFX Application Thread] PlayerShip [moveTop Line: 149] - Moving Top
[DEBUG] 2026-08-02 01:21:47 [time 74265 ms] [JavaFX Application Thread] PlayerShip [moveLeft Line: 139] - Moving Left
[DEBUG] 2026-08-02 01:21:47 [time 74265 ms] [JavaFX Application Thread] PlayerShip [moveTop Line: 149] - Moving Top
[DEBUG] 2026-08-02 01:21:47 [time 74273 ms] [JavaFX Application Thread] PlayerShip [moveLeft Line: 139] - Moving Left
[DEBUG] 2026-08-02 01:21:47 [time 74273 ms] [JavaFX Application Thread] PlayerShip [moveTop Line: 149] - Moving Top
[DEBUG] 2026-08-02 01:21:47 [time 74282 ms] [JavaFX Application Thread] PlayerShip [moveLeft Line: 139] - Moving Left
[DEBUG] 2026-08-02 01:21:47 [time 74282 ms] [JavaFX Application Thread] PlayerShip [moveTop Line: 149] - Moving Top
[DEBUG] 2026-08-02 01:21:47 [time 74291 ms] [JavaFX Application Thread] PlayerShip [moveLeft Line: 139] - Moving Left
[DEBUG] 2026-08-02 01:21:47 [time 74291 ms] [JavaFX Application Thread] PlayerShip [moveTop Line: 149] - Moving Top
[DEBUG] 2026-08-02 01:21:47 [time 74298 ms] [JavaFX Application Thread] PlayerShip [moveLeft Line: 139] - Moving Left
[DEBUG] 2026-08-02 01:21:47 [time 74298 ms] [JavaFX Application Thread] PlayerShip [moveTop Line: 149] - Moving Top
[DEBUG] 2026-08-02 01:21:47 [time 74307 ms] [JavaFX Application Thread] PlayerShip [moveLeft Line: 139] - Moving Left
[DEBUG] 2026-08-02 01:21:47 [time 74308 ms] [JavaFX Application Thread] PlayerShip [moveTop Line: 149] - Moving Top
[DEBUG] 2026-08-02 01:21:47 [time 74316 ms] [JavaFX Application Thread] PlayerShip [moveLeft Line: 139] - Moving Left
[DEBUG] 2026-08-02 01:21:47 [time 74316 ms] [JavaFX Application Thread] PlayerShip [moveTop Line: 149] - Moving Top
[DEBUG] 2026-08-02 01:21:47 [time 74324 ms] [JavaFX Application Thread] PlayerShip [moveTop Line: 149] - Moving Top
[DEBUG] 2026-08-02 01:21:47 [time 74331 ms] [JavaFX Application Thread] PlayerShip [moveTop Line: 149] - Moving Top
[DEBUG] 2026-08-02 01:21:47 [time 74341 ms] [JavaFX Application Thread] PlayerShip [moveTop Line: 149] - Moving Top
[DEBUG] 2026-08-02 01:21:47 [time 74349 ms] [JavaFX Application Thread] PlayerShip [moveTop Line: 149] - Moving Top
[DEBUG] 2026-08-02 01:21:47 [time 74357 ms] [JavaFX Application Thread] PlayerShip [moveTop Line: 149] - Moving Top
[DEBUG] 2026-08-02 01:21:47 [time 74366 ms] [JavaFX Application Thread] PlayerShip [moveTop Line: 149] - Moving Top
[DEBUG] 2026-08-02 01:21:47 [time 74374 ms] [JavaFX Application Thread] PlayerShip [moveTop Line: 149] - Moving Top
[DEBUG] 2026-08-02 01:21:47 [time 74378 ms] [JavaFX Application Thread] GameController [lambda$setUpKeyEvents$8 Line: 86] - PlayerShip shoot bullet
[DEBUG] 2026-08-02 01:21:48 [time 74557 ms] [JavaFX Application Thread] GameController [lambda$setUpKeyEvents$8 Line: 86] - PlayerShip shoot bullet
[ INFO] 2026-08-02 01:21:48 [time 74565 ms] [JavaFX Application Thread] GameController [updateAndCollidePlayerBullet Line: 360] - Current Score: 35
[ INFO] 2026-08-02 01:21:48 [time 74567 ms] [JavaFX Application Thread] GameController [updateAndCollidePlayerBullet Line: 353] - Current Score: 37
[DEBUG] 2026-08-02 01:21:48 [time 74757 ms] [JavaFX Application Thread] PlayerShip [moveRight Line: 144] - Moving Right
[DEBUG] 2026-08-02 01:21:48 [time 74765 ms] [JavaFX Application Thread] PlayerShip [moveRight Line: 144] - Moving Right
[DEBUG] 2026-08-02 01:21:48 [time 74774 ms] [JavaFX Application Thread] PlayerShip [moveRight Line: 144] - Moving Right
[DEBUG] 2026-08-02 01:21:48 [time 74782 ms] [JavaFX Application Thread] GameController [lambda$setUpKeyEvents$8 Line: 86] - PlayerShip shoot bullet
[DEBUG] 2026-08-02 01:21:48 [time 74782 ms] [JavaFX Application Thread] PlayerShip [moveRight Line: 144] - Moving Right
[DEBUG] 2026-08-02 01:21:48 [time 74790 ms] [JavaFX Application Thread] PlayerShip [moveRight Line: 144] - Moving Right
[DEBUG] 2026-08-02 01:21:48 [time 74799 ms] [JavaFX Application Thread] PlayerShip [moveRight Line: 144] - Moving Right
[DEBUG] 2026-08-02 01:21:48 [time 74807 ms] [JavaFX Application Thread] PlayerShip [moveRight Line: 144] - Moving Right
[DEBUG] 2026-08-02 01:21:48 [time 74815 ms] [JavaFX Application Thread] PlayerShip [moveRight Line: 144] - Moving Right
[DEBUG] 2026-08-02 01:21:48 [time 74824 ms] [JavaFX Application Thread] PlayerShip [moveRight Line: 144] - Moving Right
[DEBUG] 2026-08-02 01:21:48 [time 74832 ms] [JavaFX Application Thread] PlayerShip [moveRight Line: 144] - Moving Right
[DEBUG] 2026-08-02 01:21:48 [time 74840 ms] [JavaFX Application Thread] PlayerShip [moveRight Line: 144] - Moving Right
[DEBUG] 2026-08-02 01:21:48 [time 74849 ms] [JavaFX Application Thread] PlayerShip [moveRight Line: 144] - Moving Right
[DEBUG] 2026-08-02 01:21:48 [time 74857 ms] [JavaFX Application Thread] PlayerShip [moveRight Line: 144] - Moving Right
[ INFO] 2026-08-02 01:21:48 [time 74966 ms] [JavaFX Application Thread] GameController [updateAndCollidePlayerBullet Line: 360] - Current Score: 38
[ INFO] 2026-08-02 01:21:48 [time 74999 ms] [JavaFX Application Thread] GameController [updateAndCollidePlayerBullet Line: 360] - Current Score: 39
[DEBUG] 2026-08-02 01:21:48 [time 75008 ms] [JavaFX Application Thread] GameController [lambda$addEventListeners$0 Line: 59] - angle: -51.858299362599915, rotatedangle: 38.141700637400085
[DEBUG] 2026-08-02 01:21:48 [time 75017 ms] [JavaFX Application Thread] GameController [lambda$addEventListeners$0 Line: 59] - angle: -51.44785039111339, rotatedangle: 38.55214960888661
[DEBUG] 2026-08-02 01:21:48 [time 75025 ms] [JavaFX Application Thread] GameController [lambda$addEventListeners$0 Line: 59] - angle: -51.25403265779504, rotatedangle: 38.74596734220496
[DEBUG] 2026-08-02 01:21:48 [time 75034 ms] [JavaFX Application Thread] GameController [lambda$addEventListeners$0 Line: 59] - angle: -50.75907798359046, rotatedangle: 39.24092201640954
[DEBUG] 2026-08-02 01:21:48 [time 75041 ms] [JavaFX Application Thread] GameController [lambda$addEventListeners$0 Line: 59] - angle: -50.37099644279797, rotatedangle: 39.62900355720203
[DEBUG] 2026-08-02 01:21:48 [time 75049 ms] [JavaFX Application Thread] GameController [lambda$addEventListeners$0 Line: 59] - angle: -50.176765482754526, rotatedangle: 39.823234517245474
[DEBUG] 2026-08-02 01:21:48 [time 75058 ms] [JavaFX Application Thread] GameController [lambda$addEventListeners$0 Line: 59] - angle: -49.876908043280466, rotatedangle: 40.123091956719534
[DEBUG] 2026-08-02 01:21:48 [time 75066 ms] [JavaFX Application Thread] GameController [lambda$addEventListeners$0 Line: 59] - angle: -49.59338309742308, rotatedangle: 40.40661690257692
[DEBUG] 2026-08-02 01:21:48 [time 75074 ms] [JavaFX Application Thread] GameController [lambda$addEventListeners$0 Line: 59] - angle: -49.48841900221866, rotatedangle: 40.51158099778134
[DEBUG] 2026-08-02 01:21:48 [time 75082 ms] [JavaFX Application Thread] GameController [lambda$addEventListeners$0 Line: 59] - angle: -49.48841313688098, rotatedangle: 40.51158686311902
[DEBUG] 2026-08-02 01:21:48 [time 75090 ms] [JavaFX Application Thread] GameController [lambda$addEventListeners$0 Line: 59] - angle: -49.39870084082048, rotatedangle: 40.60129915917952
[DEBUG] 2026-08-02 01:21:48 [time 75098 ms] [JavaFX Application Thread] GameController [lambda$addEventListeners$0 Line: 59] - angle: -49.39870398360065, rotatedangle: 40.60129601639935
[DEBUG] 2026-08-02 01:21:48 [time 75114 ms] [JavaFX Application Thread] GameController [lambda$addEventListeners$0 Line: 59] - angle: -49.39870398360065, rotatedangle: 40.60129601639935
[DEBUG] 2026-08-02 01:21:48 [time 75123 ms] [JavaFX Application Thread] GameController [lambda$addEventListeners$0 Line: 59] - angle: -49.20392305097115, rotatedangle: 40.79607694902885
[DEBUG] 2026-08-02 01:21:48 [time 75182 ms] [JavaFX Application Thread] GameController [lambda$setUpKeyEvents$8 Line: 86] - PlayerShip shoot bullet
[ INFO] 2026-08-02 01:21:48 [time 75365 ms] [JavaFX Application Thread] GameController [updateAndCollidePlayerBullet Line: 360] - Current Score: 40
[DEBUG] 2026-08-02 01:21:49 [time 75673 ms] [JavaFX Application Thread] GameController [lambda$addEventListeners$0 Line: 59] - angle: -49.11350650239825, rotatedangle: 40.88649349760175
[DEBUG] 2026-08-02 01:21:49 [time 75681 ms] [JavaFX Application Thread] GameController [lambda$addEventListeners$0 Line: 59] - angle: -48.09674980439892, rotatedangle: 41.90325019560108
[DEBUG] 2026-08-02 01:21:49 [time 75688 ms] [JavaFX Application Thread] GameController [lambda$addEventListeners$0 Line: 59] - angle: -47.03813520276911, rotatedangle: 42.96186479723089
[DEBUG] 2026-08-02 01:21:49 [time 75697 ms] [JavaFX Application Thread] GameController [lambda$addEventListeners$0 Line: 59] - angle: -45.93239365887156, rotatedangle: 44.06760634112844
[DEBUG] 2026-08-02 01:21:49 [time 75705 ms] [JavaFX Application Thread] GameController [lambda$addEventListeners$0 Line: 59] - angle: -44.78857863615947, rotatedangle: 45.21142136384053
[DEBUG] 2026-08-02 01:21:49 [time 75714 ms] [JavaFX Application Thread] GameController [lambda$addEventListeners$0 Line: 59] - angle: -43.81770167048963, rotatedangle: 46.18229832951037
[DEBUG] 2026-08-02 01:21:49 [time 75722 ms] [JavaFX Application Thread] GameController [lambda$addEventListeners$0 Line: 59] - angle: -42.9273456728678, rotatedangle: 47.0726543271322
[DEBUG] 2026-08-02 01:21:49 [time 75730 ms] [JavaFX Application Thread] GameController [lambda$addEventListeners$0 Line: 59] - angle: -38.71114619536702, rotatedangle: 51.28885380463298
[DEBUG] 2026-08-02 01:21:49 [time 75738 ms] [JavaFX Application Thread] GameController [lambda$addEventListeners$0 Line: 59] - angle: -37.538038549502616, rotatedangle: 52.461961450497384
[DEBUG] 2026-08-02 01:21:49 [time 75747 ms] [JavaFX Application Thread] GameController [lambda$addEventListeners$0 Line: 59] - angle: -35.317083396732855, rotatedangle: 54.682916603267145
[DEBUG] 2026-08-02 01:21:49 [time 75755 ms] [JavaFX Application Thread] GameController [lambda$addEventListeners$0 Line: 59] - angle: -33.83838056256747, rotatedangle: 56.16161943743253
[DEBUG] 2026-08-02 01:21:49 [time 75763 ms] [JavaFX Application Thread] GameController [lambda$addEventListeners$0 Line: 59] - angle: -32.161185347230926, rotatedangle: 57.838814652769074
[DEBUG] 2026-08-02 01:21:49 [time 75769 ms] [JavaFX Application Thread] GameController [lambda$addEventListeners$0 Line: 59] - angle: -31.887286298385938, rotatedangle: 58.11271370161406
[DEBUG] 2026-08-02 01:21:49 [time 75778 ms] [JavaFX Application Thread] GameController [lambda$addEventListeners$0 Line: 59] - angle: -31.286729902586984, rotatedangle: 58.713270097413016
[DEBUG] 2026-08-02 01:21:49 [time 75786 ms] [JavaFX Application Thread] GameController [lambda$addEventListeners$0 Line: 59] - angle: -30.504342870948417, rotatedangle: 59.49565712905158
[DEBUG] 2026-08-02 01:21:49 [time 75794 ms] [JavaFX Application Thread] GameController [lambda$addEventListeners$0 Line: 59] - angle: -30.20074118278959, rotatedangle: 59.799258817210415
[DEBUG] 2026-08-02 01:21:49 [time 75802 ms] [JavaFX Application Thread] GameController [lambda$addEventListeners$0 Line: 59] - angle: -30.059690477384567, rotatedangle: 59.940309522615436
[DEBUG] 2026-08-02 01:21:49 [time 75810 ms] [JavaFX Application Thread] GameController [lambda$addEventListeners$0 Line: 59] - angle: -29.988171422897064, rotatedangle: 60.01182857710293
[DEBUG] 2026-08-02 01:21:49 [time 75819 ms] [JavaFX Application Thread] GameController [lambda$addEventListeners$0 Line: 59] - angle: -29.91598555696229, rotatedangle: 60.08401444303771
[DEBUG] 2026-08-02 01:21:49 [time 75827 ms] [JavaFX Application Thread] GameController [lambda$addEventListeners$0 Line: 59] - angle: -29.596569374018987, rotatedangle: 60.40343062598102
[DEBUG] 2026-08-02 01:21:49 [time 75835 ms] [JavaFX Application Thread] GameController [lambda$addEventListeners$0 Line: 59] - angle: -28.397887561246694, rotatedangle: 61.60211243875331
[DEBUG] 2026-08-02 01:21:49 [time 75843 ms] [JavaFX Application Thread] GameController [lambda$addEventListeners$0 Line: 59] - angle: -26.09153909094736, rotatedangle: 63.908460909052636
[DEBUG] 2026-08-02 01:21:49 [time 75852 ms] [JavaFX Application Thread] GameController [lambda$addEventListeners$0 Line: 59] - angle: -23.829442371932654, rotatedangle: 66.17055762806734
[DEBUG] 2026-08-02 01:21:49 [time 75859 ms] [JavaFX Application Thread] GameController [lambda$addEventListeners$0 Line: 59] - angle: -18.36177556657436, rotatedangle: 71.63822443342565
[DEBUG] 2026-08-02 01:21:49 [time 75868 ms] [JavaFX Application Thread] GameController [lambda$addEventListeners$0 Line: 59] - angle: -11.926000359254623, rotatedangle: 78.07399964074537
[DEBUG] 2026-08-02 01:21:49 [time 75876 ms] [JavaFX Application Thread] GameController [lambda$addEventListeners$0 Line: 59] - angle: -9.138849715756324, rotatedangle: 80.86115028424368
[DEBUG] 2026-08-02 01:21:49 [time 75885 ms] [JavaFX Application Thread] GameController [lambda$addEventListeners$0 Line: 59] - angle: -6.477467503945561, rotatedangle: 83.52253249605444
[DEBUG] 2026-08-02 01:21:49 [time 75893 ms] [JavaFX Application Thread] GameController [lambda$addEventListeners$0 Line: 59] - angle: -4.742934553938648, rotatedangle: 85.25706544606135
[DEBUG] 2026-08-02 01:21:49 [time 75901 ms] [JavaFX Application Thread] GameController [lambda$addEventListeners$0 Line: 59] - angle: 0.7707408795103041, rotatedangle: 90.7707408795103
[DEBUG] 2026-08-02 01:21:49 [time 75909 ms] [JavaFX Application Thread] GameController [lambda$addEventListeners$0 Line: 59] - angle: 2.614437225329236, rotatedangle: 92.61443722532924
[DEBUG] 2026-08-02 01:21:49 [time 75918 ms] [JavaFX Application Thread] GameController [lambda$addEventListeners$0 Line: 59] - angle: 3.1651980224693617, rotatedangle: 93.16519802246935
[DEBUG] 2026-08-02 01:21:49 [time 75926 ms] [JavaFX Application Thread] GameController [lambda$addEventListeners$0 Line: 59] - angle: 3.209478058526459, rotatedangle: 93.20947805852646
[DEBUG] 2026-08-02 01:21:49 [time 75942 ms] [JavaFX Application Thread] GameController [lambda$addEventListeners$0 Line: 59] - angle: 3.209486317791986, rotatedangle: 93.20948631779198
[DEBUG] 2026-08-02 01:21:49 [time 75951 ms] [JavaFX Application Thread] GameController [lambda$addEventListeners$0 Line: 59] - angle: 3.209486431975388, rotatedangle: 93.20948643197539
[DEBUG] 2026-08-02 01:21:49 [time 76092 ms] [JavaFX Application Thread] GameController [lambda$setUpKeyEvents$8 Line: 86] - PlayerShip shoot bullet
[ INFO] 2026-08-02 01:21:49 [time 76273 ms] [JavaFX Application Thread] GameController [updateAndCollidePlayerBullet Line: 360] - Current Score: 41
[DEBUG] 2026-08-02 01:21:50 [time 76565 ms] [JavaFX Application Thread] PlayerShip [moveBottom Line: 154] - Moving Bottom
[DEBUG] 2026-08-02 01:21:50 [time 76574 ms] [JavaFX Application Thread] PlayerShip [moveBottom Line: 154] - Moving Bottom
[DEBUG] 2026-08-02 01:21:50 [time 76581 ms] [JavaFX Application Thread] PlayerShip [moveBottom Line: 154] - Moving Bottom
[DEBUG] 2026-08-02 01:21:50 [time 76591 ms] [JavaFX Application Thread] PlayerShip [moveBottom Line: 154] - Moving Bottom
[DEBUG] 2026-08-02 01:21:50 [time 76598 ms] [JavaFX Application Thread] PlayerShip [moveBottom Line: 154] - Moving Bottom
[DEBUG] 2026-08-02 01:21:50 [time 76606 ms] [JavaFX Application Thread] PlayerShip [moveLeft Line: 139] - Moving Left
[DEBUG] 2026-08-02 01:21:50 [time 76606 ms] [JavaFX Application Thread] PlayerShip [moveBottom Line: 154] - Moving Bottom
[DEBUG] 2026-08-02 01:21:50 [time 76614 ms] [JavaFX Application Thread] PlayerShip [moveLeft Line: 139] - Moving Left
[DEBUG] 2026-08-02 01:21:50 [time 76615 ms] [JavaFX Application Thread] PlayerShip [moveBottom Line: 154] - Moving Bottom
[DEBUG] 2026-08-02 01:21:50 [time 76624 ms] [JavaFX Application Thread] PlayerShip [moveLeft Line: 139] - Moving Left
[DEBUG] 2026-08-02 01:21:50 [time 76624 ms] [JavaFX Application Thread] PlayerShip [moveBottom Line: 154] - Moving Bottom
[DEBUG] 2026-08-02 01:21:50 [time 76632 ms] [JavaFX Application Thread] PlayerShip [moveLeft Line: 139] - Moving Left
[DEBUG] 2026-08-02 01:21:50 [time 76632 ms] [JavaFX Application Thread] PlayerShip [moveBottom Line: 154] - Moving Bottom
[DEBUG] 2026-08-02 01:21:50 [time 76640 ms] [JavaFX Application Thread] PlayerShip [moveLeft Line: 139] - Moving Left
[DEBUG] 2026-08-02 01:21:50 [time 76640 ms] [JavaFX Application Thread] PlayerShip [moveBottom Line: 154] - Moving Bottom
[DEBUG] 2026-08-02 01:21:50 [time 76648 ms] [JavaFX Application Thread] PlayerShip [moveLeft Line: 139] - Moving Left
[DEBUG] 2026-08-02 01:21:50 [time 76648 ms] [JavaFX Application Thread] PlayerShip [moveBottom Line: 154] - Moving Bottom
[DEBUG] 2026-08-02 01:21:50 [time 76657 ms] [JavaFX Application Thread] PlayerShip [moveBottom Line: 154] - Moving Bottom
[DEBUG] 2026-08-02 01:21:50 [time 76665 ms] [JavaFX Application Thread] PlayerShip [moveBottom Line: 154] - Moving Bottom
[DEBUG] 2026-08-02 01:21:50 [time 76674 ms] [JavaFX Application Thread] PlayerShip [moveBottom Line: 154] - Moving Bottom
[DEBUG] 2026-08-02 01:21:50 [time 76681 ms] [JavaFX Application Thread] PlayerShip [moveBottom Line: 154] - Moving Bottom
[DEBUG] 2026-08-02 01:21:50 [time 76690 ms] [JavaFX Application Thread] PlayerShip [moveBottom Line: 154] - Moving Bottom
[DEBUG] 2026-08-02 01:21:50 [time 76699 ms] [JavaFX Application Thread] PlayerShip [moveBottom Line: 154] - Moving Bottom
[DEBUG] 2026-08-02 01:21:50 [time 76707 ms] [JavaFX Application Thread] PlayerShip [moveBottom Line: 154] - Moving Bottom
[DEBUG] 2026-08-02 01:21:50 [time 76715 ms] [JavaFX Application Thread] PlayerShip [moveBottom Line: 154] - Moving Bottom
[DEBUG] 2026-08-02 01:21:50 [time 76723 ms] [JavaFX Application Thread] PlayerShip [moveBottom Line: 154] - Moving Bottom
[DEBUG] 2026-08-02 01:21:50 [time 76732 ms] [JavaFX Application Thread] PlayerShip [moveBottom Line: 154] - Moving Bottom
[DEBUG] 2026-08-02 01:21:50 [time 76740 ms] [JavaFX Application Thread] PlayerShip [moveBottom Line: 154] - Moving Bottom
[DEBUG] 2026-08-02 01:21:50 [time 76748 ms] [JavaFX Application Thread] PlayerShip [moveBottom Line: 154] - Moving Bottom
[DEBUG] 2026-08-02 01:21:50 [time 76757 ms] [JavaFX Application Thread] PlayerShip [moveBottom Line: 154] - Moving Bottom
[DEBUG] 2026-08-02 01:21:50 [time 76765 ms] [JavaFX Application Thread] PlayerShip [moveBottom Line: 154] - Moving Bottom
[DEBUG] 2026-08-02 01:21:50 [time 76774 ms] [JavaFX Application Thread] PlayerShip [moveBottom Line: 154] - Moving Bottom
[DEBUG] 2026-08-02 01:21:50 [time 76782 ms] [JavaFX Application Thread] PlayerShip [moveBottom Line: 154] - Moving Bottom
[DEBUG] 2026-08-02 01:21:50 [time 76790 ms] [JavaFX Application Thread] PlayerShip [moveBottom Line: 154] - Moving Bottom
[DEBUG] 2026-08-02 01:21:50 [time 76798 ms] [JavaFX Application Thread] PlayerShip [moveBottom Line: 154] - Moving Bottom
[DEBUG] 2026-08-02 01:21:50 [time 76807 ms] [JavaFX Application Thread] PlayerShip [moveBottom Line: 154] - Moving Bottom
[DEBUG] 2026-08-02 01:21:50 [time 76815 ms] [JavaFX Application Thread] PlayerShip [moveBottom Line: 154] - Moving Bottom
[DEBUG] 2026-08-02 01:21:50 [time 76824 ms] [JavaFX Application Thread] PlayerShip [moveBottom Line: 154] - Moving Bottom
[ INFO] 2026-08-02 01:21:50 [time 76832 ms] [JavaFX Application Thread] GameController [lambda$setUpKeyEvents$7 Line: 180] - PlayerShip shoot special attack 1
[DEBUG] 2026-08-02 01:21:50 [time 76836 ms] [JavaFX Application Thread] PlayerShip [moveBottom Line: 154] - Moving Bottom
[DEBUG] 2026-08-02 01:21:50 [time 76840 ms] [JavaFX Application Thread] PlayerShip [moveBottom Line: 154] - Moving Bottom
[DEBUG] 2026-08-02 01:21:50 [time 76849 ms] [JavaFX Application Thread] PlayerShip [moveBottom Line: 154] - Moving Bottom
[DEBUG] 2026-08-02 01:21:50 [time 76857 ms] [JavaFX Application Thread] PlayerShip [moveBottom Line: 154] - Moving Bottom
[DEBUG] 2026-08-02 01:21:50 [time 76865 ms] [JavaFX Application Thread] PlayerShip [moveBottom Line: 154] - Moving Bottom
[DEBUG] 2026-08-02 01:21:50 [time 76874 ms] [JavaFX Application Thread] PlayerShip [moveBottom Line: 154] - Moving Bottom
[DEBUG] 2026-08-02 01:21:50 [time 76882 ms] [JavaFX Application Thread] PlayerShip [moveBottom Line: 154] - Moving Bottom
[DEBUG] 2026-08-02 01:21:50 [time 76890 ms] [JavaFX Application Thread] PlayerShip [moveBottom Line: 154] - Moving Bottom
[DEBUG] 2026-08-02 01:21:50 [time 76899 ms] [JavaFX Application Thread] PlayerShip [moveBottom Line: 154] - Moving Bottom
[DEBUG] 2026-08-02 01:21:50 [time 76907 ms] [JavaFX Application Thread] PlayerShip [moveBottom Line: 154] - Moving Bottom
[DEBUG] 2026-08-02 01:21:50 [time 77023 ms] [JavaFX Application Thread] GameController [lambda$addEventListeners$0 Line: 59] - angle: -40.10884766315191, rotatedangle: 49.89115233684809
[DEBUG] 2026-08-02 01:21:50 [time 77031 ms] [JavaFX Application Thread] GameController [lambda$addEventListeners$0 Line: 59] - angle: -40.49339096298814, rotatedangle: 49.50660903701186
[DEBUG] 2026-08-02 01:21:50 [time 77039 ms] [JavaFX Application Thread] GameController [lambda$addEventListeners$0 Line: 59] - angle: -41.015686766246134, rotatedangle: 48.984313233753866
[DEBUG] 2026-08-02 01:21:50 [time 77047 ms] [JavaFX Application Thread] GameController [lambda$addEventListeners$0 Line: 59] - angle: -41.549153978280884, rotatedangle: 48.450846021719116
[DEBUG] 2026-08-02 01:21:50 [time 77055 ms] [JavaFX Application Thread] GameController [lambda$addEventListeners$0 Line: 59] - angle: -42.0940780257337, rotatedangle: 47.9059219742663
[DEBUG] 2026-08-02 01:21:50 [time 77064 ms] [JavaFX Application Thread] GameController [lambda$addEventListeners$0 Line: 59] - angle: -42.65072323037814, rotatedangle: 47.34927676962186
[DEBUG] 2026-08-02 01:21:50 [time 77072 ms] [JavaFX Application Thread] GameController [lambda$addEventListeners$0 Line: 59] - angle: -43.50826205755665, rotatedangle: 46.49173794244335
[DEBUG] 2026-08-02 01:21:50 [time 77080 ms] [JavaFX Application Thread] GameController [lambda$addEventListeners$0 Line: 59] - angle: -44.6968459062043, rotatedangle: 45.3031540937957
[DEBUG] 2026-08-02 01:21:50 [time 77088 ms] [JavaFX Application Thread] GameController [lambda$addEventListeners$0 Line: 59] - angle: -48.83531553359287, rotatedangle: 41.16468446640713
[DEBUG] 2026-08-02 01:21:50 [time 77097 ms] [JavaFX Application Thread] GameController [lambda$addEventListeners$0 Line: 59] - angle: -50.66237637119914, rotatedangle: 39.33762362880086
[DEBUG] 2026-08-02 01:21:50 [time 77105 ms] [JavaFX Application Thread] GameController [lambda$addEventListeners$0 Line: 59] - angle: -56.638454611471815, rotatedangle: 33.361545388528185
[DEBUG] 2026-08-02 01:21:50 [time 77113 ms] [JavaFX Application Thread] GameController [lambda$addEventListeners$0 Line: 59] - angle: -60.851931730261484, rotatedangle: 29.148068269738516
[DEBUG] 2026-08-02 01:21:50 [time 77122 ms] [JavaFX Application Thread] GameController [lambda$addEventListeners$0 Line: 59] - angle: -65.27557735086882, rotatedangle: 24.724422649131185
[DEBUG] 2026-08-02 01:21:50 [time 77130 ms] [JavaFX Application Thread] GameController [lambda$addEventListeners$0 Line: 59] - angle: -71.48834785204751, rotatedangle: 18.51165214795249
[DEBUG] 2026-08-02 01:21:50 [time 77138 ms] [JavaFX Application Thread] GameController [lambda$addEventListeners$0 Line: 59] - angle: -73.85566026538122, rotatedangle: 16.144339734618782
[DEBUG] 2026-08-02 01:21:50 [time 77147 ms] [JavaFX Application Thread] GameController [lambda$addEventListeners$0 Line: 59] - angle: -78.55066093498553, rotatedangle: 11.44933906501447
[DEBUG] 2026-08-02 01:21:50 [time 77155 ms] [JavaFX Application Thread] GameController [lambda$addEventListeners$0 Line: 59] - angle: -83.01894323891311, rotatedangle: 6.98105676108689
[DEBUG] 2026-08-02 01:21:50 [time 77161 ms] [JavaFX Application Thread] GameController [lambda$addEventListeners$0 Line: 59] - angle: -86.38136976313034, rotatedangle: 3.618630236869663
[DEBUG] 2026-08-02 01:21:50 [time 77169 ms] [JavaFX Application Thread] GameController [lambda$addEventListeners$0 Line: 59] - angle: -89.33637161719483, rotatedangle: 0.6636283828051717
[DEBUG] 2026-08-02 01:21:50 [time 77178 ms] [JavaFX Application Thread] GameController [lambda$addEventListeners$0 Line: 59] - angle: -90.0, rotatedangle: 0.0
[DEBUG] 2026-08-02 01:21:50 [time 77186 ms] [JavaFX Application Thread] GameController [lambda$addEventListeners$0 Line: 59] - angle: -91.7357045889284, rotatedangle: -1.7357045889283995
[DEBUG] 2026-08-02 01:21:50 [time 77194 ms] [JavaFX Application Thread] GameController [lambda$addEventListeners$0 Line: 59] - angle: -93.20350982167442, rotatedangle: -3.203509821674416
[DEBUG] 2026-08-02 01:21:50 [time 77202 ms] [JavaFX Application Thread] GameController [lambda$addEventListeners$0 Line: 59] - angle: -93.80004209475206, rotatedangle: -3.800042094752058
[DEBUG] 2026-08-02 01:21:50 [time 77210 ms] [JavaFX Application Thread] GameController [lambda$addEventListeners$0 Line: 59] - angle: -94.39870443665087, rotatedangle: -4.398704436650874
[DEBUG] 2026-08-02 01:21:50 [time 77218 ms] [JavaFX Application Thread] GameController [lambda$addEventListeners$0 Line: 59] - angle: -95.00583324633476, rotatedangle: -5.00583324633476
[DEBUG] 2026-08-02 01:21:50 [time 77227 ms] [JavaFX Application Thread] GameController [lambda$addEventListeners$0 Line: 59] - angle: -95.19442948102294, rotatedangle: -5.194429481022937
[DEBUG] 2026-08-02 01:21:50 [time 77235 ms] [JavaFX Application Thread] GameController [lambda$addEventListeners$0 Line: 59] - angle: -95.38154636388722, rotatedangle: -5.3815463638872245
[DEBUG] 2026-08-02 01:21:50 [time 77244 ms] [JavaFX Application Thread] GameController [lambda$addEventListeners$0 Line: 59] - angle: -95.56720078154912, rotatedangle: -5.5672007815491185
[DEBUG] 2026-08-02 01:21:50 [time 77252 ms] [JavaFX Application Thread] GameController [lambda$addEventListeners$0 Line: 59] - angle: -95.56720005777379, rotatedangle: -5.567200057773789
[DEBUG] 2026-08-02 01:21:50 [time 77260 ms] [JavaFX Application Thread] GameController [lambda$addEventListeners$0 Line: 59] - angle: -95.56719974315021, rotatedangle: -5.567199743150212
[DEBUG] 2026-08-02 01:21:50 [time 77269 ms] [JavaFX Application Thread] GameController [lambda$addEventListeners$0 Line: 59] - angle: -95.54729925822653, rotatedangle: -5.547299258226531
[DEBUG] 2026-08-02 01:21:50 [time 77282 ms] [JavaFX Application Thread] PlayerShip [moveRight Line: 144] - Moving Right
[DEBUG] 2026-08-02 01:21:50 [time 77291 ms] [JavaFX Application Thread] PlayerShip [moveRight Line: 144] - Moving Right
[DEBUG] 2026-08-02 01:21:50 [time 77298 ms] [JavaFX Application Thread] PlayerShip [moveRight Line: 144] - Moving Right
[DEBUG] 2026-08-02 01:21:50 [time 77301 ms] [JavaFX Application Thread] GameController [lambda$addEventListeners$0 Line: 59] - angle: -98.38962000482503, rotatedangle: -8.389620004825034
[DEBUG] 2026-08-02 01:21:50 [time 77306 ms] [JavaFX Application Thread] PlayerShip [moveRight Line: 144] - Moving Right
[DEBUG] 2026-08-02 01:21:50 [time 77315 ms] [JavaFX Application Thread] PlayerShip [moveRight Line: 144] - Moving Right
[DEBUG] 2026-08-02 01:21:50 [time 77324 ms] [JavaFX Application Thread] PlayerShip [moveRight Line: 144] - Moving Right
[DEBUG] 2026-08-02 01:21:50 [time 77332 ms] [JavaFX Application Thread] PlayerShip [moveRight Line: 144] - Moving Right
[DEBUG] 2026-08-02 01:21:50 [time 77343 ms] [JavaFX Application Thread] PlayerShip [moveRight Line: 144] - Moving Right
[DEBUG] 2026-08-02 01:21:50 [time 77349 ms] [JavaFX Application Thread] PlayerShip [moveRight Line: 144] - Moving Right
[DEBUG] 2026-08-02 01:21:50 [time 77356 ms] [JavaFX Application Thread] PlayerShip [moveRight Line: 144] - Moving Right
[DEBUG] 2026-08-02 01:21:50 [time 77366 ms] [JavaFX Application Thread] PlayerShip [moveRight Line: 144] - Moving Right
[DEBUG] 2026-08-02 01:21:50 [time 77373 ms] [JavaFX Application Thread] PlayerShip [moveRight Line: 144] - Moving Right
[DEBUG] 2026-08-02 01:21:50 [time 77382 ms] [JavaFX Application Thread] PlayerShip [moveRight Line: 144] - Moving Right
[DEBUG] 2026-08-02 01:21:50 [time 77390 ms] [JavaFX Application Thread] PlayerShip [moveRight Line: 144] - Moving Right
[DEBUG] 2026-08-02 01:21:50 [time 77399 ms] [JavaFX Application Thread] PlayerShip [moveRight Line: 144] - Moving Right
[DEBUG] 2026-08-02 01:21:50 [time 77407 ms] [JavaFX Application Thread] PlayerShip [moveRight Line: 144] - Moving Right
[DEBUG] 2026-08-02 01:21:50 [time 77416 ms] [JavaFX Application Thread] PlayerShip [moveRight Line: 144] - Moving Right
[DEBUG] 2026-08-02 01:21:50 [time 77424 ms] [JavaFX Application Thread] PlayerShip [moveRight Line: 144] - Moving Right
[DEBUG] 2026-08-02 01:21:50 [time 77432 ms] [JavaFX Application Thread] GameController [lambda$setUpKeyEvents$8 Line: 86] - PlayerShip shoot bullet
[DEBUG] 2026-08-02 01:21:50 [time 77433 ms] [JavaFX Application Thread] PlayerShip [moveRight Line: 144] - Moving Right
[DEBUG] 2026-08-02 01:21:50 [time 77440 ms] [JavaFX Application Thread] PlayerShip [moveRight Line: 144] - Moving Right
[DEBUG] 2026-08-02 01:21:51 [time 77448 ms] [JavaFX Application Thread] PlayerShip [moveRight Line: 144] - Moving Right
[ INFO] 2026-08-02 01:21:51 [time 77515 ms] [JavaFX Application Thread] GameController [updateAndCollidePlayerSpecialAttack Line: 522] - Current Score: 43
[ INFO] 2026-08-02 01:21:51 [time 77632 ms] [JavaFX Application Thread] GameController [updateAndCollidePlayerSpecialAttack Line: 485] - Current Score: 44
[ INFO] 2026-08-02 01:21:51 [time 77649 ms] [JavaFX Application Thread] GameController [updateAndCollidePlayerBullet Line: 407] - Current Score: 46
[DEBUG] 2026-08-02 01:21:51 [time 77718 ms] [JavaFX Application Thread] GameController [lambda$setUpKeyEvents$8 Line: 86] - PlayerShip shoot bullet
[DEBUG] 2026-08-02 01:21:51 [time 77724 ms] [JavaFX Application Thread] PlayerShip [moveTop Line: 149] - Moving Top
[DEBUG] 2026-08-02 01:21:51 [time 77732 ms] [JavaFX Application Thread] PlayerShip [moveTop Line: 149] - Moving Top
[DEBUG] 2026-08-02 01:21:51 [time 77740 ms] [JavaFX Application Thread] PlayerShip [moveTop Line: 149] - Moving Top
[DEBUG] 2026-08-02 01:21:51 [time 77749 ms] [JavaFX Application Thread] PlayerShip [moveTop Line: 149] - Moving Top
[DEBUG] 2026-08-02 01:21:51 [time 77757 ms] [JavaFX Application Thread] PlayerShip [moveTop Line: 149] - Moving Top
[DEBUG] 2026-08-02 01:21:51 [time 77765 ms] [JavaFX Application Thread] PlayerShip [moveTop Line: 149] - Moving Top
[DEBUG] 2026-08-02 01:21:51 [time 77774 ms] [JavaFX Application Thread] PlayerShip [moveTop Line: 149] - Moving Top
[DEBUG] 2026-08-02 01:21:51 [time 77782 ms] [JavaFX Application Thread] PlayerShip [moveTop Line: 149] - Moving Top
[DEBUG] 2026-08-02 01:21:51 [time 77790 ms] [JavaFX Application Thread] PlayerShip [moveTop Line: 149] - Moving Top
[DEBUG] 2026-08-02 01:21:51 [time 77799 ms] [JavaFX Application Thread] PlayerShip [moveTop Line: 149] - Moving Top
[ INFO] 2026-08-02 01:21:51 [time 77890 ms] [JavaFX Application Thread] GameController [updateAndCollidePlayerSpecialAttack Line: 519] - Current Score: 47
[DEBUG] 2026-08-02 01:21:51 [time 77894 ms] [JavaFX Application Thread] GameController [lambda$setUpKeyEvents$8 Line: 86] - PlayerShip shoot bullet
[DEBUG] 2026-08-02 01:21:51 [time 77899 ms] [JavaFX Application Thread] PlayerShip [moveTop Line: 149] - Moving Top
[DEBUG] 2026-08-02 01:21:51 [time 77907 ms] [JavaFX Application Thread] PlayerShip [moveTop Line: 149] - Moving Top
[DEBUG] 2026-08-02 01:21:51 [time 77915 ms] [JavaFX Application Thread] PlayerShip [moveTop Line: 149] - Moving Top
[DEBUG] 2026-08-02 01:21:51 [time 77923 ms] [JavaFX Application Thread] PlayerShip [moveTop Line: 149] - Moving Top
[DEBUG] 2026-08-02 01:21:51 [time 77932 ms] [JavaFX Application Thread] PlayerShip [moveTop Line: 149] - Moving Top
[DEBUG] 2026-08-02 01:21:51 [time 77941 ms] [JavaFX Application Thread] PlayerShip [moveTop Line: 149] - Moving Top
[DEBUG] 2026-08-02 01:21:51 [time 77949 ms] [JavaFX Application Thread] PlayerShip [moveTop Line: 149] - Moving Top
[DEBUG] 2026-08-02 01:21:51 [time 77957 ms] [JavaFX Application Thread] PlayerShip [moveTop Line: 149] - Moving Top
[DEBUG] 2026-08-02 01:21:51 [time 77965 ms] [JavaFX Application Thread] PlayerShip [moveTop Line: 149] - Moving Top
[DEBUG] 2026-08-02 01:21:51 [time 77974 ms] [JavaFX Application Thread] PlayerShip [moveTop Line: 149] - Moving Top
[DEBUG] 2026-08-02 01:21:51 [time 77982 ms] [JavaFX Application Thread] PlayerShip [moveTop Line: 149] - Moving Top
[DEBUG] 2026-08-02 01:21:51 [time 77991 ms] [JavaFX Application Thread] PlayerShip [moveTop Line: 149] - Moving Top
[DEBUG] 2026-08-02 01:21:51 [time 77998 ms] [JavaFX Application Thread] PlayerShip [moveTop Line: 149] - Moving Top
[DEBUG] 2026-08-02 01:21:51 [time 78006 ms] [JavaFX Application Thread] PlayerShip [moveTop Line: 149] - Moving Top
[DEBUG] 2026-08-02 01:21:51 [time 78016 ms] [JavaFX Application Thread] PlayerShip [moveTop Line: 149] - Moving Top
[DEBUG] 2026-08-02 01:21:51 [time 78024 ms] [JavaFX Application Thread] PlayerShip [moveTop Line: 149] - Moving Top
[DEBUG] 2026-08-02 01:21:51 [time 78032 ms] [JavaFX Application Thread] PlayerShip [moveTop Line: 149] - Moving Top
[DEBUG] 2026-08-02 01:21:51 [time 78041 ms] [JavaFX Application Thread] PlayerShip [moveTop Line: 149] - Moving Top
[DEBUG] 2026-08-02 01:21:51 [time 78049 ms] [JavaFX Application Thread] PlayerShip [moveTop Line: 149] - Moving Top
[DEBUG] 2026-08-02 01:21:51 [time 78057 ms] [JavaFX Application Thread] PlayerShip [moveTop Line: 149] - Moving Top
[DEBUG] 2026-08-02 01:21:51 [time 78065 ms] [JavaFX Application Thread] PlayerShip [moveTop Line: 149] - Moving Top
[DEBUG] 2026-08-02 01:21:51 [time 78074 ms] [JavaFX Application Thread] PlayerShip [moveTop Line: 149] - Moving Top
[DEBUG] 2026-08-02 01:21:51 [time 78082 ms] [JavaFX Application Thread] PlayerShip [moveTop Line: 149] - Moving Top
[DEBUG] 2026-08-02 01:21:51 [time 78090 ms] [JavaFX Application Thread] PlayerShip [moveTop Line: 149] - Moving Top
[DEBUG] 2026-08-02 01:21:51 [time 78099 ms] [JavaFX Application Thread] PlayerShip [moveTop Line: 149] - Moving Top
[DEBUG] 2026-08-02 01:21:51 [time 78108 ms] [JavaFX Application Thread] PlayerShip [moveTop Line: 149] - Moving Top
[DEBUG] 2026-08-02 01:21:51 [time 78116 ms] [JavaFX Application Thread] PlayerShip [moveTop Line: 149] - Moving Top
[DEBUG] 2026-08-02 01:21:51 [time 78123 ms] [JavaFX Application Thread] PlayerShip [moveRight Line: 144] - Moving Right
[DEBUG] 2026-08-02 01:21:51 [time 78123 ms] [JavaFX Application Thread] PlayerShip [moveTop Line: 149] - Moving Top
[DEBUG] 2026-08-02 01:21:51 [time 78131 ms] [JavaFX Application Thread] PlayerShip [moveRight Line: 144] - Moving Right
[DEBUG] 2026-08-02 01:21:51 [time 78131 ms] [JavaFX Application Thread] PlayerShip [moveTop Line: 149] - Moving Top
[DEBUG] 2026-08-02 01:21:51 [time 78140 ms] [JavaFX Application Thread] PlayerShip [moveRight Line: 144] - Moving Right
[DEBUG] 2026-08-02 01:21:51 [time 78140 ms] [JavaFX Application Thread] PlayerShip [moveTop Line: 149] - Moving Top
[DEBUG] 2026-08-02 01:21:51 [time 78144 ms] [JavaFX Application Thread] GameController [lambda$setUpKeyEvents$8 Line: 86] - PlayerShip shoot bullet
[DEBUG] 2026-08-02 01:21:51 [time 78149 ms] [JavaFX Application Thread] PlayerShip [moveRight Line: 144] - Moving Right
[DEBUG] 2026-08-02 01:21:51 [time 78149 ms] [JavaFX Application Thread] PlayerShip [moveTop Line: 149] - Moving Top
[DEBUG] 2026-08-02 01:21:51 [time 78157 ms] [JavaFX Application Thread] PlayerShip [moveRight Line: 144] - Moving Right
[DEBUG] 2026-08-02 01:21:51 [time 78157 ms] [JavaFX Application Thread] PlayerShip [moveTop Line: 149] - Moving Top
[DEBUG] 2026-08-02 01:21:51 [time 78166 ms] [JavaFX Application Thread] PlayerShip [moveRight Line: 144] - Moving Right
[DEBUG] 2026-08-02 01:21:51 [time 78166 ms] [JavaFX Application Thread] PlayerShip [moveTop Line: 149] - Moving Top
[DEBUG] 2026-08-02 01:21:51 [time 78174 ms] [JavaFX Application Thread] PlayerShip [moveRight Line: 144] - Moving Right
[DEBUG] 2026-08-02 01:21:51 [time 78174 ms] [JavaFX Application Thread] PlayerShip [moveTop Line: 149] - Moving Top
[DEBUG] 2026-08-02 01:21:51 [time 78181 ms] [JavaFX Application Thread] PlayerShip [moveRight Line: 144] - Moving Right
[DEBUG] 2026-08-02 01:21:51 [time 78181 ms] [JavaFX Application Thread] PlayerShip [moveTop Line: 149] - Moving Top
[DEBUG] 2026-08-02 01:21:51 [time 78190 ms] [JavaFX Application Thread] PlayerShip [moveRight Line: 144] - Moving Right
[DEBUG] 2026-08-02 01:21:51 [time 78199 ms] [JavaFX Application Thread] PlayerShip [moveRight Line: 144] - Moving Right
[DEBUG] 2026-08-02 01:21:51 [time 78207 ms] [JavaFX Application Thread] PlayerShip [moveRight Line: 144] - Moving Right
[DEBUG] 2026-08-02 01:21:51 [time 78215 ms] [JavaFX Application Thread] PlayerShip [moveRight Line: 144] - Moving Right
[DEBUG] 2026-08-02 01:21:51 [time 78224 ms] [JavaFX Application Thread] PlayerShip [moveRight Line: 144] - Moving Right
[DEBUG] 2026-08-02 01:21:51 [time 78232 ms] [JavaFX Application Thread] PlayerShip [moveRight Line: 144] - Moving Right
[DEBUG] 2026-08-02 01:21:51 [time 78240 ms] [JavaFX Application Thread] PlayerShip [moveRight Line: 144] - Moving Right
[DEBUG] 2026-08-02 01:21:51 [time 78248 ms] [JavaFX Application Thread] PlayerShip [moveRight Line: 144] - Moving Right
[DEBUG] 2026-08-02 01:21:51 [time 78257 ms] [JavaFX Application Thread] PlayerShip [moveRight Line: 144] - Moving Right
[DEBUG] 2026-08-02 01:21:51 [time 78265 ms] [JavaFX Application Thread] PlayerShip [moveRight Line: 144] - Moving Right
[DEBUG] 2026-08-02 01:21:51 [time 78274 ms] [JavaFX Application Thread] PlayerShip [moveRight Line: 144] - Moving Right
[DEBUG] 2026-08-02 01:21:51 [time 78282 ms] [JavaFX Application Thread] PlayerShip [moveRight Line: 144] - Moving Right
[DEBUG] 2026-08-02 01:21:51 [time 78290 ms] [JavaFX Application Thread] PlayerShip [moveRight Line: 144] - Moving Right
[DEBUG] 2026-08-02 01:21:51 [time 78299 ms] [JavaFX Application Thread] PlayerShip [moveRight Line: 144] - Moving Right
[DEBUG] 2026-08-02 01:21:51 [time 78307 ms] [JavaFX Application Thread] PlayerShip [moveRight Line: 144] - Moving Right
[DEBUG] 2026-08-02 01:21:51 [time 78315 ms] [JavaFX Application Thread] PlayerShip [moveRight Line: 144] - Moving Right
[DEBUG] 2026-08-02 01:21:51 [time 78323 ms] [JavaFX Application Thread] PlayerShip [moveRight Line: 144] - Moving Right
[DEBUG] 2026-08-02 01:21:51 [time 78332 ms] [JavaFX Application Thread] PlayerShip [moveRight Line: 144] - Moving Right
[DEBUG] 2026-08-02 01:21:51 [time 78342 ms] [JavaFX Application Thread] PlayerShip [moveRight Line: 144] - Moving Right
[DEBUG] 2026-08-02 01:21:51 [time 78349 ms] [JavaFX Application Thread] PlayerShip [moveRight Line: 144] - Moving Right
[ INFO] 2026-08-02 01:21:51 [time 78357 ms] [JavaFX Application Thread] GameController [updateAndCollidePlayerBullet Line: 360] - Current Score: 48
[DEBUG] 2026-08-02 01:21:51 [time 78361 ms] [JavaFX Application Thread] PlayerShip [moveRight Line: 144] - Moving Right
[DEBUG] 2026-08-02 01:21:51 [time 78366 ms] [JavaFX Application Thread] PlayerShip [moveRight Line: 144] - Moving Right
[DEBUG] 2026-08-02 01:21:51 [time 78374 ms] [JavaFX Application Thread] PlayerShip [moveRight Line: 144] - Moving Right
[DEBUG] 2026-08-02 01:21:51 [time 78382 ms] [JavaFX Application Thread] PlayerShip [moveRight Line: 144] - Moving Right
[DEBUG] 2026-08-02 01:21:51 [time 78390 ms] [JavaFX Application Thread] PlayerShip [moveRight Line: 144] - Moving Right
[DEBUG] 2026-08-02 01:21:51 [time 78398 ms] [JavaFX Application Thread] PlayerShip [moveRight Line: 144] - Moving Right
[ INFO] 2026-08-02 01:21:51 [time 78407 ms] [JavaFX Application Thread] GameController [updateAndCollidePlayerSpecialAttack Line: 485] - Current Score: 49
[DEBUG] 2026-08-02 01:21:51 [time 78412 ms] [JavaFX Application Thread] PlayerShip [moveRight Line: 144] - Moving Right
[DEBUG] 2026-08-02 01:21:51 [time 78416 ms] [JavaFX Application Thread] PlayerShip [moveRight Line: 144] - Moving Right
[DEBUG] 2026-08-02 01:21:51 [time 78424 ms] [JavaFX Application Thread] PlayerShip [moveRight Line: 144] - Moving Right
[ INFO] 2026-08-02 01:21:51 [time 78432 ms] [JavaFX Application Thread] GameController [updateAndCollidePlayerSpecialAttack Line: 519] - Current Score: 50
[DEBUG] 2026-08-02 01:21:51 [time 78436 ms] [JavaFX Application Thread] PlayerShip [moveRight Line: 144] - Moving Right
[DEBUG] 2026-08-02 01:21:51 [time 78441 ms] [JavaFX Application Thread] PlayerShip [moveRight Line: 144] - Moving Right
[DEBUG] 2026-08-02 01:21:52 [time 78449 ms] [JavaFX Application Thread] PlayerShip [moveRight Line: 144] - Moving Right
[DEBUG] 2026-08-02 01:21:52 [time 78457 ms] [JavaFX Application Thread] PlayerShip [moveRight Line: 144] - Moving Right
[DEBUG] 2026-08-02 01:21:52 [time 78465 ms] [JavaFX Application Thread] PlayerShip [moveRight Line: 144] - Moving Right
[DEBUG] 2026-08-02 01:21:52 [time 78474 ms] [JavaFX Application Thread] PlayerShip [moveRight Line: 144] - Moving Right
[DEBUG] 2026-08-02 01:21:52 [time 78481 ms] [JavaFX Application Thread] PlayerShip [moveRight Line: 144] - Moving Right
[DEBUG] 2026-08-02 01:21:52 [time 78490 ms] [JavaFX Application Thread] PlayerShip [moveRight Line: 144] - Moving Right
[DEBUG] 2026-08-02 01:21:52 [time 78499 ms] [JavaFX Application Thread] PlayerShip [moveRight Line: 144] - Moving Right
[DEBUG] 2026-08-02 01:21:52 [time 78507 ms] [JavaFX Application Thread] PlayerShip [moveRight Line: 144] - Moving Right
[DEBUG] 2026-08-02 01:21:52 [time 78516 ms] [JavaFX Application Thread] PlayerShip [moveRight Line: 144] - Moving Right
[DEBUG] 2026-08-02 01:21:52 [time 78524 ms] [JavaFX Application Thread] PlayerShip [moveRight Line: 144] - Moving Right
[ INFO] 2026-08-02 01:21:52 [time 78532 ms] [JavaFX Application Thread] GameController [updateAndCollidePlayerSpecialAttack Line: 519] - Current Score: 51
[ INFO] 2026-08-02 01:21:52 [time 78537 ms] [JavaFX Application Thread] GameController [updateAndCollidePlayerSpecialAttack Line: 485] - Current Score: 52
[DEBUG] 2026-08-02 01:21:52 [time 78539 ms] [JavaFX Application Thread] PlayerShip [moveRight Line: 144] - Moving Right
[DEBUG] 2026-08-02 01:21:52 [time 78541 ms] [JavaFX Application Thread] GameController [lambda$setUpKeyEvents$8 Line: 86] - PlayerShip shoot bullet
[DEBUG] 2026-08-02 01:21:52 [time 78542 ms] [JavaFX Application Thread] PlayerShip [moveRight Line: 144] - Moving Right
[DEBUG] 2026-08-02 01:21:52 [time 78548 ms] [JavaFX Application Thread] PlayerShip [moveRight Line: 144] - Moving Right
[DEBUG] 2026-08-02 01:21:52 [time 78557 ms] [JavaFX Application Thread] PlayerShip [moveRight Line: 144] - Moving Right
[DEBUG] 2026-08-02 01:21:52 [time 78565 ms] [JavaFX Application Thread] PlayerShip [moveRight Line: 144] - Moving Right
[DEBUG] 2026-08-02 01:21:52 [time 78573 ms] [JavaFX Application Thread] PlayerShip [moveRight Line: 144] - Moving Right
[DEBUG] 2026-08-02 01:21:52 [time 78582 ms] [JavaFX Application Thread] PlayerShip [moveRight Line: 144] - Moving Right
[DEBUG] 2026-08-02 01:21:52 [time 78590 ms] [JavaFX Application Thread] PlayerShip [moveRight Line: 144] - Moving Right
[DEBUG] 2026-08-02 01:21:52 [time 78599 ms] [JavaFX Application Thread] PlayerShip [moveRight Line: 144] - Moving Right
[DEBUG] 2026-08-02 01:21:52 [time 78607 ms] [JavaFX Application Thread] PlayerShip [moveRight Line: 144] - Moving Right
[DEBUG] 2026-08-02 01:21:52 [time 78615 ms] [JavaFX Application Thread] PlayerShip [moveRight Line: 144] - Moving Right
[DEBUG] 2026-08-02 01:21:52 [time 78624 ms] [JavaFX Application Thread] PlayerShip [moveRight Line: 144] - Moving Right
[DEBUG] 2026-08-02 01:21:52 [time 78632 ms] [JavaFX Application Thread] PlayerShip [moveRight Line: 144] - Moving Right
[DEBUG] 2026-08-02 01:21:52 [time 78640 ms] [JavaFX Application Thread] PlayerShip [moveRight Line: 144] - Moving Right
[DEBUG] 2026-08-02 01:21:52 [time 78649 ms] [JavaFX Application Thread] PlayerShip [moveRight Line: 144] - Moving Right
[DEBUG] 2026-08-02 01:21:52 [time 78657 ms] [JavaFX Application Thread] PlayerShip [moveRight Line: 144] - Moving Right
[DEBUG] 2026-08-02 01:21:52 [time 78665 ms] [JavaFX Application Thread] PlayerShip [moveRight Line: 144] - Moving Right
[DEBUG] 2026-08-02 01:21:52 [time 78674 ms] [JavaFX Application Thread] PlayerShip [moveRight Line: 144] - Moving Right
[DEBUG] 2026-08-02 01:21:52 [time 78682 ms] [JavaFX Application Thread] PlayerShip [moveRight Line: 144] - Moving Right
[DEBUG] 2026-08-02 01:21:52 [time 78690 ms] [JavaFX Application Thread] PlayerShip [moveRight Line: 144] - Moving Right
[DEBUG] 2026-08-02 01:21:52 [time 78699 ms] [JavaFX Application Thread] PlayerShip [moveRight Line: 144] - Moving Right
[DEBUG] 2026-08-02 01:21:52 [time 78707 ms] [JavaFX Application Thread] PlayerShip [moveRight Line: 144] - Moving Right
[DEBUG] 2026-08-02 01:21:52 [time 78715 ms] [JavaFX Application Thread] PlayerShip [moveRight Line: 144] - Moving Right
[DEBUG] 2026-08-02 01:21:52 [time 78882 ms] [JavaFX Application Thread] GameController [lambda$addEventListeners$0 Line: 59] - angle: -173.83917923203575, rotatedangle: -83.83917923203575
[DEBUG] 2026-08-02 01:21:52 [time 78882 ms] [JavaFX Application Thread] PlayerShip [moveTop Line: 149] - Moving Top
[DEBUG] 2026-08-02 01:21:52 [time 78889 ms] [JavaFX Application Thread] GameController [lambda$addEventListeners$0 Line: 59] - angle: -174.37095513855755, rotatedangle: -84.37095513855755
[DEBUG] 2026-08-02 01:21:52 [time 78890 ms] [JavaFX Application Thread] PlayerShip [moveTop Line: 149] - Moving Top
[DEBUG] 2026-08-02 01:21:52 [time 78897 ms] [JavaFX Application Thread] GameController [lambda$addEventListeners$0 Line: 59] - angle: -174.87028965630196, rotatedangle: -84.87028965630196
[DEBUG] 2026-08-02 01:21:52 [time 78899 ms] [JavaFX Application Thread] PlayerShip [moveTop Line: 149] - Moving Top
[DEBUG] 2026-08-02 01:21:52 [time 78905 ms] [JavaFX Application Thread] GameController [lambda$addEventListeners$0 Line: 59] - angle: -175.32814772267517, rotatedangle: -85.32814772267517
[DEBUG] 2026-08-02 01:21:52 [time 78907 ms] [JavaFX Application Thread] PlayerShip [moveTop Line: 149] - Moving Top
[DEBUG] 2026-08-02 01:21:52 [time 78913 ms] [JavaFX Application Thread] GameController [lambda$addEventListeners$0 Line: 59] - angle: -175.77776770500208, rotatedangle: -85.77776770500208
[DEBUG] 2026-08-02 01:21:52 [time 78915 ms] [JavaFX Application Thread] PlayerShip [moveTop Line: 149] - Moving Top
[DEBUG] 2026-08-02 01:21:52 [time 78922 ms] [JavaFX Application Thread] GameController [lambda$addEventListeners$0 Line: 59] - angle: -176.2570057354715, rotatedangle: -86.2570057354715
[DEBUG] 2026-08-02 01:21:52 [time 78924 ms] [JavaFX Application Thread] PlayerShip [moveTop Line: 149] - Moving Top
[DEBUG] 2026-08-02 01:21:52 [time 78930 ms] [JavaFX Application Thread] GameController [lambda$addEventListeners$0 Line: 59] - angle: -176.74965912859818, rotatedangle: -86.74965912859818
[DEBUG] 2026-08-02 01:21:52 [time 78931 ms] [JavaFX Application Thread] PlayerShip [moveTop Line: 149] - Moving Top
[DEBUG] 2026-08-02 01:21:52 [time 78938 ms] [JavaFX Application Thread] GameController [lambda$addEventListeners$0 Line: 59] - angle: -177.2664751967086, rotatedangle: -87.2664751967086
[DEBUG] 2026-08-02 01:21:52 [time 78940 ms] [JavaFX Application Thread] PlayerShip [moveTop Line: 149] - Moving Top
[DEBUG] 2026-08-02 01:21:52 [time 78947 ms] [JavaFX Application Thread] GameController [lambda$addEventListeners$0 Line: 59] - angle: -177.8667521098157, rotatedangle: -87.8667521098157
[DEBUG] 2026-08-02 01:21:52 [time 78949 ms] [JavaFX Application Thread] PlayerShip [moveTop Line: 149] - Moving Top
[DEBUG] 2026-08-02 01:21:52 [time 78955 ms] [JavaFX Application Thread] GameController [lambda$addEventListeners$0 Line: 59] - angle: -178.55436209179564, rotatedangle: -88.55436209179564
[DEBUG] 2026-08-02 01:21:52 [time 78957 ms] [JavaFX Application Thread] PlayerShip [moveTop Line: 149] - Moving Top
[DEBUG] 2026-08-02 01:21:52 [time 78963 ms] [JavaFX Application Thread] GameController [lambda$addEventListeners$0 Line: 59] - angle: -179.39049029047035, rotatedangle: -89.39049029047035
[DEBUG] 2026-08-02 01:21:52 [time 78965 ms] [JavaFX Application Thread] PlayerShip [moveTop Line: 149] - Moving Top
[DEBUG] 2026-08-02 01:21:52 [time 78972 ms] [JavaFX Application Thread] GameController [lambda$addEventListeners$0 Line: 59] - angle: 179.53606962277556, rotatedangle: 269.5360696227756
[DEBUG] 2026-08-02 01:21:52 [time 78974 ms] [JavaFX Application Thread] PlayerShip [moveTop Line: 149] - Moving Top
[DEBUG] 2026-08-02 01:21:52 [time 78980 ms] [JavaFX Application Thread] GameController [lambda$addEventListeners$0 Line: 59] - angle: 178.135210546369, rotatedangle: 268.13521054636897
[DEBUG] 2026-08-02 01:21:52 [time 78982 ms] [JavaFX Application Thread] PlayerShip [moveTop Line: 149] - Moving Top
[DEBUG] 2026-08-02 01:21:52 [time 78988 ms] [JavaFX Application Thread] GameController [lambda$addEventListeners$0 Line: 59] - angle: 176.60028178426379, rotatedangle: 266.60028178426376
[ INFO] 2026-08-02 01:21:52 [time 78989 ms] [JavaFX Application Thread] GameController [updateAndCollidePlayerSpecialAttack Line: 485] - Current Score: 53
[DEBUG] 2026-08-02 01:21:52 [time 78992 ms] [JavaFX Application Thread] PlayerShip [moveTop Line: 149] - Moving Top
[DEBUG] 2026-08-02 01:21:52 [time 78997 ms] [JavaFX Application Thread] GameController [lambda$addEventListeners$0 Line: 59] - angle: 174.6047354317869, rotatedangle: 264.60473543178693
[DEBUG] 2026-08-02 01:21:52 [time 78999 ms] [JavaFX Application Thread] PlayerShip [moveTop Line: 149] - Moving Top
[DEBUG] 2026-08-02 01:21:52 [time 79003 ms] [JavaFX Application Thread] GameController [lambda$addEventListeners$0 Line: 59] - angle: 172.83469556688277, rotatedangle: 262.8346955668828
[DEBUG] 2026-08-02 01:21:52 [time 79007 ms] [JavaFX Application Thread] PlayerShip [moveTop Line: 149] - Moving Top
[DEBUG] 2026-08-02 01:21:52 [time 79011 ms] [JavaFX Application Thread] GameController [lambda$addEventListeners$0 Line: 59] - angle: 170.4215939156616, rotatedangle: 260.42159391566156
[DEBUG] 2026-08-02 01:21:52 [time 79015 ms] [JavaFX Application Thread] PlayerShip [moveTop Line: 149] - Moving Top
[DEBUG] 2026-08-02 01:21:52 [time 79019 ms] [JavaFX Application Thread] GameController [lambda$addEventListeners$0 Line: 59] - angle: 168.03488224421562, rotatedangle: 258.0348822442156
[DEBUG] 2026-08-02 01:21:52 [time 79024 ms] [JavaFX Application Thread] PlayerShip [moveTop Line: 149] - Moving Top
[DEBUG] 2026-08-02 01:21:52 [time 79027 ms] [JavaFX Application Thread] GameController [lambda$addEventListeners$0 Line: 59] - angle: 165.68518441122748, rotatedangle: 255.68518441122748
[DEBUG] 2026-08-02 01:21:52 [time 79032 ms] [JavaFX Application Thread] PlayerShip [moveTop Line: 149] - Moving Top
[DEBUG] 2026-08-02 01:21:52 [time 79035 ms] [JavaFX Application Thread] GameController [lambda$addEventListeners$0 Line: 59] - angle: 163.52312992932605, rotatedangle: 253.52312992932605
[DEBUG] 2026-08-02 01:21:52 [time 79040 ms] [JavaFX Application Thread] PlayerShip [moveTop Line: 149] - Moving Top
[DEBUG] 2026-08-02 01:21:52 [time 79044 ms] [JavaFX Application Thread] GameController [lambda$addEventListeners$0 Line: 59] - angle: 161.44235860111928, rotatedangle: 251.44235860111928
[DEBUG] 2026-08-02 01:21:52 [time 79048 ms] [JavaFX Application Thread] PlayerShip [moveTop Line: 149] - Moving Top
[DEBUG] 2026-08-02 01:21:52 [time 79052 ms] [JavaFX Application Thread] GameController [lambda$addEventListeners$0 Line: 59] - angle: 159.48914071703686, rotatedangle: 249.48914071703686
[DEBUG] 2026-08-02 01:21:52 [time 79057 ms] [JavaFX Application Thread] PlayerShip [moveTop Line: 149] - Moving Top
[DEBUG] 2026-08-02 01:21:52 [time 79060 ms] [JavaFX Application Thread] GameController [lambda$addEventListeners$0 Line: 59] - angle: 157.91283162894817, rotatedangle: 247.91283162894817
[DEBUG] 2026-08-02 01:21:52 [time 79065 ms] [JavaFX Application Thread] PlayerShip [moveTop Line: 149] - Moving Top
[DEBUG] 2026-08-02 01:21:52 [time 79068 ms] [JavaFX Application Thread] GameController [lambda$addEventListeners$0 Line: 59] - angle: 156.15318202476098, rotatedangle: 246.15318202476098
[DEBUG] 2026-08-02 01:21:52 [time 79074 ms] [JavaFX Application Thread] PlayerShip [moveTop Line: 149] - Moving Top
[DEBUG] 2026-08-02 01:21:52 [time 79077 ms] [JavaFX Application Thread] GameController [lambda$addEventListeners$0 Line: 59] - angle: 154.27748075828413, rotatedangle: 244.27748075828413
[DEBUG] 2026-08-02 01:21:52 [time 79082 ms] [JavaFX Application Thread] PlayerShip [moveTop Line: 149] - Moving Top
[DEBUG] 2026-08-02 01:21:52 [time 79085 ms] [JavaFX Application Thread] GameController [lambda$addEventListeners$0 Line: 59] - angle: 152.60462327583357, rotatedangle: 242.60462327583357
[DEBUG] 2026-08-02 01:21:52 [time 79090 ms] [JavaFX Application Thread] PlayerShip [moveTop Line: 149] - Moving Top
[DEBUG] 2026-08-02 01:21:52 [time 79094 ms] [JavaFX Application Thread] GameController [lambda$addEventListeners$0 Line: 59] - angle: 151.3017181642802, rotatedangle: 241.3017181642802
[DEBUG] 2026-08-02 01:21:52 [time 79098 ms] [JavaFX Application Thread] PlayerShip [moveTop Line: 149] - Moving Top
[DEBUG] 2026-08-02 01:21:52 [time 79102 ms] [JavaFX Application Thread] GameController [lambda$addEventListeners$0 Line: 59] - angle: 149.71757410571666, rotatedangle: 239.71757410571666
[DEBUG] 2026-08-02 01:21:52 [time 79107 ms] [JavaFX Application Thread] PlayerShip [moveTop Line: 149] - Moving Top
[DEBUG] 2026-08-02 01:21:52 [time 79115 ms] [JavaFX Application Thread] PlayerShip [moveTop Line: 149] - Moving Top
[DEBUG] 2026-08-02 01:21:52 [time 79118 ms] [JavaFX Application Thread] GameController [lambda$addEventListeners$0 Line: 59] - angle: 146.69770633126765, rotatedangle: 236.69770633126765
[DEBUG] 2026-08-02 01:21:52 [time 79123 ms] [JavaFX Application Thread] PlayerShip [moveTop Line: 149] - Moving Top
[DEBUG] 2026-08-02 01:21:52 [time 79132 ms] [JavaFX Application Thread] PlayerShip [moveTop Line: 149] - Moving Top
[DEBUG] 2026-08-02 01:21:52 [time 79135 ms] [JavaFX Application Thread] GameController [lambda$addEventListeners$0 Line: 59] - angle: 144.14708038487515, rotatedangle: 234.14708038487515
[DEBUG] 2026-08-02 01:21:52 [time 79140 ms] [JavaFX Application Thread] PlayerShip [moveTop Line: 149] - Moving Top
[DEBUG] 2026-08-02 01:21:52 [time 79143 ms] [JavaFX Application Thread] GameController [lambda$addEventListeners$0 Line: 59] - angle: 142.79699013505413, rotatedangle: 232.79699013505413
[DEBUG] 2026-08-02 01:21:52 [time 79149 ms] [JavaFX Application Thread] PlayerShip [moveTop Line: 149] - Moving Top
[DEBUG] 2026-08-02 01:21:52 [time 79151 ms] [JavaFX Application Thread] GameController [lambda$addEventListeners$0 Line: 59] - angle: 141.49354014508197, rotatedangle: 231.49354014508197
[DEBUG] 2026-08-02 01:21:52 [time 79156 ms] [JavaFX Application Thread] PlayerShip [moveTop Line: 149] - Moving Top
[DEBUG] 2026-08-02 01:21:52 [time 79165 ms] [JavaFX Application Thread] PlayerShip [moveTop Line: 149] - Moving Top
[DEBUG] 2026-08-02 01:21:52 [time 79174 ms] [JavaFX Application Thread] PlayerShip [moveTop Line: 149] - Moving Top
[DEBUG] 2026-08-02 01:21:52 [time 79182 ms] [JavaFX Application Thread] PlayerShip [moveTop Line: 149] - Moving Top
[DEBUG] 2026-08-02 01:21:52 [time 79190 ms] [JavaFX Application Thread] PlayerShip [moveTop Line: 149] - Moving Top
[DEBUG] 2026-08-02 01:21:52 [time 79199 ms] [JavaFX Application Thread] PlayerShip [moveTop Line: 149] - Moving Top
[DEBUG] 2026-08-02 01:21:52 [time 79207 ms] [JavaFX Application Thread] PlayerShip [moveTop Line: 149] - Moving Top
[DEBUG] 2026-08-02 01:21:52 [time 79215 ms] [JavaFX Application Thread] PlayerShip [moveRight Line: 144] - Moving Right
[DEBUG] 2026-08-02 01:21:52 [time 79215 ms] [JavaFX Application Thread] PlayerShip [moveTop Line: 149] - Moving Top
[DEBUG] 2026-08-02 01:21:52 [time 79224 ms] [JavaFX Application Thread] PlayerShip [moveRight Line: 144] - Moving Right
[DEBUG] 2026-08-02 01:21:52 [time 79224 ms] [JavaFX Application Thread] PlayerShip [moveTop Line: 149] - Moving Top
[DEBUG] 2026-08-02 01:21:52 [time 79232 ms] [JavaFX Application Thread] PlayerShip [moveRight Line: 144] - Moving Right
[DEBUG] 2026-08-02 01:21:52 [time 79232 ms] [JavaFX Application Thread] PlayerShip [moveTop Line: 149] - Moving Top
[DEBUG] 2026-08-02 01:21:52 [time 79240 ms] [JavaFX Application Thread] PlayerShip [moveRight Line: 144] - Moving Right
[DEBUG] 2026-08-02 01:21:52 [time 79241 ms] [JavaFX Application Thread] PlayerShip [moveTop Line: 149] - Moving Top
[DEBUG] 2026-08-02 01:21:52 [time 79249 ms] [JavaFX Application Thread] PlayerShip [moveRight Line: 144] - Moving Right
[DEBUG] 2026-08-02 01:21:52 [time 79257 ms] [JavaFX Application Thread] PlayerShip [moveRight Line: 144] - Moving Right
[DEBUG] 2026-08-02 01:21:52 [time 79264 ms] [JavaFX Application Thread] PlayerShip [moveRight Line: 144] - Moving Right
[DEBUG] 2026-08-02 01:21:52 [time 79274 ms] [JavaFX Application Thread] PlayerShip [moveRight Line: 144] - Moving Right
[DEBUG] 2026-08-02 01:21:52 [time 79281 ms] [JavaFX Application Thread] PlayerShip [moveRight Line: 144] - Moving Right
[DEBUG] 2026-08-02 01:21:52 [time 79290 ms] [JavaFX Application Thread] PlayerShip [moveRight Line: 144] - Moving Right
[DEBUG] 2026-08-02 01:21:52 [time 79299 ms] [JavaFX Application Thread] PlayerShip [moveRight Line: 144] - Moving Right
[DEBUG] 2026-08-02 01:21:52 [time 79307 ms] [JavaFX Application Thread] PlayerShip [moveRight Line: 144] - Moving Right
[DEBUG] 2026-08-02 01:21:52 [time 79315 ms] [JavaFX Application Thread] PlayerShip [moveRight Line: 144] - Moving Right
[DEBUG] 2026-08-02 01:21:52 [time 79324 ms] [JavaFX Application Thread] PlayerShip [moveRight Line: 144] - Moving Right
[DEBUG] 2026-08-02 01:21:52 [time 79331 ms] [JavaFX Application Thread] PlayerShip [moveRight Line: 144] - Moving Right
[DEBUG] 2026-08-02 01:21:52 [time 79334 ms] [JavaFX Application Thread] GameController [lambda$setUpKeyEvents$8 Line: 86] - PlayerShip shoot bullet
[DEBUG] 2026-08-02 01:21:52 [time 79340 ms] [JavaFX Application Thread] PlayerShip [moveRight Line: 144] - Moving Right
[DEBUG] 2026-08-02 01:21:52 [time 79349 ms] [JavaFX Application Thread] PlayerShip [moveRight Line: 144] - Moving Right
[DEBUG] 2026-08-02 01:21:52 [time 79357 ms] [JavaFX Application Thread] PlayerShip [moveRight Line: 144] - Moving Right
[DEBUG] 2026-08-02 01:21:52 [time 79365 ms] [JavaFX Application Thread] PlayerShip [moveRight Line: 144] - Moving Right
[DEBUG] 2026-08-02 01:21:52 [time 79374 ms] [JavaFX Application Thread] PlayerShip [moveRight Line: 144] - Moving Right
[DEBUG] 2026-08-02 01:21:52 [time 79381 ms] [JavaFX Application Thread] PlayerShip [moveRight Line: 144] - Moving Right
[DEBUG] 2026-08-02 01:21:52 [time 79390 ms] [JavaFX Application Thread] PlayerShip [moveRight Line: 144] - Moving Right
[DEBUG] 2026-08-02 01:21:52 [time 79399 ms] [JavaFX Application Thread] PlayerShip [moveRight Line: 144] - Moving Right
[DEBUG] 2026-08-02 01:21:52 [time 79407 ms] [JavaFX Application Thread] PlayerShip [moveRight Line: 144] - Moving Right
[DEBUG] 2026-08-02 01:21:52 [time 79415 ms] [JavaFX Application Thread] PlayerShip [moveRight Line: 144] - Moving Right
[DEBUG] 2026-08-02 01:21:52 [time 79424 ms] [JavaFX Application Thread] PlayerShip [moveRight Line: 144] - Moving Right
[DEBUG] 2026-08-02 01:21:53 [time 79551 ms] [JavaFX Application Thread] GameController [lambda$setUpKeyEvents$8 Line: 86] - PlayerShip shoot bullet
[DEBUG] 2026-08-02 01:21:53 [time 79607 ms] [JavaFX Application Thread] PlayerShip [moveTop Line: 149] - Moving Top
[DEBUG] 2026-08-02 01:21:53 [time 79615 ms] [JavaFX Application Thread] PlayerShip [moveTop Line: 149] - Moving Top
[DEBUG] 2026-08-02 01:21:53 [time 79624 ms] [JavaFX Application Thread] PlayerShip [moveTop Line: 149] - Moving Top
[DEBUG] 2026-08-02 01:21:53 [time 79632 ms] [JavaFX Application Thread] PlayerShip [moveTop Line: 149] - Moving Top
[DEBUG] 2026-08-02 01:21:53 [time 79640 ms] [JavaFX Application Thread] PlayerShip [moveTop Line: 149] - Moving Top
[DEBUG] 2026-08-02 01:21:53 [time 79648 ms] [JavaFX Application Thread] PlayerShip [moveTop Line: 149] - Moving Top
[DEBUG] 2026-08-02 01:21:53 [time 79657 ms] [JavaFX Application Thread] PlayerShip [moveTop Line: 149] - Moving Top
[DEBUG] 2026-08-02 01:21:53 [time 79665 ms] [JavaFX Application Thread] PlayerShip [moveTop Line: 149] - Moving Top
[DEBUG] 2026-08-02 01:21:53 [time 79674 ms] [JavaFX Application Thread] PlayerShip [moveTop Line: 149] - Moving Top
[DEBUG] 2026-08-02 01:21:53 [time 79682 ms] [JavaFX Application Thread] PlayerShip [moveTop Line: 149] - Moving Top
[ INFO] 2026-08-02 01:21:53 [time 79690 ms] [JavaFX Application Thread] GameController [updateAndCollidePlayerBullet Line: 360] - Current Score: 54
[DEBUG] 2026-08-02 01:21:53 [time 79691 ms] [JavaFX Application Thread] PlayerShip [moveTop Line: 149] - Moving Top
[ INFO] 2026-08-02 01:21:53 [time 79699 ms] [JavaFX Application Thread] GameController [updateAndCollidePlayerBullet Line: 360] - Current Score: 55
[DEBUG] 2026-08-02 01:21:53 [time 79700 ms] [JavaFX Application Thread] PlayerShip [moveTop Line: 149] - Moving Top
[DEBUG] 2026-08-02 01:21:53 [time 79732 ms] [JavaFX Application Thread] GameController [lambda$addEventListeners$0 Line: 59] - angle: 140.1311691406457, rotatedangle: 230.1311691406457
[DEBUG] 2026-08-02 01:21:53 [time 79739 ms] [JavaFX Application Thread] GameController [lambda$addEventListeners$0 Line: 59] - angle: 141.02752313507156, rotatedangle: 231.02752313507156
[DEBUG] 2026-08-02 01:21:53 [time 79747 ms] [JavaFX Application Thread] GameController [lambda$addEventListeners$0 Line: 59] - angle: 142.48329595111156, rotatedangle: 232.48329595111156
[DEBUG] 2026-08-02 01:21:53 [time 79756 ms] [JavaFX Application Thread] GameController [lambda$addEventListeners$0 Line: 59] - angle: 143.3021570247922, rotatedangle: 233.3021570247922
[DEBUG] 2026-08-02 01:21:53 [time 79764 ms] [JavaFX Application Thread] GameController [lambda$addEventListeners$0 Line: 59] - angle: 144.9935758656502, rotatedangle: 234.9935758656502
[DEBUG] 2026-08-02 01:21:53 [time 79772 ms] [JavaFX Application Thread] GameController [lambda$addEventListeners$0 Line: 59] - angle: 146.60808648444834, rotatedangle: 236.60808648444834
[DEBUG] 2026-08-02 01:21:53 [time 79780 ms] [JavaFX Application Thread] GameController [lambda$addEventListeners$0 Line: 59] - angle: 148.28486648490218, rotatedangle: 238.28486648490218
[DEBUG] 2026-08-02 01:21:53 [time 79789 ms] [JavaFX Application Thread] GameController [lambda$addEventListeners$0 Line: 59] - angle: 148.5964866368585, rotatedangle: 238.5964866368585
[DEBUG] 2026-08-02 01:21:53 [time 79797 ms] [JavaFX Application Thread] GameController [lambda$addEventListeners$0 Line: 59] - angle: 149.70354694159616, rotatedangle: 239.70354694159616
[DEBUG] 2026-08-02 01:21:53 [time 79805 ms] [JavaFX Application Thread] GameController [lambda$addEventListeners$0 Line: 59] - angle: 150.34764309499735, rotatedangle: 240.34764309499735
[DEBUG] 2026-08-02 01:21:53 [time 79813 ms] [JavaFX Application Thread] GameController [lambda$addEventListeners$0 Line: 59] - angle: 150.83619187906794, rotatedangle: 240.83619187906794
[DEBUG] 2026-08-02 01:21:53 [time 79822 ms] [JavaFX Application Thread] GameController [lambda$addEventListeners$0 Line: 59] - angle: 151.16449638541908, rotatedangle: 241.16449638541908
[DEBUG] 2026-08-02 01:21:53 [time 79830 ms] [JavaFX Application Thread] GameController [lambda$addEventListeners$0 Line: 59] - angle: 151.16449915225692, rotatedangle: 241.16449915225692
[DEBUG] 2026-08-02 01:21:53 [time 79839 ms] [JavaFX Application Thread] GameController [lambda$addEventListeners$0 Line: 59] - angle: 151.32943463406596, rotatedangle: 241.32943463406596
[DEBUG] 2026-08-02 01:21:53 [time 79907 ms] [JavaFX Application Thread] PlayerShip [moveRight Line: 144] - Moving Right
[DEBUG] 2026-08-02 01:21:53 [time 79915 ms] [JavaFX Application Thread] PlayerShip [moveRight Line: 144] - Moving Right
[DEBUG] 2026-08-02 01:21:53 [time 79924 ms] [JavaFX Application Thread] PlayerShip [moveRight Line: 144] - Moving Right
[DEBUG] 2026-08-02 01:21:53 [time 79932 ms] [JavaFX Application Thread] PlayerShip [moveRight Line: 144] - Moving Right
[DEBUG] 2026-08-02 01:21:53 [time 79939 ms] [JavaFX Application Thread] PlayerShip [moveRight Line: 144] - Moving Right
[DEBUG] 2026-08-02 01:21:53 [time 79948 ms] [JavaFX Application Thread] PlayerShip [moveRight Line: 144] - Moving Right
[DEBUG] 2026-08-02 01:21:53 [time 79956 ms] [JavaFX Application Thread] PlayerShip [moveRight Line: 144] - Moving Right
[DEBUG] 2026-08-02 01:21:53 [time 79965 ms] [JavaFX Application Thread] PlayerShip [moveRight Line: 144] - Moving Right
[DEBUG] 2026-08-02 01:21:53 [time 79973 ms] [JavaFX Application Thread] PlayerShip [moveRight Line: 144] - Moving Right
[DEBUG] 2026-08-02 01:21:53 [time 79982 ms] [JavaFX Application Thread] PlayerShip [moveRight Line: 144] - Moving Right
[DEBUG] 2026-08-02 01:21:53 [time 79990 ms] [JavaFX Application Thread] PlayerShip [moveRight Line: 144] - Moving Right
[DEBUG] 2026-08-02 01:21:53 [time 79999 ms] [JavaFX Application Thread] PlayerShip [moveRight Line: 144] - Moving Right
[DEBUG] 2026-08-02 01:21:53 [time 80007 ms] [JavaFX Application Thread] PlayerShip [moveRight Line: 144] - Moving Right
[DEBUG] 2026-08-02 01:21:53 [time 80015 ms] [JavaFX Application Thread] PlayerShip [moveRight Line: 144] - Moving Right
[DEBUG] 2026-08-02 01:21:53 [time 80023 ms] [JavaFX Application Thread] PlayerShip [moveRight Line: 144] - Moving Right
[DEBUG] 2026-08-02 01:21:53 [time 80032 ms] [JavaFX Application Thread] PlayerShip [moveRight Line: 144] - Moving Right
[DEBUG] 2026-08-02 01:21:53 [time 80041 ms] [JavaFX Application Thread] PlayerShip [moveRight Line: 144] - Moving Right
[DEBUG] 2026-08-02 01:21:53 [time 80044 ms] [JavaFX Application Thread] GameController [lambda$addEventListeners$0 Line: 59] - angle: 157.41492022093308, rotatedangle: 247.41492022093308
[DEBUG] 2026-08-02 01:21:53 [time 80049 ms] [JavaFX Application Thread] PlayerShip [moveRight Line: 144] - Moving Right
[DEBUG] 2026-08-02 01:21:53 [time 80052 ms] [JavaFX Application Thread] GameController [lambda$addEventListeners$0 Line: 59] - angle: 157.58731053136572, rotatedangle: 247.58731053136572
[DEBUG] 2026-08-02 01:21:53 [time 80057 ms] [JavaFX Application Thread] PlayerShip [moveRight Line: 144] - Moving Right
[DEBUG] 2026-08-02 01:21:53 [time 80060 ms] [JavaFX Application Thread] GameController [lambda$addEventListeners$0 Line: 59] - angle: 157.75722588241308, rotatedangle: 247.75722588241308
[DEBUG] 2026-08-02 01:21:53 [time 80065 ms] [JavaFX Application Thread] PlayerShip [moveRight Line: 144] - Moving Right
[DEBUG] 2026-08-02 01:21:53 [time 80068 ms] [JavaFX Application Thread] GameController [lambda$addEventListeners$0 Line: 59] - angle: 157.81332210655202, rotatedangle: 247.81332210655202
[DEBUG] 2026-08-02 01:21:53 [time 80073 ms] [JavaFX Application Thread] PlayerShip [moveRight Line: 144] - Moving Right
[DEBUG] 2026-08-02 01:21:53 [time 80076 ms] [JavaFX Application Thread] GameController [lambda$addEventListeners$0 Line: 59] - angle: 158.0350486436045, rotatedangle: 248.0350486436045
[DEBUG] 2026-08-02 01:21:53 [time 80081 ms] [JavaFX Application Thread] PlayerShip [moveRight Line: 144] - Moving Right
[DEBUG] 2026-08-02 01:21:53 [time 80084 ms] [JavaFX Application Thread] GameController [lambda$addEventListeners$0 Line: 59] - angle: 158.19859051364818, rotatedangle: 248.19859051364818
[DEBUG] 2026-08-02 01:21:53 [time 80090 ms] [JavaFX Application Thread] PlayerShip [moveRight Line: 144] - Moving Right
[DEBUG] 2026-08-02 01:21:53 [time 80092 ms] [JavaFX Application Thread] GameController [lambda$addEventListeners$0 Line: 59] - angle: 158.3598352460645, rotatedangle: 248.3598352460645
[DEBUG] 2026-08-02 01:21:53 [time 80098 ms] [JavaFX Application Thread] PlayerShip [moveRight Line: 144] - Moving Right
[DEBUG] 2026-08-02 01:21:53 [time 80100 ms] [JavaFX Application Thread] GameController [lambda$addEventListeners$0 Line: 59] - angle: 158.51882441901319, rotatedangle: 248.51882441901319
[DEBUG] 2026-08-02 01:21:53 [time 80106 ms] [JavaFX Application Thread] PlayerShip [moveRight Line: 144] - Moving Right
[DEBUG] 2026-08-02 01:21:53 [time 80108 ms] [JavaFX Application Thread] GameController [lambda$addEventListeners$0 Line: 59] - angle: 158.72737826409653, rotatedangle: 248.72737826409653
[DEBUG] 2026-08-02 01:21:53 [time 80115 ms] [JavaFX Application Thread] PlayerShip [moveRight Line: 144] - Moving Right
[DEBUG] 2026-08-02 01:21:53 [time 80116 ms] [JavaFX Application Thread] GameController [lambda$addEventListeners$0 Line: 59] - angle: 159.0132880673048, rotatedangle: 249.0132880673048
[DEBUG] 2026-08-02 01:21:53 [time 80124 ms] [JavaFX Application Thread] PlayerShip [moveRight Line: 144] - Moving Right
[DEBUG] 2026-08-02 01:21:53 [time 80124 ms] [JavaFX Application Thread] GameController [lambda$addEventListeners$0 Line: 59] - angle: 159.21417804595106, rotatedangle: 249.21417804595106
[DEBUG] 2026-08-02 01:21:53 [time 80132 ms] [JavaFX Application Thread] PlayerShip [moveRight Line: 144] - Moving Right
[DEBUG] 2026-08-02 01:21:53 [time 80140 ms] [JavaFX Application Thread] PlayerShip [moveRight Line: 144] - Moving Right
[DEBUG] 2026-08-02 01:21:53 [time 80149 ms] [JavaFX Application Thread] PlayerShip [moveRight Line: 144] - Moving Right
[DEBUG] 2026-08-02 01:21:53 [time 80157 ms] [JavaFX Application Thread] PlayerShip [moveRight Line: 144] - Moving Right
[DEBUG] 2026-08-02 01:21:53 [time 80165 ms] [JavaFX Application Thread] PlayerShip [moveRight Line: 144] - Moving Right
[DEBUG] 2026-08-02 01:21:53 [time 80174 ms] [JavaFX Application Thread] PlayerShip [moveRight Line: 144] - Moving Right
[DEBUG] 2026-08-02 01:21:53 [time 80182 ms] [JavaFX Application Thread] PlayerShip [moveRight Line: 144] - Moving Right
[DEBUG] 2026-08-02 01:21:53 [time 80190 ms] [JavaFX Application Thread] PlayerShip [moveRight Line: 144] - Moving Right
[DEBUG] 2026-08-02 01:21:53 [time 80198 ms] [JavaFX Application Thread] PlayerShip [moveRight Line: 144] - Moving Right
[DEBUG] 2026-08-02 01:21:53 [time 80206 ms] [JavaFX Application Thread] PlayerShip [moveRight Line: 144] - Moving Right
[DEBUG] 2026-08-02 01:21:53 [time 80216 ms] [JavaFX Application Thread] PlayerShip [moveRight Line: 144] - Moving Right
[DEBUG] 2026-08-02 01:21:53 [time 80223 ms] [JavaFX Application Thread] PlayerShip [moveRight Line: 144] - Moving Right
[DEBUG] 2026-08-02 01:21:53 [time 80232 ms] [JavaFX Application Thread] PlayerShip [moveRight Line: 144] - Moving Right
[DEBUG] 2026-08-02 01:21:53 [time 80240 ms] [JavaFX Application Thread] PlayerShip [moveRight Line: 144] - Moving Right
[DEBUG] 2026-08-02 01:21:53 [time 80249 ms] [JavaFX Application Thread] PlayerShip [moveRight Line: 144] - Moving Right
[DEBUG] 2026-08-02 01:21:53 [time 80257 ms] [JavaFX Application Thread] PlayerShip [moveRight Line: 144] - Moving Right
[DEBUG] 2026-08-02 01:21:53 [time 80265 ms] [JavaFX Application Thread] PlayerShip [moveRight Line: 144] - Moving Right
[DEBUG] 2026-08-02 01:21:53 [time 80274 ms] [JavaFX Application Thread] PlayerShip [moveRight Line: 144] - Moving Right
[DEBUG] 2026-08-02 01:21:53 [time 80282 ms] [JavaFX Application Thread] PlayerShip [moveRight Line: 144] - Moving Right
[DEBUG] 2026-08-02 01:21:53 [time 80290 ms] [JavaFX Application Thread] PlayerShip [moveRight Line: 144] - Moving Right
[DEBUG] 2026-08-02 01:21:53 [time 80299 ms] [JavaFX Application Thread] PlayerShip [moveRight Line: 144] - Moving Right
[DEBUG] 2026-08-02 01:21:53 [time 80307 ms] [JavaFX Application Thread] PlayerShip [moveRight Line: 144] - Moving Right
[DEBUG] 2026-08-02 01:21:53 [time 80315 ms] [JavaFX Application Thread] PlayerShip [moveRight Line: 144] - Moving Right
[DEBUG] 2026-08-02 01:21:53 [time 80324 ms] [JavaFX Application Thread] PlayerShip [moveRight Line: 144] - Moving Right
[DEBUG] 2026-08-02 01:21:53 [time 80331 ms] [JavaFX Application Thread] PlayerShip [moveRight Line: 144] - Moving Right
[DEBUG] 2026-08-02 01:21:53 [time 80340 ms] [JavaFX Application Thread] PlayerShip [moveRight Line: 144] - Moving Right
[DEBUG] 2026-08-02 01:21:53 [time 80349 ms] [JavaFX Application Thread] PlayerShip [moveRight Line: 144] - Moving Right
[DEBUG] 2026-08-02 01:21:53 [time 80357 ms] [JavaFX Application Thread] PlayerShip [moveRight Line: 144] - Moving Right
[DEBUG] 2026-08-02 01:21:53 [time 80365 ms] [JavaFX Application Thread] PlayerShip [moveRight Line: 144] - Moving Right
[DEBUG] 2026-08-02 01:21:53 [time 80374 ms] [JavaFX Application Thread] PlayerShip [moveRight Line: 144] - Moving Right
[DEBUG] 2026-08-02 01:21:53 [time 80382 ms] [JavaFX Application Thread] PlayerShip [moveRight Line: 144] - Moving Right
[DEBUG] 2026-08-02 01:21:54 [time 80452 ms] [JavaFX Application Thread] GameController [lambda$addEventListeners$0 Line: 59] - angle: 164.98892242200867, rotatedangle: 254.98892242200867
[DEBUG] 2026-08-02 01:21:54 [time 80460 ms] [JavaFX Application Thread] GameController [lambda$addEventListeners$0 Line: 59] - angle: 165.00849332673997, rotatedangle: 255.00849332673997
[DEBUG] 2026-08-02 01:21:54 [time 80469 ms] [JavaFX Application Thread] GameController [lambda$addEventListeners$0 Line: 59] - angle: 165.0084994373349, rotatedangle: 255.0084994373349
[DEBUG] 2026-08-02 01:21:54 [time 80477 ms] [JavaFX Application Thread] GameController [lambda$addEventListeners$0 Line: 59] - angle: 164.9546912462256, rotatedangle: 254.9546912462256
[DEBUG] 2026-08-02 01:21:54 [time 80665 ms] [JavaFX Application Thread] GameController [lambda$addEventListeners$0 Line: 59] - angle: 165.05517409663744, rotatedangle: 255.05517409663744
[DEBUG] 2026-08-02 01:21:54 [time 80673 ms] [JavaFX Application Thread] GameController [lambda$addEventListeners$0 Line: 59] - angle: 166.30588894904997, rotatedangle: 256.30588894905
[DEBUG] 2026-08-02 01:21:54 [time 80681 ms] [JavaFX Application Thread] GameController [lambda$addEventListeners$0 Line: 59] - angle: 167.8893988486097, rotatedangle: 257.8893988486097
[DEBUG] 2026-08-02 01:21:54 [time 80689 ms] [JavaFX Application Thread] GameController [lambda$addEventListeners$0 Line: 59] - angle: 169.504200108738, rotatedangle: 259.504200108738
[DEBUG] 2026-08-02 01:21:54 [time 80697 ms] [JavaFX Application Thread] GameController [lambda$addEventListeners$0 Line: 59] - angle: 170.5984153446787, rotatedangle: 260.5984153446787
[DEBUG] 2026-08-02 01:21:54 [time 80706 ms] [JavaFX Application Thread] GameController [lambda$addEventListeners$0 Line: 59] - angle: 171.74461012768384, rotatedangle: 261.7446101276838
[DEBUG] 2026-08-02 01:21:54 [time 80714 ms] [JavaFX Application Thread] GameController [lambda$addEventListeners$0 Line: 59] - angle: 173.82261789930735, rotatedangle: 263.8226178993074
[DEBUG] 2026-08-02 01:21:54 [time 80722 ms] [JavaFX Application Thread] GameController [lambda$addEventListeners$0 Line: 59] - angle: 175.64435798113698, rotatedangle: 265.644357981137
[DEBUG] 2026-08-02 01:21:54 [time 80730 ms] [JavaFX Application Thread] GameController [lambda$addEventListeners$0 Line: 59] - angle: 176.14799784730312, rotatedangle: 266.14799784730315
[DEBUG] 2026-08-02 01:21:54 [time 80738 ms] [JavaFX Application Thread] GameController [lambda$addEventListeners$0 Line: 59] - angle: 177.49766354864735, rotatedangle: 267.4976635486473
[DEBUG] 2026-08-02 01:21:54 [time 80747 ms] [JavaFX Application Thread] GameController [lambda$addEventListeners$0 Line: 59] - angle: 178.20072427586595, rotatedangle: 268.2007242758659
[DEBUG] 2026-08-02 01:21:54 [time 80755 ms] [JavaFX Application Thread] GameController [lambda$addEventListeners$0 Line: 59] - angle: 178.63246063090713, rotatedangle: 268.63246063090713
[DEBUG] 2026-08-02 01:21:54 [time 80763 ms] [JavaFX Application Thread] GameController [lambda$addEventListeners$0 Line: 59] - angle: 178.92774896929762, rotatedangle: 268.9277489692976
[DEBUG] 2026-08-02 01:21:54 [time 80772 ms] [JavaFX Application Thread] GameController [lambda$addEventListeners$0 Line: 59] - angle: 179.07345968077377, rotatedangle: 269.0734596807738
[DEBUG] 2026-08-02 01:21:54 [time 80780 ms] [JavaFX Application Thread] GameController [lambda$addEventListeners$0 Line: 59] - angle: 179.07095595606782, rotatedangle: 269.0709559560678
[DEBUG] 2026-08-02 01:21:54 [time 80788 ms] [JavaFX Application Thread] GameController [lambda$addEventListeners$0 Line: 59] - angle: 179.2236772603859, rotatedangle: 269.2236772603859
[DEBUG] 2026-08-02 01:21:54 [time 80797 ms] [JavaFX Application Thread] GameController [lambda$addEventListeners$0 Line: 59] - angle: 179.21945660321495, rotatedangle: 269.21945660321495
[DEBUG] 2026-08-02 01:21:54 [time 80805 ms] [JavaFX Application Thread] GameController [lambda$addEventListeners$0 Line: 59] - angle: 179.21731945940704, rotatedangle: 269.217319459407
[DEBUG] 2026-08-02 01:21:54 [time 80813 ms] [JavaFX Application Thread] GameController [lambda$addEventListeners$0 Line: 59] - angle: 179.2130243590062, rotatedangle: 269.2130243590062
[DEBUG] 2026-08-02 01:21:54 [time 80822 ms] [JavaFX Application Thread] GameController [lambda$addEventListeners$0 Line: 59] - angle: 179.20867214938974, rotatedangle: 269.2086721493897
[DEBUG] 2026-08-02 01:21:54 [time 80830 ms] [JavaFX Application Thread] GameController [lambda$addEventListeners$0 Line: 59] - angle: 179.35805734399545, rotatedangle: 269.3580573439955
[DEBUG] 2026-08-02 01:21:54 [time 80838 ms] [JavaFX Application Thread] GameController [lambda$addEventListeners$0 Line: 59] - angle: 179.51444923100075, rotatedangle: 269.51444923100075
[DEBUG] 2026-08-02 01:21:54 [time 80847 ms] [JavaFX Application Thread] GameController [lambda$addEventListeners$0 Line: 59] - angle: 179.511695520074, rotatedangle: 269.511695520074
[DEBUG] 2026-08-02 01:21:54 [time 80855 ms] [JavaFX Application Thread] GameController [lambda$addEventListeners$0 Line: 59] - angle: 179.83535740859256, rotatedangle: 269.8353574085926
[DEBUG] 2026-08-02 01:21:54 [time 80861 ms] [JavaFX Application Thread] GameController [lambda$addEventListeners$0 Line: 59] - angle: 180.0, rotatedangle: 270.0
[DEBUG] 2026-08-02 01:21:54 [time 80869 ms] [JavaFX Application Thread] GameController [lambda$addEventListeners$0 Line: 59] - angle: 180.0, rotatedangle: 270.0
[DEBUG] 2026-08-02 01:21:54 [time 80878 ms] [JavaFX Application Thread] GameController [lambda$addEventListeners$0 Line: 59] - angle: -179.66097567554854, rotatedangle: -89.66097567554854
[DEBUG] 2026-08-02 01:21:54 [time 80886 ms] [JavaFX Application Thread] GameController [lambda$addEventListeners$0 Line: 59] - angle: -179.65896292491044, rotatedangle: -89.65896292491044
[DEBUG] 2026-08-02 01:21:54 [time 80894 ms] [JavaFX Application Thread] GameController [lambda$addEventListeners$0 Line: 59] - angle: -179.65691036554912, rotatedangle: -89.65691036554912
[DEBUG] 2026-08-02 01:21:54 [time 80899 ms] [JavaFX Application Thread] PlayerShip [moveBottom Line: 154] - Moving Bottom
[DEBUG] 2026-08-02 01:21:54 [time 80903 ms] [JavaFX Application Thread] GameController [lambda$addEventListeners$0 Line: 59] - angle: -178.61964605338918, rotatedangle: -88.61964605338918
[DEBUG] 2026-08-02 01:21:54 [time 80907 ms] [JavaFX Application Thread] PlayerShip [moveBottom Line: 154] - Moving Bottom
[DEBUG] 2026-08-02 01:21:54 [time 80911 ms] [JavaFX Application Thread] GameController [lambda$addEventListeners$0 Line: 59] - angle: -177.74406003634007, rotatedangle: -87.74406003634007
[DEBUG] 2026-08-02 01:21:54 [time 80915 ms] [JavaFX Application Thread] PlayerShip [moveBottom Line: 154] - Moving Bottom
[DEBUG] 2026-08-02 01:21:54 [time 80919 ms] [JavaFX Application Thread] GameController [lambda$addEventListeners$0 Line: 59] - angle: -176.85886484949083, rotatedangle: -86.85886484949083
[DEBUG] 2026-08-02 01:21:54 [time 80924 ms] [JavaFX Application Thread] PlayerShip [moveBottom Line: 154] - Moving Bottom
[DEBUG] 2026-08-02 01:21:54 [time 80927 ms] [JavaFX Application Thread] GameController [lambda$addEventListeners$0 Line: 59] - angle: -175.9519706492578, rotatedangle: -85.95197064925779
[DEBUG] 2026-08-02 01:21:54 [time 80932 ms] [JavaFX Application Thread] PlayerShip [moveBottom Line: 154] - Moving Bottom
[DEBUG] 2026-08-02 01:21:54 [time 80935 ms] [JavaFX Application Thread] GameController [lambda$addEventListeners$0 Line: 59] - angle: -175.0302592718897, rotatedangle: -85.03025927188969
[DEBUG] 2026-08-02 01:21:54 [time 80940 ms] [JavaFX Application Thread] PlayerShip [moveBottom Line: 154] - Moving Bottom
[DEBUG] 2026-08-02 01:21:54 [time 80949 ms] [JavaFX Application Thread] PlayerShip [moveBottom Line: 154] - Moving Bottom
[DEBUG] 2026-08-02 01:21:54 [time 80957 ms] [JavaFX Application Thread] PlayerShip [moveBottom Line: 154] - Moving Bottom
[DEBUG] 2026-08-02 01:21:54 [time 80960 ms] [JavaFX Application Thread] GameController [lambda$addEventListeners$0 Line: 59] - angle: -172.27516065747906, rotatedangle: -82.27516065747906
[DEBUG] 2026-08-02 01:21:54 [time 80963 ms] [JavaFX Application Thread] GameController [lambda$addEventListeners$0 Line: 59] - angle: -172.15290174877032, rotatedangle: -82.15290174877032
[DEBUG] 2026-08-02 01:21:54 [time 80965 ms] [JavaFX Application Thread] PlayerShip [moveBottom Line: 154] - Moving Bottom
[DEBUG] 2026-08-02 01:21:54 [time 80969 ms] [JavaFX Application Thread] GameController [lambda$addEventListeners$0 Line: 59] - angle: -171.11364214803262, rotatedangle: -81.11364214803262
[DEBUG] 2026-08-02 01:21:54 [time 80974 ms] [JavaFX Application Thread] PlayerShip [moveBottom Line: 154] - Moving Bottom
[DEBUG] 2026-08-02 01:21:54 [time 80976 ms] [JavaFX Application Thread] GameController [lambda$addEventListeners$0 Line: 59] - angle: -170.11033209918887, rotatedangle: -80.11033209918887
[DEBUG] 2026-08-02 01:21:54 [time 80982 ms] [JavaFX Application Thread] PlayerShip [moveBottom Line: 154] - Moving Bottom
[DEBUG] 2026-08-02 01:21:54 [time 80984 ms] [JavaFX Application Thread] GameController [lambda$addEventListeners$0 Line: 59] - angle: -168.61487625744826, rotatedangle: -78.61487625744826
[DEBUG] 2026-08-02 01:21:54 [time 80990 ms] [JavaFX Application Thread] PlayerShip [moveBottom Line: 154] - Moving Bottom
[DEBUG] 2026-08-02 01:21:54 [time 80992 ms] [JavaFX Application Thread] GameController [lambda$addEventListeners$0 Line: 59] - angle: -167.1957268000191, rotatedangle: -77.19572680001909
[DEBUG] 2026-08-02 01:21:54 [time 80999 ms] [JavaFX Application Thread] PlayerShip [moveBottom Line: 154] - Moving Bottom
[DEBUG] 2026-08-02 01:21:54 [time 81000 ms] [JavaFX Application Thread] GameController [lambda$addEventListeners$0 Line: 59] - angle: -165.77132959306718, rotatedangle: -75.77132959306718
[DEBUG] 2026-08-02 01:21:54 [time 81007 ms] [JavaFX Application Thread] PlayerShip [moveBottom Line: 154] - Moving Bottom
[DEBUG] 2026-08-02 01:21:54 [time 81008 ms] [JavaFX Application Thread] GameController [lambda$addEventListeners$0 Line: 59] - angle: -164.44342662100323, rotatedangle: -74.44342662100323
[DEBUG] 2026-08-02 01:21:54 [time 81015 ms] [JavaFX Application Thread] PlayerShip [moveBottom Line: 154] - Moving Bottom
[DEBUG] 2026-08-02 01:21:54 [time 81016 ms] [JavaFX Application Thread] GameController [lambda$addEventListeners$0 Line: 59] - angle: -163.1650741036728, rotatedangle: -73.1650741036728
[DEBUG] 2026-08-02 01:21:54 [time 81023 ms] [JavaFX Application Thread] PlayerShip [moveBottom Line: 154] - Moving Bottom
[DEBUG] 2026-08-02 01:21:54 [time 81025 ms] [JavaFX Application Thread] GameController [lambda$addEventListeners$0 Line: 59] - angle: -161.6299447247302, rotatedangle: -71.6299447247302
[DEBUG] 2026-08-02 01:21:54 [time 81032 ms] [JavaFX Application Thread] PlayerShip [moveBottom Line: 154] - Moving Bottom
[DEBUG] 2026-08-02 01:21:54 [time 81033 ms] [JavaFX Application Thread] GameController [lambda$addEventListeners$0 Line: 59] - angle: -160.4570819082853, rotatedangle: -70.45708190828529
[DEBUG] 2026-08-02 01:21:54 [time 81040 ms] [JavaFX Application Thread] PlayerShip [moveBottom Line: 154] - Moving Bottom
[DEBUG] 2026-08-02 01:21:54 [time 81041 ms] [JavaFX Application Thread] GameController [lambda$addEventListeners$0 Line: 59] - angle: -159.0811691484812, rotatedangle: -69.0811691484812
[DEBUG] 2026-08-02 01:21:54 [time 81049 ms] [JavaFX Application Thread] PlayerShip [moveBottom Line: 154] - Moving Bottom
[DEBUG] 2026-08-02 01:21:54 [time 81049 ms] [JavaFX Application Thread] GameController [lambda$addEventListeners$0 Line: 59] - angle: -157.96832825320237, rotatedangle: -67.96832825320237
[DEBUG] 2026-08-02 01:21:54 [time 81057 ms] [JavaFX Application Thread] PlayerShip [moveBottom Line: 154] - Moving Bottom
[DEBUG] 2026-08-02 01:21:54 [time 81057 ms] [JavaFX Application Thread] GameController [lambda$addEventListeners$0 Line: 59] - angle: -156.74740534770336, rotatedangle: -66.74740534770336
[DEBUG] 2026-08-02 01:21:54 [time 81065 ms] [JavaFX Application Thread] GameController [lambda$addEventListeners$0 Line: 59] - angle: -156.58396924176958, rotatedangle: -66.58396924176958
[DEBUG] 2026-08-02 01:21:54 [time 81066 ms] [JavaFX Application Thread] PlayerShip [moveBottom Line: 154] - Moving Bottom
[DEBUG] 2026-08-02 01:21:54 [time 81074 ms] [JavaFX Application Thread] GameController [lambda$addEventListeners$0 Line: 59] - angle: -155.55604782310976, rotatedangle: -65.55604782310976
[DEBUG] 2026-08-02 01:21:54 [time 81074 ms] [JavaFX Application Thread] PlayerShip [moveBottom Line: 154] - Moving Bottom
[DEBUG] 2026-08-02 01:21:54 [time 81082 ms] [JavaFX Application Thread] PlayerShip [moveBottom Line: 154] - Moving Bottom
[DEBUG] 2026-08-02 01:21:54 [time 81082 ms] [JavaFX Application Thread] GameController [lambda$addEventListeners$0 Line: 59] - angle: -153.7073514274347, rotatedangle: -63.7073514274347
[DEBUG] 2026-08-02 01:21:54 [time 81091 ms] [JavaFX Application Thread] GameController [lambda$addEventListeners$0 Line: 59] - angle: -153.70735698257087, rotatedangle: -63.70735698257087
[DEBUG] 2026-08-02 01:21:54 [time 81091 ms] [JavaFX Application Thread] PlayerShip [moveBottom Line: 154] - Moving Bottom
[DEBUG] 2026-08-02 01:21:54 [time 81098 ms] [JavaFX Application Thread] GameController [lambda$addEventListeners$0 Line: 59] - angle: -152.80436301762734, rotatedangle: -62.80436301762734
[DEBUG] 2026-08-02 01:21:54 [time 81099 ms] [JavaFX Application Thread] PlayerShip [moveBottom Line: 154] - Moving Bottom
[DEBUG] 2026-08-02 01:21:54 [time 81107 ms] [JavaFX Application Thread] GameController [lambda$addEventListeners$0 Line: 59] - angle: -151.82141277826062, rotatedangle: -61.82141277826062
[DEBUG] 2026-08-02 01:21:54 [time 81107 ms] [JavaFX Application Thread] PlayerShip [moveBottom Line: 154] - Moving Bottom
[DEBUG] 2026-08-02 01:21:54 [time 81115 ms] [JavaFX Application Thread] GameController [lambda$addEventListeners$0 Line: 59] - angle: -150.94539059878167, rotatedangle: -60.94539059878167
[DEBUG] 2026-08-02 01:21:54 [time 81115 ms] [JavaFX Application Thread] PlayerShip [moveBottom Line: 154] - Moving Bottom
[DEBUG] 2026-08-02 01:21:54 [time 81123 ms] [JavaFX Application Thread] GameController [lambda$addEventListeners$0 Line: 59] - angle: -149.91349025112663, rotatedangle: -59.91349025112663
[DEBUG] 2026-08-02 01:21:54 [time 81124 ms] [JavaFX Application Thread] PlayerShip [moveBottom Line: 154] - Moving Bottom
[DEBUG] 2026-08-02 01:21:54 [time 81131 ms] [JavaFX Application Thread] GameController [lambda$addEventListeners$0 Line: 59] - angle: -148.96914934470163, rotatedangle: -58.969149344701634
[DEBUG] 2026-08-02 01:21:54 [time 81132 ms] [JavaFX Application Thread] PlayerShip [moveBottom Line: 154] - Moving Bottom
[DEBUG] 2026-08-02 01:21:54 [time 81139 ms] [JavaFX Application Thread] GameController [lambda$addEventListeners$0 Line: 59] - angle: -148.0358449452761, rotatedangle: -58.0358449452761
[DEBUG] 2026-08-02 01:21:54 [time 81140 ms] [JavaFX Application Thread] PlayerShip [moveBottom Line: 154] - Moving Bottom
[DEBUG] 2026-08-02 01:21:54 [time 81148 ms] [JavaFX Application Thread] GameController [lambda$addEventListeners$0 Line: 59] - angle: -147.11384469564425, rotatedangle: -57.11384469564425
[DEBUG] 2026-08-02 01:21:54 [time 81149 ms] [JavaFX Application Thread] PlayerShip [moveBottom Line: 154] - Moving Bottom
[DEBUG] 2026-08-02 01:21:54 [time 81156 ms] [JavaFX Application Thread] GameController [lambda$addEventListeners$0 Line: 59] - angle: -145.93684409198133, rotatedangle: -55.93684409198133
[DEBUG] 2026-08-02 01:21:54 [time 81157 ms] [JavaFX Application Thread] PlayerShip [moveBottom Line: 154] - Moving Bottom
[DEBUG] 2026-08-02 01:21:54 [time 81164 ms] [JavaFX Application Thread] GameController [lambda$addEventListeners$0 Line: 59] - angle: -145.0392581250754, rotatedangle: -55.039258125075406
[DEBUG] 2026-08-02 01:21:54 [time 81165 ms] [JavaFX Application Thread] PlayerShip [moveBottom Line: 154] - Moving Bottom
[DEBUG] 2026-08-02 01:21:54 [time 81173 ms] [JavaFX Application Thread] GameController [lambda$addEventListeners$0 Line: 59] - angle: -143.8180807575947, rotatedangle: -53.818080757594686
[DEBUG] 2026-08-02 01:21:54 [time 81174 ms] [JavaFX Application Thread] PlayerShip [moveBottom Line: 154] - Moving Bottom
[DEBUG] 2026-08-02 01:21:54 [time 81181 ms] [JavaFX Application Thread] GameController [lambda$addEventListeners$0 Line: 59] - angle: -142.5590669810412, rotatedangle: -52.55906698104121
[DEBUG] 2026-08-02 01:21:54 [time 81182 ms] [JavaFX Application Thread] PlayerShip [moveBottom Line: 154] - Moving Bottom
[DEBUG] 2026-08-02 01:21:54 [time 81189 ms] [JavaFX Application Thread] GameController [lambda$addEventListeners$0 Line: 59] - angle: -141.22094992115962, rotatedangle: -51.220949921159615
[DEBUG] 2026-08-02 01:21:54 [time 81190 ms] [JavaFX Application Thread] PlayerShip [moveBottom Line: 154] - Moving Bottom
[DEBUG] 2026-08-02 01:21:54 [time 81197 ms] [JavaFX Application Thread] GameController [lambda$addEventListeners$0 Line: 59] - angle: -139.62814580984855, rotatedangle: -49.62814580984855
[DEBUG] 2026-08-02 01:21:54 [time 81199 ms] [JavaFX Application Thread] PlayerShip [moveBottom Line: 154] - Moving Bottom
[DEBUG] 2026-08-02 01:21:54 [time 81205 ms] [JavaFX Application Thread] GameController [lambda$addEventListeners$0 Line: 59] - angle: -138.01278750418336, rotatedangle: -48.012787504183365
[DEBUG] 2026-08-02 01:21:54 [time 81207 ms] [JavaFX Application Thread] PlayerShip [moveBottom Line: 154] - Moving Bottom
[DEBUG] 2026-08-02 01:21:54 [time 81213 ms] [JavaFX Application Thread] GameController [lambda$addEventListeners$0 Line: 59] - angle: -136.37704149551894, rotatedangle: -46.37704149551894
[DEBUG] 2026-08-02 01:21:54 [time 81215 ms] [JavaFX Application Thread] PlayerShip [moveBottom Line: 154] - Moving Bottom
[DEBUG] 2026-08-02 01:21:54 [time 81222 ms] [JavaFX Application Thread] GameController [lambda$addEventListeners$0 Line: 59] - angle: -135.2741362307606, rotatedangle: -45.274136230760604
[DEBUG] 2026-08-02 01:21:54 [time 81224 ms] [JavaFX Application Thread] PlayerShip [moveBottom Line: 154] - Moving Bottom
[DEBUG] 2026-08-02 01:21:54 [time 81230 ms] [JavaFX Application Thread] GameController [lambda$addEventListeners$0 Line: 59] - angle: -133.62296690601354, rotatedangle: -43.622966906013545
[DEBUG] 2026-08-02 01:21:54 [time 81232 ms] [JavaFX Application Thread] PlayerShip [moveBottom Line: 154] - Moving Bottom
[DEBUG] 2026-08-02 01:21:54 [time 81238 ms] [JavaFX Application Thread] GameController [lambda$addEventListeners$0 Line: 59] - angle: -132.10317119679826, rotatedangle: -42.10317119679826
[DEBUG] 2026-08-02 01:21:54 [time 81240 ms] [JavaFX Application Thread] PlayerShip [moveBottom Line: 154] - Moving Bottom
[DEBUG] 2026-08-02 01:21:54 [time 81247 ms] [JavaFX Application Thread] GameController [lambda$addEventListeners$0 Line: 59] - angle: -130.70739329309964, rotatedangle: -40.70739329309964
[DEBUG] 2026-08-02 01:21:54 [time 81249 ms] [JavaFX Application Thread] PlayerShip [moveBottom Line: 154] - Moving Bottom
[DEBUG] 2026-08-02 01:21:54 [time 81255 ms] [JavaFX Application Thread] GameController [lambda$addEventListeners$0 Line: 59] - angle: -129.60549855243445, rotatedangle: -39.605498552434454
[DEBUG] 2026-08-02 01:21:54 [time 81257 ms] [JavaFX Application Thread] PlayerShip [moveBottom Line: 154] - Moving Bottom
[DEBUG] 2026-08-02 01:21:54 [time 81263 ms] [JavaFX Application Thread] GameController [lambda$addEventListeners$0 Line: 59] - angle: -128.53861165111147, rotatedangle: -38.53861165111147
[DEBUG] 2026-08-02 01:21:54 [time 81265 ms] [JavaFX Application Thread] PlayerShip [moveBottom Line: 154] - Moving Bottom
[DEBUG] 2026-08-02 01:21:54 [time 81272 ms] [JavaFX Application Thread] GameController [lambda$addEventListeners$0 Line: 59] - angle: -127.79084535206175, rotatedangle: -37.79084535206175
[DEBUG] 2026-08-02 01:21:54 [time 81274 ms] [JavaFX Application Thread] PlayerShip [moveBottom Line: 154] - Moving Bottom
[DEBUG] 2026-08-02 01:21:54 [time 81282 ms] [JavaFX Application Thread] PlayerShip [moveBottom Line: 154] - Moving Bottom
[DEBUG] 2026-08-02 01:21:54 [time 81290 ms] [JavaFX Application Thread] PlayerShip [moveBottom Line: 154] - Moving Bottom
[DEBUG] 2026-08-02 01:21:54 [time 81299 ms] [JavaFX Application Thread] PlayerShip [moveBottom Line: 154] - Moving Bottom
[DEBUG] 2026-08-02 01:21:54 [time 81307 ms] [JavaFX Application Thread] PlayerShip [moveBottom Line: 154] - Moving Bottom
[DEBUG] 2026-08-02 01:21:54 [time 81315 ms] [JavaFX Application Thread] PlayerShip [moveBottom Line: 154] - Moving Bottom
[DEBUG] 2026-08-02 01:21:54 [time 81323 ms] [JavaFX Application Thread] PlayerShip [moveBottom Line: 154] - Moving Bottom
[DEBUG] 2026-08-02 01:21:54 [time 81331 ms] [JavaFX Application Thread] PlayerShip [moveBottom Line: 154] - Moving Bottom
[DEBUG] 2026-08-02 01:21:54 [time 81340 ms] [JavaFX Application Thread] PlayerShip [moveBottom Line: 154] - Moving Bottom
[DEBUG] 2026-08-02 01:21:54 [time 81349 ms] [JavaFX Application Thread] PlayerShip [moveBottom Line: 154] - Moving Bottom
[DEBUG] 2026-08-02 01:21:54 [time 81357 ms] [JavaFX Application Thread] PlayerShip [moveBottom Line: 154] - Moving Bottom
[DEBUG] 2026-08-02 01:21:54 [time 81365 ms] [JavaFX Application Thread] PlayerShip [moveBottom Line: 154] - Moving Bottom
[DEBUG] 2026-08-02 01:21:54 [time 81374 ms] [JavaFX Application Thread] PlayerShip [moveBottom Line: 154] - Moving Bottom
[DEBUG] 2026-08-02 01:21:54 [time 81382 ms] [JavaFX Application Thread] PlayerShip [moveBottom Line: 154] - Moving Bottom
[DEBUG] 2026-08-02 01:21:54 [time 81390 ms] [JavaFX Application Thread] PlayerShip [moveBottom Line: 154] - Moving Bottom
[DEBUG] 2026-08-02 01:21:54 [time 81399 ms] [JavaFX Application Thread] PlayerShip [moveBottom Line: 154] - Moving Bottom
[DEBUG] 2026-08-02 01:21:54 [time 81407 ms] [JavaFX Application Thread] PlayerShip [moveBottom Line: 154] - Moving Bottom
[DEBUG] 2026-08-02 01:21:54 [time 81415 ms] [JavaFX Application Thread] PlayerShip [moveBottom Line: 154] - Moving Bottom
[DEBUG] 2026-08-02 01:21:54 [time 81424 ms] [JavaFX Application Thread] PlayerShip [moveBottom Line: 154] - Moving Bottom
[DEBUG] 2026-08-02 01:21:54 [time 81432 ms] [JavaFX Application Thread] PlayerShip [moveBottom Line: 154] - Moving Bottom
[DEBUG] 2026-08-02 01:21:54 [time 81440 ms] [JavaFX Application Thread] PlayerShip [moveBottom Line: 154] - Moving Bottom
[DEBUG] 2026-08-02 01:21:55 [time 81449 ms] [JavaFX Application Thread] PlayerShip [moveBottom Line: 154] - Moving Bottom
[DEBUG] 2026-08-02 01:21:55 [time 81457 ms] [JavaFX Application Thread] PlayerShip [moveBottom Line: 154] - Moving Bottom
[DEBUG] 2026-08-02 01:21:55 [time 81465 ms] [JavaFX Application Thread] PlayerShip [moveBottom Line: 154] - Moving Bottom
[DEBUG] 2026-08-02 01:21:55 [time 81474 ms] [JavaFX Application Thread] PlayerShip [moveBottom Line: 154] - Moving Bottom
[DEBUG] 2026-08-02 01:21:55 [time 81481 ms] [JavaFX Application Thread] PlayerShip [moveBottom Line: 154] - Moving Bottom
[DEBUG] 2026-08-02 01:21:55 [time 81490 ms] [JavaFX Application Thread] PlayerShip [moveBottom Line: 154] - Moving Bottom
[DEBUG] 2026-08-02 01:21:55 [time 81498 ms] [JavaFX Application Thread] PlayerShip [moveBottom Line: 154] - Moving Bottom
[DEBUG] 2026-08-02 01:21:55 [time 81508 ms] [JavaFX Application Thread] GameController [lambda$setUpKeyEvents$8 Line: 86] - PlayerShip shoot bullet
[DEBUG] 2026-08-02 01:21:55 [time 81509 ms] [JavaFX Application Thread] PlayerShip [moveBottom Line: 154] - Moving Bottom
[DEBUG] 2026-08-02 01:21:55 [time 81515 ms] [JavaFX Application Thread] PlayerShip [moveLeft Line: 139] - Moving Left
[DEBUG] 2026-08-02 01:21:55 [time 81515 ms] [JavaFX Application Thread] PlayerShip [moveBottom Line: 154] - Moving Bottom
[DEBUG] 2026-08-02 01:21:55 [time 81524 ms] [JavaFX Application Thread] PlayerShip [moveLeft Line: 139] - Moving Left
[DEBUG] 2026-08-02 01:21:55 [time 81524 ms] [JavaFX Application Thread] PlayerShip [moveBottom Line: 154] - Moving Bottom
[DEBUG] 2026-08-02 01:21:55 [time 81532 ms] [JavaFX Application Thread] PlayerShip [moveLeft Line: 139] - Moving Left
[DEBUG] 2026-08-02 01:21:55 [time 81532 ms] [JavaFX Application Thread] PlayerShip [moveBottom Line: 154] - Moving Bottom
[DEBUG] 2026-08-02 01:21:55 [time 81540 ms] [JavaFX Application Thread] PlayerShip [moveLeft Line: 139] - Moving Left
[DEBUG] 2026-08-02 01:21:55 [time 81541 ms] [JavaFX Application Thread] PlayerShip [moveBottom Line: 154] - Moving Bottom
[DEBUG] 2026-08-02 01:21:55 [time 81549 ms] [JavaFX Application Thread] PlayerShip [moveLeft Line: 139] - Moving Left
[DEBUG] 2026-08-02 01:21:55 [time 81549 ms] [JavaFX Application Thread] PlayerShip [moveBottom Line: 154] - Moving Bottom
[DEBUG] 2026-08-02 01:21:55 [time 81556 ms] [JavaFX Application Thread] PlayerShip [moveLeft Line: 139] - Moving Left
[DEBUG] 2026-08-02 01:21:55 [time 81556 ms] [JavaFX Application Thread] PlayerShip [moveBottom Line: 154] - Moving Bottom
[DEBUG] 2026-08-02 01:21:55 [time 81566 ms] [JavaFX Application Thread] PlayerShip [moveLeft Line: 139] - Moving Left
[DEBUG] 2026-08-02 01:21:55 [time 81566 ms] [JavaFX Application Thread] PlayerShip [moveBottom Line: 154] - Moving Bottom
[DEBUG] 2026-08-02 01:21:55 [time 81574 ms] [JavaFX Application Thread] PlayerShip [moveLeft Line: 139] - Moving Left
[DEBUG] 2026-08-02 01:21:55 [time 81574 ms] [JavaFX Application Thread] PlayerShip [moveBottom Line: 154] - Moving Bottom
[DEBUG] 2026-08-02 01:21:55 [time 81582 ms] [JavaFX Application Thread] PlayerShip [moveLeft Line: 139] - Moving Left
[DEBUG] 2026-08-02 01:21:55 [time 81590 ms] [JavaFX Application Thread] PlayerShip [moveLeft Line: 139] - Moving Left
[DEBUG] 2026-08-02 01:21:55 [time 81599 ms] [JavaFX Application Thread] PlayerShip [moveLeft Line: 139] - Moving Left
[DEBUG] 2026-08-02 01:21:55 [time 81607 ms] [JavaFX Application Thread] PlayerShip [moveLeft Line: 139] - Moving Left
[DEBUG] 2026-08-02 01:21:55 [time 81615 ms] [JavaFX Application Thread] PlayerShip [moveLeft Line: 139] - Moving Left
[DEBUG] 2026-08-02 01:21:55 [time 81624 ms] [JavaFX Application Thread] PlayerShip [moveLeft Line: 139] - Moving Left
[DEBUG] 2026-08-02 01:21:55 [time 81632 ms] [JavaFX Application Thread] GameController [lambda$setUpKeyEvents$8 Line: 86] - PlayerShip shoot bullet
[DEBUG] 2026-08-02 01:21:55 [time 81632 ms] [JavaFX Application Thread] PlayerShip [moveLeft Line: 139] - Moving Left
[DEBUG] 2026-08-02 01:21:55 [time 81640 ms] [JavaFX Application Thread] PlayerShip [moveLeft Line: 139] - Moving Left
[DEBUG] 2026-08-02 01:21:55 [time 81649 ms] [JavaFX Application Thread] PlayerShip [moveLeft Line: 139] - Moving Left
[DEBUG] 2026-08-02 01:21:55 [time 81657 ms] [JavaFX Application Thread] PlayerShip [moveLeft Line: 139] - Moving Left
[DEBUG] 2026-08-02 01:21:55 [time 81665 ms] [JavaFX Application Thread] PlayerShip [moveLeft Line: 139] - Moving Left
[DEBUG] 2026-08-02 01:21:55 [time 81674 ms] [JavaFX Application Thread] PlayerShip [moveLeft Line: 139] - Moving Left
[DEBUG] 2026-08-02 01:21:55 [time 81682 ms] [JavaFX Application Thread] PlayerShip [moveLeft Line: 139] - Moving Left
[DEBUG] 2026-08-02 01:21:55 [time 81690 ms] [JavaFX Application Thread] PlayerShip [moveLeft Line: 139] - Moving Left
[DEBUG] 2026-08-02 01:21:55 [time 81699 ms] [JavaFX Application Thread] PlayerShip [moveLeft Line: 139] - Moving Left
[DEBUG] 2026-08-02 01:21:55 [time 81707 ms] [JavaFX Application Thread] PlayerShip [moveLeft Line: 139] - Moving Left
[DEBUG] 2026-08-02 01:21:55 [time 81715 ms] [JavaFX Application Thread] PlayerShip [moveLeft Line: 139] - Moving Left
[DEBUG] 2026-08-02 01:21:55 [time 81724 ms] [JavaFX Application Thread] PlayerShip [moveLeft Line: 139] - Moving Left
[DEBUG] 2026-08-02 01:21:55 [time 81732 ms] [JavaFX Application Thread] PlayerShip [moveLeft Line: 139] - Moving Left
[DEBUG] 2026-08-02 01:21:55 [time 81740 ms] [JavaFX Application Thread] PlayerShip [moveLeft Line: 139] - Moving Left
[DEBUG] 2026-08-02 01:21:55 [time 81749 ms] [JavaFX Application Thread] PlayerShip [moveLeft Line: 139] - Moving Left
[DEBUG] 2026-08-02 01:21:55 [time 81756 ms] [JavaFX Application Thread] PlayerShip [moveLeft Line: 139] - Moving Left
[DEBUG] 2026-08-02 01:21:55 [time 81766 ms] [JavaFX Application Thread] PlayerShip [moveLeft Line: 139] - Moving Left
[DEBUG] 2026-08-02 01:21:55 [time 81774 ms] [JavaFX Application Thread] PlayerShip [moveLeft Line: 139] - Moving Left
[DEBUG] 2026-08-02 01:21:55 [time 81782 ms] [JavaFX Application Thread] PlayerShip [moveLeft Line: 139] - Moving Left
[DEBUG] 2026-08-02 01:21:55 [time 81790 ms] [JavaFX Application Thread] PlayerShip [moveLeft Line: 139] - Moving Left
[DEBUG] 2026-08-02 01:21:55 [time 81799 ms] [JavaFX Application Thread] PlayerShip [moveLeft Line: 139] - Moving Left
[DEBUG] 2026-08-02 01:21:55 [time 81807 ms] [JavaFX Application Thread] PlayerShip [moveLeft Line: 139] - Moving Left
[DEBUG] 2026-08-02 01:21:55 [time 81815 ms] [JavaFX Application Thread] PlayerShip [moveLeft Line: 139] - Moving Left
[DEBUG] 2026-08-02 01:21:55 [time 81815 ms] [JavaFX Application Thread] PlayerShip [moveTop Line: 149] - Moving Top
[DEBUG] 2026-08-02 01:21:55 [time 81824 ms] [JavaFX Application Thread] PlayerShip [moveLeft Line: 139] - Moving Left
[DEBUG] 2026-08-02 01:21:55 [time 81824 ms] [JavaFX Application Thread] PlayerShip [moveTop Line: 149] - Moving Top
[DEBUG] 2026-08-02 01:21:55 [time 81832 ms] [JavaFX Application Thread] PlayerShip [moveLeft Line: 139] - Moving Left
[DEBUG] 2026-08-02 01:21:55 [time 81832 ms] [JavaFX Application Thread] PlayerShip [moveTop Line: 149] - Moving Top
[DEBUG] 2026-08-02 01:21:55 [time 81840 ms] [JavaFX Application Thread] PlayerShip [moveLeft Line: 139] - Moving Left
[DEBUG] 2026-08-02 01:21:55 [time 81840 ms] [JavaFX Application Thread] PlayerShip [moveTop Line: 149] - Moving Top
[DEBUG] 2026-08-02 01:21:55 [time 81849 ms] [JavaFX Application Thread] PlayerShip [moveLeft Line: 139] - Moving Left
[DEBUG] 2026-08-02 01:21:55 [time 81849 ms] [JavaFX Application Thread] PlayerShip [moveTop Line: 149] - Moving Top
[DEBUG] 2026-08-02 01:21:55 [time 81851 ms] [JavaFX Application Thread] GameController [lambda$setUpKeyEvents$8 Line: 86] - PlayerShip shoot bullet
[DEBUG] 2026-08-02 01:21:55 [time 81857 ms] [JavaFX Application Thread] PlayerShip [moveLeft Line: 139] - Moving Left
[DEBUG] 2026-08-02 01:21:55 [time 81857 ms] [JavaFX Application Thread] PlayerShip [moveTop Line: 149] - Moving Top
[DEBUG] 2026-08-02 01:21:55 [time 81865 ms] [JavaFX Application Thread] PlayerShip [moveLeft Line: 139] - Moving Left
[DEBUG] 2026-08-02 01:21:55 [time 81866 ms] [JavaFX Application Thread] PlayerShip [moveTop Line: 149] - Moving Top
[DEBUG] 2026-08-02 01:21:55 [time 81874 ms] [JavaFX Application Thread] PlayerShip [moveLeft Line: 139] - Moving Left
[DEBUG] 2026-08-02 01:21:55 [time 81874 ms] [JavaFX Application Thread] PlayerShip [moveTop Line: 149] - Moving Top
[DEBUG] 2026-08-02 01:21:55 [time 81882 ms] [JavaFX Application Thread] PlayerShip [moveLeft Line: 139] - Moving Left
[DEBUG] 2026-08-02 01:21:55 [time 81882 ms] [JavaFX Application Thread] PlayerShip [moveTop Line: 149] - Moving Top
[DEBUG] 2026-08-02 01:21:55 [time 81890 ms] [JavaFX Application Thread] PlayerShip [moveLeft Line: 139] - Moving Left
[DEBUG] 2026-08-02 01:21:55 [time 81890 ms] [JavaFX Application Thread] PlayerShip [moveTop Line: 149] - Moving Top
[DEBUG] 2026-08-02 01:21:55 [time 81899 ms] [JavaFX Application Thread] PlayerShip [moveLeft Line: 139] - Moving Left
[DEBUG] 2026-08-02 01:21:55 [time 81899 ms] [JavaFX Application Thread] PlayerShip [moveTop Line: 149] - Moving Top
[DEBUG] 2026-08-02 01:21:55 [time 81907 ms] [JavaFX Application Thread] PlayerShip [moveLeft Line: 139] - Moving Left
[DEBUG] 2026-08-02 01:21:55 [time 81907 ms] [JavaFX Application Thread] PlayerShip [moveTop Line: 149] - Moving Top
[DEBUG] 2026-08-02 01:21:55 [time 81915 ms] [JavaFX Application Thread] PlayerShip [moveLeft Line: 139] - Moving Left
[DEBUG] 2026-08-02 01:21:55 [time 81916 ms] [JavaFX Application Thread] PlayerShip [moveTop Line: 149] - Moving Top
[DEBUG] 2026-08-02 01:21:55 [time 81924 ms] [JavaFX Application Thread] PlayerShip [moveLeft Line: 139] - Moving Left
[DEBUG] 2026-08-02 01:21:55 [time 81924 ms] [JavaFX Application Thread] PlayerShip [moveTop Line: 149] - Moving Top
[DEBUG] 2026-08-02 01:21:55 [time 81932 ms] [JavaFX Application Thread] PlayerShip [moveLeft Line: 139] - Moving Left
[DEBUG] 2026-08-02 01:21:55 [time 81932 ms] [JavaFX Application Thread] PlayerShip [moveTop Line: 149] - Moving Top
[ INFO] 2026-08-02 01:21:55 [time 81940 ms] [JavaFX Application Thread] GameController [updateAndCollidePlayerBullet Line: 360] - Current Score: 56
[DEBUG] 2026-08-02 01:21:55 [time 81944 ms] [JavaFX Application Thread] PlayerShip [moveTop Line: 149] - Moving Top
[DEBUG] 2026-08-02 01:21:55 [time 81949 ms] [JavaFX Application Thread] PlayerShip [moveTop Line: 149] - Moving Top
[DEBUG] 2026-08-02 01:21:55 [time 81957 ms] [JavaFX Application Thread] PlayerShip [moveTop Line: 149] - Moving Top
[DEBUG] 2026-08-02 01:21:55 [time 81966 ms] [JavaFX Application Thread] PlayerShip [moveTop Line: 149] - Moving Top
[DEBUG] 2026-08-02 01:21:55 [time 81974 ms] [JavaFX Application Thread] PlayerShip [moveTop Line: 149] - Moving Top
[DEBUG] 2026-08-02 01:21:55 [time 81982 ms] [JavaFX Application Thread] PlayerShip [moveTop Line: 149] - Moving Top
[DEBUG] 2026-08-02 01:21:55 [time 81990 ms] [JavaFX Application Thread] PlayerShip [moveTop Line: 149] - Moving Top
[DEBUG] 2026-08-02 01:21:55 [time 81998 ms] [JavaFX Application Thread] PlayerShip [moveTop Line: 149] - Moving Top
[DEBUG] 2026-08-02 01:21:55 [time 82006 ms] [JavaFX Application Thread] PlayerShip [moveTop Line: 149] - Moving Top
[DEBUG] 2026-08-02 01:21:55 [time 82016 ms] [JavaFX Application Thread] PlayerShip [moveTop Line: 149] - Moving Top
[DEBUG] 2026-08-02 01:21:55 [time 82024 ms] [JavaFX Application Thread] PlayerShip [moveTop Line: 149] - Moving Top
[DEBUG] 2026-08-02 01:21:55 [time 82032 ms] [JavaFX Application Thread] PlayerShip [moveTop Line: 149] - Moving Top
[DEBUG] 2026-08-02 01:21:55 [time 82040 ms] [JavaFX Application Thread] PlayerShip [moveTop Line: 149] - Moving Top
[DEBUG] 2026-08-02 01:21:55 [time 82049 ms] [JavaFX Application Thread] PlayerShip [moveTop Line: 149] - Moving Top
[DEBUG] 2026-08-02 01:21:55 [time 82056 ms] [JavaFX Application Thread] PlayerShip [moveTop Line: 149] - Moving Top
[DEBUG] 2026-08-02 01:21:55 [time 82065 ms] [JavaFX Application Thread] GameController [lambda$setUpKeyEvents$8 Line: 86] - PlayerShip shoot bullet
[DEBUG] 2026-08-02 01:21:55 [time 82066 ms] [JavaFX Application Thread] PlayerShip [moveTop Line: 149] - Moving Top
[DEBUG] 2026-08-02 01:21:55 [time 82074 ms] [JavaFX Application Thread] PlayerShip [moveTop Line: 149] - Moving Top
[DEBUG] 2026-08-02 01:21:55 [time 82082 ms] [JavaFX Application Thread] PlayerShip [moveTop Line: 149] - Moving Top
[DEBUG] 2026-08-02 01:21:55 [time 82090 ms] [JavaFX Application Thread] PlayerShip [moveTop Line: 149] - Moving Top
[DEBUG] 2026-08-02 01:21:55 [time 82099 ms] [JavaFX Application Thread] PlayerShip [moveTop Line: 149] - Moving Top
[DEBUG] 2026-08-02 01:21:55 [time 82107 ms] [JavaFX Application Thread] PlayerShip [moveLeft Line: 139] - Moving Left
[DEBUG] 2026-08-02 01:21:55 [time 82107 ms] [JavaFX Application Thread] PlayerShip [moveTop Line: 149] - Moving Top
[DEBUG] 2026-08-02 01:21:55 [time 82115 ms] [JavaFX Application Thread] PlayerShip [moveLeft Line: 139] - Moving Left
[DEBUG] 2026-08-02 01:21:55 [time 82116 ms] [JavaFX Application Thread] PlayerShip [moveTop Line: 149] - Moving Top
[DEBUG] 2026-08-02 01:21:55 [time 82123 ms] [JavaFX Application Thread] PlayerShip [moveLeft Line: 139] - Moving Left
[DEBUG] 2026-08-02 01:21:55 [time 82132 ms] [JavaFX Application Thread] PlayerShip [moveLeft Line: 139] - Moving Left
[DEBUG] 2026-08-02 01:21:55 [time 82140 ms] [JavaFX Application Thread] PlayerShip [moveLeft Line: 139] - Moving Left
[DEBUG] 2026-08-02 01:21:55 [time 82149 ms] [JavaFX Application Thread] PlayerShip [moveLeft Line: 139] - Moving Left
[DEBUG] 2026-08-02 01:21:55 [time 82157 ms] [JavaFX Application Thread] PlayerShip [moveLeft Line: 139] - Moving Left
[DEBUG] 2026-08-02 01:21:55 [time 82165 ms] [JavaFX Application Thread] PlayerShip [moveLeft Line: 139] - Moving Left
[DEBUG] 2026-08-02 01:21:55 [time 82174 ms] [JavaFX Application Thread] PlayerShip [moveLeft Line: 139] - Moving Left
[DEBUG] 2026-08-02 01:21:55 [time 82181 ms] [JavaFX Application Thread] PlayerShip [moveLeft Line: 139] - Moving Left
[DEBUG] 2026-08-02 01:21:55 [time 82190 ms] [JavaFX Application Thread] PlayerShip [moveLeft Line: 139] - Moving Left
[DEBUG] 2026-08-02 01:21:55 [time 82199 ms] [JavaFX Application Thread] PlayerShip [moveLeft Line: 139] - Moving Left
[DEBUG] 2026-08-02 01:21:55 [time 82207 ms] [JavaFX Application Thread] PlayerShip [moveLeft Line: 139] - Moving Left
[DEBUG] 2026-08-02 01:21:55 [time 82215 ms] [JavaFX Application Thread] PlayerShip [moveLeft Line: 139] - Moving Left
[DEBUG] 2026-08-02 01:21:55 [time 82223 ms] [JavaFX Application Thread] PlayerShip [moveLeft Line: 139] - Moving Left
[DEBUG] 2026-08-02 01:21:55 [time 82232 ms] [JavaFX Application Thread] PlayerShip [moveLeft Line: 139] - Moving Left
[DEBUG] 2026-08-02 01:21:55 [time 82240 ms] [JavaFX Application Thread] PlayerShip [moveLeft Line: 139] - Moving Left
[DEBUG] 2026-08-02 01:21:55 [time 82249 ms] [JavaFX Application Thread] PlayerShip [moveLeft Line: 139] - Moving Left
[DEBUG] 2026-08-02 01:21:55 [time 82257 ms] [JavaFX Application Thread] PlayerShip [moveLeft Line: 139] - Moving Left
[DEBUG] 2026-08-02 01:21:55 [time 82265 ms] [JavaFX Application Thread] PlayerShip [moveLeft Line: 139] - Moving Left
[DEBUG] 2026-08-02 01:21:55 [time 82274 ms] [JavaFX Application Thread] PlayerShip [moveLeft Line: 139] - Moving Left
[DEBUG] 2026-08-02 01:21:55 [time 82282 ms] [JavaFX Application Thread] PlayerShip [moveLeft Line: 139] - Moving Left
[DEBUG] 2026-08-02 01:21:55 [time 82290 ms] [JavaFX Application Thread] PlayerShip [moveLeft Line: 139] - Moving Left
[DEBUG] 2026-08-02 01:21:55 [time 82297 ms] [JavaFX Application Thread] GameController [lambda$addEventListeners$0 Line: 59] - angle: -49.720132618923074, rotatedangle: 40.279867381076926
[DEBUG] 2026-08-02 01:21:55 [time 82299 ms] [JavaFX Application Thread] PlayerShip [moveLeft Line: 139] - Moving Left
[DEBUG] 2026-08-02 01:21:55 [time 82302 ms] [JavaFX Application Thread] GameController [lambda$addEventListeners$0 Line: 59] - angle: -48.33633670221333, rotatedangle: 41.66366329778667
[DEBUG] 2026-08-02 01:21:55 [time 82307 ms] [JavaFX Application Thread] PlayerShip [moveLeft Line: 139] - Moving Left
[DEBUG] 2026-08-02 01:21:55 [time 82310 ms] [JavaFX Application Thread] GameController [lambda$addEventListeners$0 Line: 59] - angle: -47.40172654202152, rotatedangle: 42.59827345797848
[DEBUG] 2026-08-02 01:21:55 [time 82315 ms] [JavaFX Application Thread] PlayerShip [moveLeft Line: 139] - Moving Left
[DEBUG] 2026-08-02 01:21:55 [time 82318 ms] [JavaFX Application Thread] GameController [lambda$addEventListeners$0 Line: 59] - angle: -46.49433359126654, rotatedangle: 43.50566640873346
[DEBUG] 2026-08-02 01:21:55 [time 82324 ms] [JavaFX Application Thread] PlayerShip [moveLeft Line: 139] - Moving Left
[DEBUG] 2026-08-02 01:21:55 [time 82326 ms] [JavaFX Application Thread] GameController [lambda$addEventListeners$0 Line: 59] - angle: -45.73767684071327, rotatedangle: 44.26232315928673
[DEBUG] 2026-08-02 01:21:55 [time 82332 ms] [JavaFX Application Thread] PlayerShip [moveLeft Line: 139] - Moving Left
[DEBUG] 2026-08-02 01:21:55 [time 82335 ms] [JavaFX Application Thread] GameController [lambda$addEventListeners$0 Line: 59] - angle: -44.87887115870762, rotatedangle: 45.12112884129238
[DEBUG] 2026-08-02 01:21:55 [time 82340 ms] [JavaFX Application Thread] PlayerShip [moveLeft Line: 139] - Moving Left
[DEBUG] 2026-08-02 01:21:55 [time 82343 ms] [JavaFX Application Thread] GameController [lambda$addEventListeners$0 Line: 59] - angle: -44.28085124422966, rotatedangle: 45.71914875577034
[DEBUG] 2026-08-02 01:21:55 [time 82349 ms] [JavaFX Application Thread] PlayerShip [moveLeft Line: 139] - Moving Left
[DEBUG] 2026-08-02 01:21:55 [time 82351 ms] [JavaFX Application Thread] GameController [lambda$addEventListeners$0 Line: 59] - angle: -43.579734543116054, rotatedangle: 46.420265456883946
[DEBUG] 2026-08-02 01:21:55 [time 82357 ms] [JavaFX Application Thread] PlayerShip [moveLeft Line: 139] - Moving Left
[DEBUG] 2026-08-02 01:21:55 [time 82365 ms] [JavaFX Application Thread] PlayerShip [moveLeft Line: 139] - Moving Left
[DEBUG] 2026-08-02 01:21:55 [time 82368 ms] [JavaFX Application Thread] GameController [lambda$addEventListeners$0 Line: 59] - angle: -42.339688955928295, rotatedangle: 47.660311044071705
[DEBUG] 2026-08-02 01:21:55 [time 82374 ms] [JavaFX Application Thread] PlayerShip [moveLeft Line: 139] - Moving Left
[DEBUG] 2026-08-02 01:21:55 [time 82376 ms] [JavaFX Application Thread] GameController [lambda$addEventListeners$0 Line: 59] - angle: -41.79478387376352, rotatedangle: 48.20521612623648
[DEBUG] 2026-08-02 01:21:55 [time 82381 ms] [JavaFX Application Thread] PlayerShip [moveLeft Line: 139] - Moving Left
[DEBUG] 2026-08-02 01:21:55 [time 82384 ms] [JavaFX Application Thread] GameController [lambda$addEventListeners$0 Line: 59] - angle: -41.15586786376558, rotatedangle: 48.84413213623442
[DEBUG] 2026-08-02 01:21:55 [time 82390 ms] [JavaFX Application Thread] PlayerShip [moveLeft Line: 139] - Moving Left
[DEBUG] 2026-08-02 01:21:55 [time 82392 ms] [JavaFX Application Thread] GameController [lambda$addEventListeners$0 Line: 59] - angle: -40.412712976466324, rotatedangle: 49.587287023533676
[DEBUG] 2026-08-02 01:21:55 [time 82399 ms] [JavaFX Application Thread] PlayerShip [moveLeft Line: 139] - Moving Left
[DEBUG] 2026-08-02 01:21:55 [time 82400 ms] [JavaFX Application Thread] GameController [lambda$addEventListeners$0 Line: 59] - angle: -39.68545097050556, rotatedangle: 50.31454902949444
[DEBUG] 2026-08-02 01:21:55 [time 82407 ms] [JavaFX Application Thread] PlayerShip [moveLeft Line: 139] - Moving Left
[DEBUG] 2026-08-02 01:21:55 [time 82409 ms] [JavaFX Application Thread] GameController [lambda$addEventListeners$0 Line: 59] - angle: -38.85337766435744, rotatedangle: 51.14662233564256
[DEBUG] 2026-08-02 01:21:55 [time 82415 ms] [JavaFX Application Thread] PlayerShip [moveLeft Line: 139] - Moving Left
[DEBUG] 2026-08-02 01:21:55 [time 82416 ms] [JavaFX Application Thread] GameController [lambda$addEventListeners$0 Line: 59] - angle: -37.82116324189293, rotatedangle: 52.17883675810707
[DEBUG] 2026-08-02 01:21:55 [time 82423 ms] [JavaFX Application Thread] PlayerShip [moveLeft Line: 139] - Moving Left
[DEBUG] 2026-08-02 01:21:55 [time 82425 ms] [JavaFX Application Thread] GameController [lambda$addEventListeners$0 Line: 59] - angle: -37.14302164464527, rotatedangle: 52.85697835535473
[DEBUG] 2026-08-02 01:21:55 [time 82432 ms] [JavaFX Application Thread] PlayerShip [moveLeft Line: 139] - Moving Left
[DEBUG] 2026-08-02 01:21:55 [time 82433 ms] [JavaFX Application Thread] GameController [lambda$addEventListeners$0 Line: 59] - angle: -36.44816606883816, rotatedangle: 53.55183393116184
[DEBUG] 2026-08-02 01:21:55 [time 82440 ms] [JavaFX Application Thread] PlayerShip [moveLeft Line: 139] - Moving Left
[DEBUG] 2026-08-02 01:21:55 [time 82441 ms] [JavaFX Application Thread] GameController [lambda$addEventListeners$0 Line: 59] - angle: -35.58958493996197, rotatedangle: 54.41041506003803
[DEBUG] 2026-08-02 01:21:56 [time 82449 ms] [JavaFX Application Thread] PlayerShip [moveLeft Line: 139] - Moving Left
[DEBUG] 2026-08-02 01:21:56 [time 82449 ms] [JavaFX Application Thread] GameController [lambda$addEventListeners$0 Line: 59] - angle: -34.83500907124844, rotatedangle: 55.16499092875156
[DEBUG] 2026-08-02 01:21:56 [time 82457 ms] [JavaFX Application Thread] PlayerShip [moveLeft Line: 139] - Moving Left
[DEBUG] 2026-08-02 01:21:56 [time 82457 ms] [JavaFX Application Thread] GameController [lambda$addEventListeners$0 Line: 59] - angle: -34.29785002687143, rotatedangle: 55.70214997312857
[DEBUG] 2026-08-02 01:21:56 [time 82465 ms] [JavaFX Application Thread] GameController [lambda$addEventListeners$0 Line: 59] - angle: -34.05578400522366, rotatedangle: 55.94421599477634
[DEBUG] 2026-08-02 01:21:56 [time 82466 ms] [JavaFX Application Thread] PlayerShip [moveLeft Line: 139] - Moving Left
[DEBUG] 2026-08-02 01:21:56 [time 82473 ms] [JavaFX Application Thread] GameController [lambda$addEventListeners$0 Line: 59] - angle: -33.407820886201065, rotatedangle: 56.592179113798935
[DEBUG] 2026-08-02 01:21:56 [time 82474 ms] [JavaFX Application Thread] PlayerShip [moveLeft Line: 139] - Moving Left
[DEBUG] 2026-08-02 01:21:56 [time 82482 ms] [JavaFX Application Thread] GameController [lambda$addEventListeners$0 Line: 59] - angle: -32.89101870807428, rotatedangle: 57.10898129192572
[DEBUG] 2026-08-02 01:21:56 [time 82482 ms] [JavaFX Application Thread] PlayerShip [moveLeft Line: 139] - Moving Left
[DEBUG] 2026-08-02 01:21:56 [time 82490 ms] [JavaFX Application Thread] GameController [lambda$addEventListeners$0 Line: 59] - angle: -32.383613931728405, rotatedangle: 57.616386068271595
[DEBUG] 2026-08-02 01:21:56 [time 82490 ms] [JavaFX Application Thread] PlayerShip [moveLeft Line: 139] - Moving Left
[DEBUG] 2026-08-02 01:21:56 [time 82498 ms] [JavaFX Application Thread] GameController [lambda$addEventListeners$0 Line: 59] - angle: -31.76521437586258, rotatedangle: 58.234785624137416
[DEBUG] 2026-08-02 01:21:56 [time 82499 ms] [JavaFX Application Thread] PlayerShip [moveLeft Line: 139] - Moving Left
[DEBUG] 2026-08-02 01:21:56 [time 82506 ms] [JavaFX Application Thread] GameController [lambda$addEventListeners$0 Line: 59] - angle: -31.276578463480938, rotatedangle: 58.72342153651906
[DEBUG] 2026-08-02 01:21:56 [time 82507 ms] [JavaFX Application Thread] PlayerShip [moveLeft Line: 139] - Moving Left
[DEBUG] 2026-08-02 01:21:56 [time 82515 ms] [JavaFX Application Thread] GameController [lambda$addEventListeners$0 Line: 59] - angle: -30.796852207883713, rotatedangle: 59.20314779211628
[DEBUG] 2026-08-02 01:21:56 [time 82515 ms] [JavaFX Application Thread] PlayerShip [moveLeft Line: 139] - Moving Left
[DEBUG] 2026-08-02 01:21:56 [time 82523 ms] [JavaFX Application Thread] GameController [lambda$addEventListeners$0 Line: 59] - angle: -30.325846871540723, rotatedangle: 59.67415312845928
[DEBUG] 2026-08-02 01:21:56 [time 82524 ms] [JavaFX Application Thread] PlayerShip [moveLeft Line: 139] - Moving Left
[DEBUG] 2026-08-02 01:21:56 [time 82531 ms] [JavaFX Application Thread] GameController [lambda$addEventListeners$0 Line: 59] - angle: -29.744878451703695, rotatedangle: 60.2551215482963
[DEBUG] 2026-08-02 01:21:56 [time 82532 ms] [JavaFX Application Thread] PlayerShip [moveLeft Line: 139] - Moving Left
[DEBUG] 2026-08-02 01:21:56 [time 82539 ms] [JavaFX Application Thread] GameController [lambda$addEventListeners$0 Line: 59] - angle: -29.305845394181716, rotatedangle: 60.694154605818284
[DEBUG] 2026-08-02 01:21:56 [time 82540 ms] [JavaFX Application Thread] PlayerShip [moveLeft Line: 139] - Moving Left
[DEBUG] 2026-08-02 01:21:56 [time 82547 ms] [JavaFX Application Thread] GameController [lambda$addEventListeners$0 Line: 59] - angle: -28.75131148616687, rotatedangle: 61.24868851383313
[DEBUG] 2026-08-02 01:21:56 [time 82549 ms] [JavaFX Application Thread] PlayerShip [moveLeft Line: 139] - Moving Left
[DEBUG] 2026-08-02 01:21:56 [time 82556 ms] [JavaFX Application Thread] GameController [lambda$addEventListeners$0 Line: 59] - angle: -28.319069197618784, rotatedangle: 61.68093080238121
[DEBUG] 2026-08-02 01:21:56 [time 82557 ms] [JavaFX Application Thread] PlayerShip [moveLeft Line: 139] - Moving Left
[DEBUG] 2026-08-02 01:21:56 [time 82564 ms] [JavaFX Application Thread] GameController [lambda$addEventListeners$0 Line: 59] - angle: -27.65741940392325, rotatedangle: 62.34258059607675
[DEBUG] 2026-08-02 01:21:56 [time 82565 ms] [JavaFX Application Thread] PlayerShip [moveLeft Line: 139] - Moving Left
[DEBUG] 2026-08-02 01:21:56 [time 82572 ms] [JavaFX Application Thread] GameController [lambda$addEventListeners$0 Line: 59] - angle: -26.869815882572137, rotatedangle: 63.13018411742786
[DEBUG] 2026-08-02 01:21:56 [time 82574 ms] [JavaFX Application Thread] PlayerShip [moveLeft Line: 139] - Moving Left
[DEBUG] 2026-08-02 01:21:56 [time 82581 ms] [JavaFX Application Thread] GameController [lambda$addEventListeners$0 Line: 59] - angle: -25.952285454813985, rotatedangle: 64.04771454518601
[DEBUG] 2026-08-02 01:21:56 [time 82581 ms] [JavaFX Application Thread] PlayerShip [moveLeft Line: 139] - Moving Left
[DEBUG] 2026-08-02 01:21:56 [time 82589 ms] [JavaFX Application Thread] GameController [lambda$addEventListeners$0 Line: 59] - angle: -24.16332463505647, rotatedangle: 65.83667536494353
[DEBUG] 2026-08-02 01:21:56 [time 82590 ms] [JavaFX Application Thread] PlayerShip [moveLeft Line: 139] - Moving Left
[DEBUG] 2026-08-02 01:21:56 [time 82599 ms] [JavaFX Application Thread] PlayerShip [moveLeft Line: 139] - Moving Left
[DEBUG] 2026-08-02 01:21:56 [time 82607 ms] [JavaFX Application Thread] PlayerShip [moveLeft Line: 139] - Moving Left
[DEBUG] 2026-08-02 01:21:56 [time 82615 ms] [JavaFX Application Thread] PlayerShip [moveLeft Line: 139] - Moving Left
[DEBUG] 2026-08-02 01:21:56 [time 82623 ms] [JavaFX Application Thread] PlayerShip [moveLeft Line: 139] - Moving Left
[DEBUG] 2026-08-02 01:21:56 [time 82632 ms] [JavaFX Application Thread] PlayerShip [moveLeft Line: 139] - Moving Left
[DEBUG] 2026-08-02 01:21:56 [time 82640 ms] [JavaFX Application Thread] PlayerShip [moveLeft Line: 139] - Moving Left
[DEBUG] 2026-08-02 01:21:56 [time 82649 ms] [JavaFX Application Thread] PlayerShip [moveLeft Line: 139] - Moving Left
[DEBUG] 2026-08-02 01:21:56 [time 82657 ms] [JavaFX Application Thread] PlayerShip [moveLeft Line: 139] - Moving Left
[DEBUG] 2026-08-02 01:21:56 [time 82665 ms] [JavaFX Application Thread] PlayerShip [moveLeft Line: 139] - Moving Left
[DEBUG] 2026-08-02 01:21:56 [time 82674 ms] [JavaFX Application Thread] PlayerShip [moveLeft Line: 139] - Moving Left
[DEBUG] 2026-08-02 01:21:56 [time 82682 ms] [JavaFX Application Thread] PlayerShip [moveLeft Line: 139] - Moving Left
[DEBUG] 2026-08-02 01:21:56 [time 82690 ms] [JavaFX Application Thread] PlayerShip [moveLeft Line: 139] - Moving Left
[DEBUG] 2026-08-02 01:21:56 [time 82699 ms] [JavaFX Application Thread] PlayerShip [moveLeft Line: 139] - Moving Left
[DEBUG] 2026-08-02 01:21:56 [time 82707 ms] [JavaFX Application Thread] PlayerShip [moveLeft Line: 139] - Moving Left
[DEBUG] 2026-08-02 01:21:56 [time 82715 ms] [JavaFX Application Thread] PlayerShip [moveLeft Line: 139] - Moving Left
[DEBUG] 2026-08-02 01:21:56 [time 82724 ms] [JavaFX Application Thread] PlayerShip [moveLeft Line: 139] - Moving Left
[DEBUG] 2026-08-02 01:21:56 [time 82732 ms] [JavaFX Application Thread] PlayerShip [moveLeft Line: 139] - Moving Left
[DEBUG] 2026-08-02 01:21:56 [time 82740 ms] [JavaFX Application Thread] PlayerShip [moveLeft Line: 139] - Moving Left
[DEBUG] 2026-08-02 01:21:56 [time 82749 ms] [JavaFX Application Thread] PlayerShip [moveLeft Line: 139] - Moving Left
[DEBUG] 2026-08-02 01:21:56 [time 82757 ms] [JavaFX Application Thread] PlayerShip [moveLeft Line: 139] - Moving Left
[DEBUG] 2026-08-02 01:21:56 [time 82765 ms] [JavaFX Application Thread] PlayerShip [moveLeft Line: 139] - Moving Left
[DEBUG] 2026-08-02 01:21:56 [time 82774 ms] [JavaFX Application Thread] PlayerShip [moveLeft Line: 139] - Moving Left
[DEBUG] 2026-08-02 01:21:56 [time 82782 ms] [JavaFX Application Thread] PlayerShip [moveLeft Line: 139] - Moving Left
[DEBUG] 2026-08-02 01:21:56 [time 82790 ms] [JavaFX Application Thread] PlayerShip [moveLeft Line: 139] - Moving Left
[DEBUG] 2026-08-02 01:21:56 [time 82794 ms] [JavaFX Application Thread] GameController [lambda$addEventListeners$0 Line: 59] - angle: -18.53906240297537, rotatedangle: 71.46093759702462
[DEBUG] 2026-08-02 01:21:56 [time 82799 ms] [JavaFX Application Thread] PlayerShip [moveLeft Line: 139] - Moving Left
[DEBUG] 2026-08-02 01:21:56 [time 82802 ms] [JavaFX Application Thread] GameController [lambda$addEventListeners$0 Line: 59] - angle: -18.261847676544356, rotatedangle: 71.73815232345564
[DEBUG] 2026-08-02 01:21:56 [time 82807 ms] [JavaFX Application Thread] PlayerShip [moveLeft Line: 139] - Moving Left
[DEBUG] 2026-08-02 01:21:56 [time 82810 ms] [JavaFX Application Thread] GameController [lambda$addEventListeners$0 Line: 59] - angle: -17.626038220208418, rotatedangle: 72.37396177979159
[DEBUG] 2026-08-02 01:21:56 [time 82815 ms] [JavaFX Application Thread] PlayerShip [moveLeft Line: 139] - Moving Left
[DEBUG] 2026-08-02 01:21:56 [time 82818 ms] [JavaFX Application Thread] GameController [lambda$addEventListeners$0 Line: 59] - angle: -16.786085538993813, rotatedangle: 73.21391446100618
[DEBUG] 2026-08-02 01:21:56 [time 82823 ms] [JavaFX Application Thread] PlayerShip [moveLeft Line: 139] - Moving Left
[DEBUG] 2026-08-02 01:21:56 [time 82826 ms] [JavaFX Application Thread] GameController [lambda$addEventListeners$0 Line: 59] - angle: -15.524110996754258, rotatedangle: 74.47588900324574
[DEBUG] 2026-08-02 01:21:56 [time 82832 ms] [JavaFX Application Thread] PlayerShip [moveLeft Line: 139] - Moving Left
[DEBUG] 2026-08-02 01:21:56 [time 82835 ms] [JavaFX Application Thread] GameController [lambda$addEventListeners$0 Line: 59] - angle: -12.57152172356925, rotatedangle: 77.42847827643075
[DEBUG] 2026-08-02 01:21:56 [time 82840 ms] [JavaFX Application Thread] PlayerShip [moveLeft Line: 139] - Moving Left
[DEBUG] 2026-08-02 01:21:56 [time 82842 ms] [JavaFX Application Thread] GameController [lambda$addEventListeners$0 Line: 59] - angle: -9.67496536186198, rotatedangle: 80.32503463813802
[DEBUG] 2026-08-02 01:21:56 [time 82849 ms] [JavaFX Application Thread] PlayerShip [moveLeft Line: 139] - Moving Left
[DEBUG] 2026-08-02 01:21:56 [time 82850 ms] [JavaFX Application Thread] GameController [lambda$addEventListeners$0 Line: 59] - angle: -8.55294531206864, rotatedangle: 81.44705468793136
[DEBUG] 2026-08-02 01:21:56 [time 82857 ms] [JavaFX Application Thread] PlayerShip [moveLeft Line: 139] - Moving Left
[DEBUG] 2026-08-02 01:21:56 [time 82858 ms] [JavaFX Application Thread] GameController [lambda$addEventListeners$0 Line: 59] - angle: -5.743198836203314, rotatedangle: 84.25680116379668
[DEBUG] 2026-08-02 01:21:56 [time 82865 ms] [JavaFX Application Thread] PlayerShip [moveLeft Line: 139] - Moving Left
[DEBUG] 2026-08-02 01:21:56 [time 82867 ms] [JavaFX Application Thread] GameController [lambda$addEventListeners$0 Line: 59] - angle: -4.749571232309313, rotatedangle: 85.25042876769069
[DEBUG] 2026-08-02 01:21:56 [time 82874 ms] [JavaFX Application Thread] PlayerShip [moveLeft Line: 139] - Moving Left
[DEBUG] 2026-08-02 01:21:56 [time 82875 ms] [JavaFX Application Thread] GameController [lambda$addEventListeners$0 Line: 59] - angle: -3.089156524687308, rotatedangle: 86.91084347531269
[DEBUG] 2026-08-02 01:21:56 [time 82882 ms] [JavaFX Application Thread] PlayerShip [moveLeft Line: 139] - Moving Left
[DEBUG] 2026-08-02 01:21:56 [time 82884 ms] [JavaFX Application Thread] GameController [lambda$addEventListeners$0 Line: 59] - angle: -1.5326347122268462, rotatedangle: 88.46736528777315
[DEBUG] 2026-08-02 01:21:56 [time 82890 ms] [JavaFX Application Thread] PlayerShip [moveLeft Line: 139] - Moving Left
[DEBUG] 2026-08-02 01:21:56 [time 82890 ms] [JavaFX Application Thread] PlayerShip [moveTop Line: 149] - Moving Top
[DEBUG] 2026-08-02 01:21:56 [time 82891 ms] [JavaFX Application Thread] GameController [lambda$addEventListeners$0 Line: 59] - angle: 0.5988887754711634, rotatedangle: 90.59888877547117
[DEBUG] 2026-08-02 01:21:56 [time 82899 ms] [JavaFX Application Thread] PlayerShip [moveLeft Line: 139] - Moving Left
[DEBUG] 2026-08-02 01:21:56 [time 82899 ms] [JavaFX Application Thread] PlayerShip [moveTop Line: 149] - Moving Top
[DEBUG] 2026-08-02 01:21:56 [time 82899 ms] [JavaFX Application Thread] GameController [lambda$addEventListeners$0 Line: 59] - angle: 1.8024222918470074, rotatedangle: 91.80242229184701
[DEBUG] 2026-08-02 01:21:56 [time 82906 ms] [JavaFX Application Thread] PlayerShip [moveLeft Line: 139] - Moving Left
[DEBUG] 2026-08-02 01:21:56 [time 82906 ms] [JavaFX Application Thread] PlayerShip [moveTop Line: 149] - Moving Top
[DEBUG] 2026-08-02 01:21:56 [time 82908 ms] [JavaFX Application Thread] GameController [lambda$addEventListeners$0 Line: 59] - angle: 3.4620730561350914, rotatedangle: 93.4620730561351
[DEBUG] 2026-08-02 01:21:56 [time 82916 ms] [JavaFX Application Thread] GameController [lambda$addEventListeners$0 Line: 59] - angle: 3.758558862506396, rotatedangle: 93.75855886250639
[DEBUG] 2026-08-02 01:21:56 [time 82916 ms] [JavaFX Application Thread] PlayerShip [moveLeft Line: 139] - Moving Left
[DEBUG] 2026-08-02 01:21:56 [time 82916 ms] [JavaFX Application Thread] PlayerShip [moveTop Line: 149] - Moving Top
[DEBUG] 2026-08-02 01:21:56 [time 82924 ms] [JavaFX Application Thread] GameController [lambda$addEventListeners$0 Line: 59] - angle: 5.024071801293581, rotatedangle: 95.02407180129359
[DEBUG] 2026-08-02 01:21:56 [time 82924 ms] [JavaFX Application Thread] PlayerShip [moveLeft Line: 139] - Moving Left
[DEBUG] 2026-08-02 01:21:56 [time 82924 ms] [JavaFX Application Thread] PlayerShip [moveTop Line: 149] - Moving Top
[DEBUG] 2026-08-02 01:21:56 [time 82932 ms] [JavaFX Application Thread] GameController [lambda$addEventListeners$0 Line: 59] - angle: 6.225832206178886, rotatedangle: 96.2258322061789
[DEBUG] 2026-08-02 01:21:56 [time 82932 ms] [JavaFX Application Thread] PlayerShip [moveLeft Line: 139] - Moving Left
[DEBUG] 2026-08-02 01:21:56 [time 82932 ms] [JavaFX Application Thread] PlayerShip [moveTop Line: 149] - Moving Top
[DEBUG] 2026-08-02 01:21:56 [time 82940 ms] [JavaFX Application Thread] GameController [lambda$addEventListeners$0 Line: 59] - angle: 7.175742620982361, rotatedangle: 97.17574262098236
[DEBUG] 2026-08-02 01:21:56 [time 82940 ms] [JavaFX Application Thread] PlayerShip [moveTop Line: 149] - Moving Top
[DEBUG] 2026-08-02 01:21:56 [time 82948 ms] [JavaFX Application Thread] GameController [lambda$addEventListeners$0 Line: 59] - angle: 8.216957494799807, rotatedangle: 98.2169574947998
[DEBUG] 2026-08-02 01:21:56 [time 82949 ms] [JavaFX Application Thread] PlayerShip [moveTop Line: 149] - Moving Top
[DEBUG] 2026-08-02 01:21:56 [time 82957 ms] [JavaFX Application Thread] GameController [lambda$addEventListeners$0 Line: 59] - angle: 9.260227702369258, rotatedangle: 99.26022770236926
[DEBUG] 2026-08-02 01:21:56 [time 82957 ms] [JavaFX Application Thread] PlayerShip [moveTop Line: 149] - Moving Top
[DEBUG] 2026-08-02 01:21:56 [time 82965 ms] [JavaFX Application Thread] GameController [lambda$addEventListeners$0 Line: 59] - angle: 10.26830524239978, rotatedangle: 100.26830524239978
[DEBUG] 2026-08-02 01:21:56 [time 82965 ms] [JavaFX Application Thread] PlayerShip [moveTop Line: 149] - Moving Top
[DEBUG] 2026-08-02 01:21:56 [time 82973 ms] [JavaFX Application Thread] GameController [lambda$addEventListeners$0 Line: 59] - angle: 11.309926360284324, rotatedangle: 101.30992636028432
[DEBUG] 2026-08-02 01:21:56 [time 82974 ms] [JavaFX Application Thread] PlayerShip [moveTop Line: 149] - Moving Top
[DEBUG] 2026-08-02 01:21:56 [time 82982 ms] [JavaFX Application Thread] PlayerShip [moveTop Line: 149] - Moving Top
[DEBUG] 2026-08-02 01:21:56 [time 82990 ms] [JavaFX Application Thread] PlayerShip [moveTop Line: 149] - Moving Top
[DEBUG] 2026-08-02 01:21:56 [time 82999 ms] [JavaFX Application Thread] PlayerShip [moveTop Line: 149] - Moving Top
[DEBUG] 2026-08-02 01:21:56 [time 83007 ms] [JavaFX Application Thread] PlayerShip [moveTop Line: 149] - Moving Top
[DEBUG] 2026-08-02 01:21:56 [time 83015 ms] [JavaFX Application Thread] PlayerShip [moveTop Line: 149] - Moving Top
[DEBUG] 2026-08-02 01:21:56 [time 83023 ms] [JavaFX Application Thread] PlayerShip [moveTop Line: 149] - Moving Top
[DEBUG] 2026-08-02 01:21:56 [time 83032 ms] [JavaFX Application Thread] PlayerShip [moveTop Line: 149] - Moving Top
[DEBUG] 2026-08-02 01:21:56 [time 83040 ms] [JavaFX Application Thread] PlayerShip [moveTop Line: 149] - Moving Top
[DEBUG] 2026-08-02 01:21:56 [time 83049 ms] [JavaFX Application Thread] PlayerShip [moveTop Line: 149] - Moving Top
[DEBUG] 2026-08-02 01:21:56 [time 83057 ms] [JavaFX Application Thread] PlayerShip [moveTop Line: 149] - Moving Top
[DEBUG] 2026-08-02 01:21:56 [time 83065 ms] [JavaFX Application Thread] PlayerShip [moveTop Line: 149] - Moving Top
[DEBUG] 2026-08-02 01:21:56 [time 83074 ms] [JavaFX Application Thread] PlayerShip [moveTop Line: 149] - Moving Top
[DEBUG] 2026-08-02 01:21:56 [time 83082 ms] [JavaFX Application Thread] PlayerShip [moveTop Line: 149] - Moving Top
[DEBUG] 2026-08-02 01:21:56 [time 83090 ms] [JavaFX Application Thread] PlayerShip [moveTop Line: 149] - Moving Top
[DEBUG] 2026-08-02 01:21:56 [time 83099 ms] [JavaFX Application Thread] PlayerShip [moveTop Line: 149] - Moving Top
[DEBUG] 2026-08-02 01:21:56 [time 83107 ms] [JavaFX Application Thread] PlayerShip [moveTop Line: 149] - Moving Top
[DEBUG] 2026-08-02 01:21:56 [time 83115 ms] [JavaFX Application Thread] PlayerShip [moveTop Line: 149] - Moving Top
[DEBUG] 2026-08-02 01:21:56 [time 83124 ms] [JavaFX Application Thread] PlayerShip [moveTop Line: 149] - Moving Top
[DEBUG] 2026-08-02 01:21:56 [time 83132 ms] [JavaFX Application Thread] PlayerShip [moveTop Line: 149] - Moving Top
[DEBUG] 2026-08-02 01:21:56 [time 83137 ms] [JavaFX Application Thread] GameController [lambda$setUpKeyEvents$8 Line: 86] - PlayerShip shoot bullet
[DEBUG] 2026-08-02 01:21:56 [time 83140 ms] [JavaFX Application Thread] PlayerShip [moveTop Line: 149] - Moving Top
[DEBUG] 2026-08-02 01:21:56 [time 83149 ms] [JavaFX Application Thread] PlayerShip [moveTop Line: 149] - Moving Top
[DEBUG] 2026-08-02 01:21:56 [time 83157 ms] [JavaFX Application Thread] PlayerShip [moveTop Line: 149] - Moving Top
[DEBUG] 2026-08-02 01:21:56 [time 83165 ms] [JavaFX Application Thread] PlayerShip [moveTop Line: 149] - Moving Top
[DEBUG] 2026-08-02 01:21:56 [time 83173 ms] [JavaFX Application Thread] PlayerShip [moveTop Line: 149] - Moving Top
[DEBUG] 2026-08-02 01:21:56 [time 83182 ms] [JavaFX Application Thread] PlayerShip [moveTop Line: 149] - Moving Top
[DEBUG] 2026-08-02 01:21:56 [time 83190 ms] [JavaFX Application Thread] PlayerShip [moveTop Line: 149] - Moving Top
[DEBUG] 2026-08-02 01:21:56 [time 83198 ms] [JavaFX Application Thread] PlayerShip [moveTop Line: 149] - Moving Top
[DEBUG] 2026-08-02 01:21:56 [time 83207 ms] [JavaFX Application Thread] PlayerShip [moveTop Line: 149] - Moving Top
[DEBUG] 2026-08-02 01:21:56 [time 83215 ms] [JavaFX Application Thread] PlayerShip [moveTop Line: 149] - Moving Top
[DEBUG] 2026-08-02 01:21:56 [time 83224 ms] [JavaFX Application Thread] PlayerShip [moveTop Line: 149] - Moving Top
[DEBUG] 2026-08-02 01:21:56 [time 83232 ms] [JavaFX Application Thread] PlayerShip [moveTop Line: 149] - Moving Top
[DEBUG] 2026-08-02 01:21:56 [time 83240 ms] [JavaFX Application Thread] PlayerShip [moveTop Line: 149] - Moving Top
[DEBUG] 2026-08-02 01:21:56 [time 83249 ms] [JavaFX Application Thread] PlayerShip [moveTop Line: 149] - Moving Top
[DEBUG] 2026-08-02 01:21:56 [time 83257 ms] [JavaFX Application Thread] PlayerShip [moveTop Line: 149] - Moving Top
[DEBUG] 2026-08-02 01:21:56 [time 83265 ms] [JavaFX Application Thread] PlayerShip [moveTop Line: 149] - Moving Top
[DEBUG] 2026-08-02 01:21:56 [time 83274 ms] [JavaFX Application Thread] PlayerShip [moveTop Line: 149] - Moving Top
[DEBUG] 2026-08-02 01:21:56 [time 83282 ms] [JavaFX Application Thread] PlayerShip [moveTop Line: 149] - Moving Top
[DEBUG] 2026-08-02 01:21:56 [time 83290 ms] [JavaFX Application Thread] PlayerShip [moveTop Line: 149] - Moving Top
[DEBUG] 2026-08-02 01:21:56 [time 83299 ms] [JavaFX Application Thread] PlayerShip [moveTop Line: 149] - Moving Top
[DEBUG] 2026-08-02 01:21:56 [time 83307 ms] [JavaFX Application Thread] PlayerShip [moveTop Line: 149] - Moving Top
[DEBUG] 2026-08-02 01:21:56 [time 83315 ms] [JavaFX Application Thread] PlayerShip [moveTop Line: 149] - Moving Top
[DEBUG] 2026-08-02 01:21:56 [time 83324 ms] [JavaFX Application Thread] PlayerShip [moveTop Line: 149] - Moving Top
[DEBUG] 2026-08-02 01:21:56 [time 83332 ms] [JavaFX Application Thread] GameController [lambda$setUpKeyEvents$8 Line: 86] - PlayerShip shoot bullet
[DEBUG] 2026-08-02 01:21:56 [time 83332 ms] [JavaFX Application Thread] PlayerShip [moveTop Line: 149] - Moving Top
[DEBUG] 2026-08-02 01:21:56 [time 83340 ms] [JavaFX Application Thread] PlayerShip [moveTop Line: 149] - Moving Top
[DEBUG] 2026-08-02 01:21:56 [time 83349 ms] [JavaFX Application Thread] PlayerShip [moveTop Line: 149] - Moving Top
[DEBUG] 2026-08-02 01:21:56 [time 83356 ms] [JavaFX Application Thread] PlayerShip [moveTop Line: 149] - Moving Top
[DEBUG] 2026-08-02 01:21:56 [time 83366 ms] [JavaFX Application Thread] PlayerShip [moveTop Line: 149] - Moving Top
[DEBUG] 2026-08-02 01:21:56 [time 83374 ms] [JavaFX Application Thread] PlayerShip [moveTop Line: 149] - Moving Top
[DEBUG] 2026-08-02 01:21:56 [time 83382 ms] [JavaFX Application Thread] PlayerShip [moveTop Line: 149] - Moving Top
[DEBUG] 2026-08-02 01:21:56 [time 83390 ms] [JavaFX Application Thread] PlayerShip [moveTop Line: 149] - Moving Top
[DEBUG] 2026-08-02 01:21:56 [time 83399 ms] [JavaFX Application Thread] PlayerShip [moveTop Line: 149] - Moving Top
[DEBUG] 2026-08-02 01:21:56 [time 83407 ms] [JavaFX Application Thread] PlayerShip [moveTop Line: 149] - Moving Top
[DEBUG] 2026-08-02 01:21:56 [time 83415 ms] [JavaFX Application Thread] PlayerShip [moveTop Line: 149] - Moving Top
[DEBUG] 2026-08-02 01:21:56 [time 83424 ms] [JavaFX Application Thread] PlayerShip [moveTop Line: 149] - Moving Top
[DEBUG] 2026-08-02 01:21:56 [time 83432 ms] [JavaFX Application Thread] PlayerShip [moveRight Line: 144] - Moving Right
[DEBUG] 2026-08-02 01:21:56 [time 83432 ms] [JavaFX Application Thread] PlayerShip [moveTop Line: 149] - Moving Top
[DEBUG] 2026-08-02 01:21:56 [time 83440 ms] [JavaFX Application Thread] PlayerShip [moveRight Line: 144] - Moving Right
[DEBUG] 2026-08-02 01:21:56 [time 83441 ms] [JavaFX Application Thread] PlayerShip [moveTop Line: 149] - Moving Top
[DEBUG] 2026-08-02 01:21:57 [time 83449 ms] [JavaFX Application Thread] PlayerShip [moveRight Line: 144] - Moving Right
[DEBUG] 2026-08-02 01:21:57 [time 83449 ms] [JavaFX Application Thread] PlayerShip [moveTop Line: 149] - Moving Top
[DEBUG] 2026-08-02 01:21:57 [time 83457 ms] [JavaFX Application Thread] PlayerShip [moveRight Line: 144] - Moving Right
[DEBUG] 2026-08-02 01:21:57 [time 83457 ms] [JavaFX Application Thread] PlayerShip [moveTop Line: 149] - Moving Top
[DEBUG] 2026-08-02 01:21:57 [time 83465 ms] [JavaFX Application Thread] PlayerShip [moveRight Line: 144] - Moving Right
[DEBUG] 2026-08-02 01:21:57 [time 83465 ms] [JavaFX Application Thread] PlayerShip [moveTop Line: 149] - Moving Top
[DEBUG] 2026-08-02 01:21:57 [time 83474 ms] [JavaFX Application Thread] PlayerShip [moveRight Line: 144] - Moving Right
[DEBUG] 2026-08-02 01:21:57 [time 83474 ms] [JavaFX Application Thread] PlayerShip [moveTop Line: 149] - Moving Top
[DEBUG] 2026-08-02 01:21:57 [time 83482 ms] [JavaFX Application Thread] PlayerShip [moveRight Line: 144] - Moving Right
[DEBUG] 2026-08-02 01:21:57 [time 83482 ms] [JavaFX Application Thread] PlayerShip [moveTop Line: 149] - Moving Top
[DEBUG] 2026-08-02 01:21:57 [time 83490 ms] [JavaFX Application Thread] PlayerShip [moveRight Line: 144] - Moving Right
[DEBUG] 2026-08-02 01:21:57 [time 83490 ms] [JavaFX Application Thread] PlayerShip [moveTop Line: 149] - Moving Top
[DEBUG] 2026-08-02 01:21:57 [time 83499 ms] [JavaFX Application Thread] PlayerShip [moveRight Line: 144] - Moving Right
[DEBUG] 2026-08-02 01:21:57 [time 83499 ms] [JavaFX Application Thread] PlayerShip [moveTop Line: 149] - Moving Top
[DEBUG] 2026-08-02 01:21:57 [time 83507 ms] [JavaFX Application Thread] PlayerShip [moveRight Line: 144] - Moving Right
[DEBUG] 2026-08-02 01:21:57 [time 83507 ms] [JavaFX Application Thread] PlayerShip [moveTop Line: 149] - Moving Top
[DEBUG] 2026-08-02 01:21:57 [time 83515 ms] [JavaFX Application Thread] PlayerShip [moveRight Line: 144] - Moving Right
[DEBUG] 2026-08-02 01:21:57 [time 83515 ms] [JavaFX Application Thread] PlayerShip [moveTop Line: 149] - Moving Top
[DEBUG] 2026-08-02 01:21:57 [time 83524 ms] [JavaFX Application Thread] PlayerShip [moveRight Line: 144] - Moving Right
[DEBUG] 2026-08-02 01:21:57 [time 83524 ms] [JavaFX Application Thread] PlayerShip [moveTop Line: 149] - Moving Top
[DEBUG] 2026-08-02 01:21:57 [time 83532 ms] [JavaFX Application Thread] GameController [lambda$setUpKeyEvents$8 Line: 86] - PlayerShip shoot bullet
[DEBUG] 2026-08-02 01:21:57 [time 83533 ms] [JavaFX Application Thread] PlayerShip [moveRight Line: 144] - Moving Right
[DEBUG] 2026-08-02 01:21:57 [time 83533 ms] [JavaFX Application Thread] PlayerShip [moveTop Line: 149] - Moving Top
[DEBUG] 2026-08-02 01:21:57 [time 83540 ms] [JavaFX Application Thread] PlayerShip [moveRight Line: 144] - Moving Right
[DEBUG] 2026-08-02 01:21:57 [time 83548 ms] [JavaFX Application Thread] PlayerShip [moveRight Line: 144] - Moving Right
[DEBUG] 2026-08-02 01:21:57 [time 83557 ms] [JavaFX Application Thread] PlayerShip [moveRight Line: 144] - Moving Right
[DEBUG] 2026-08-02 01:21:57 [time 83565 ms] [JavaFX Application Thread] PlayerShip [moveRight Line: 144] - Moving Right
[DEBUG] 2026-08-02 01:21:57 [time 83574 ms] [JavaFX Application Thread] PlayerShip [moveRight Line: 144] - Moving Right
[DEBUG] 2026-08-02 01:21:57 [time 83582 ms] [JavaFX Application Thread] PlayerShip [moveRight Line: 144] - Moving Right
[DEBUG] 2026-08-02 01:21:57 [time 83590 ms] [JavaFX Application Thread] PlayerShip [moveRight Line: 144] - Moving Right
[DEBUG] 2026-08-02 01:21:57 [time 83598 ms] [JavaFX Application Thread] PlayerShip [moveRight Line: 144] - Moving Right
[DEBUG] 2026-08-02 01:21:57 [time 83607 ms] [JavaFX Application Thread] PlayerShip [moveRight Line: 144] - Moving Right
[DEBUG] 2026-08-02 01:21:57 [time 83615 ms] [JavaFX Application Thread] PlayerShip [moveRight Line: 144] - Moving Right
[DEBUG] 2026-08-02 01:21:57 [time 83624 ms] [JavaFX Application Thread] PlayerShip [moveRight Line: 144] - Moving Right
[DEBUG] 2026-08-02 01:21:57 [time 83631 ms] [JavaFX Application Thread] PlayerShip [moveRight Line: 144] - Moving Right
[DEBUG] 2026-08-02 01:21:57 [time 83640 ms] [JavaFX Application Thread] PlayerShip [moveRight Line: 144] - Moving Right
[DEBUG] 2026-08-02 01:21:57 [time 83648 ms] [JavaFX Application Thread] PlayerShip [moveRight Line: 144] - Moving Right
[DEBUG] 2026-08-02 01:21:57 [time 83657 ms] [JavaFX Application Thread] PlayerShip [moveRight Line: 144] - Moving Right
[DEBUG] 2026-08-02 01:21:57 [time 83665 ms] [JavaFX Application Thread] PlayerShip [moveRight Line: 144] - Moving Right
[DEBUG] 2026-08-02 01:21:57 [time 83674 ms] [JavaFX Application Thread] PlayerShip [moveRight Line: 144] - Moving Right
[DEBUG] 2026-08-02 01:21:57 [time 83681 ms] [JavaFX Application Thread] PlayerShip [moveRight Line: 144] - Moving Right
[DEBUG] 2026-08-02 01:21:57 [time 83690 ms] [JavaFX Application Thread] PlayerShip [moveRight Line: 144] - Moving Right
[DEBUG] 2026-08-02 01:21:57 [time 83699 ms] [JavaFX Application Thread] PlayerShip [moveRight Line: 144] - Moving Right
[DEBUG] 2026-08-02 01:21:57 [time 83707 ms] [JavaFX Application Thread] PlayerShip [moveRight Line: 144] - Moving Right
[DEBUG] 2026-08-02 01:21:57 [time 83715 ms] [JavaFX Application Thread] PlayerShip [moveRight Line: 144] - Moving Right
[DEBUG] 2026-08-02 01:21:57 [time 83724 ms] [JavaFX Application Thread] PlayerShip [moveRight Line: 144] - Moving Right
[DEBUG] 2026-08-02 01:21:57 [time 83732 ms] [JavaFX Application Thread] PlayerShip [moveRight Line: 144] - Moving Right
[DEBUG] 2026-08-02 01:21:57 [time 83740 ms] [JavaFX Application Thread] PlayerShip [moveRight Line: 144] - Moving Right
[DEBUG] 2026-08-02 01:21:57 [time 83749 ms] [JavaFX Application Thread] PlayerShip [moveRight Line: 144] - Moving Right
[DEBUG] 2026-08-02 01:21:57 [time 83756 ms] [JavaFX Application Thread] PlayerShip [moveRight Line: 144] - Moving Right
[DEBUG] 2026-08-02 01:21:57 [time 83765 ms] [JavaFX Application Thread] PlayerShip [moveRight Line: 144] - Moving Right
[DEBUG] 2026-08-02 01:21:57 [time 83774 ms] [JavaFX Application Thread] PlayerShip [moveRight Line: 144] - Moving Right
[DEBUG] 2026-08-02 01:21:57 [time 83782 ms] [JavaFX Application Thread] PlayerShip [moveRight Line: 144] - Moving Right
[DEBUG] 2026-08-02 01:21:57 [time 83790 ms] [JavaFX Application Thread] PlayerShip [moveRight Line: 144] - Moving Right
[DEBUG] 2026-08-02 01:21:57 [time 83799 ms] [JavaFX Application Thread] PlayerShip [moveRight Line: 144] - Moving Right
[DEBUG] 2026-08-02 01:21:57 [time 83805 ms] [JavaFX Application Thread] PlayerShip [moveRight Line: 144] - Moving Right
[DEBUG] 2026-08-02 01:21:57 [time 83813 ms] [JavaFX Application Thread] PlayerShip [moveRight Line: 144] - Moving Right
[DEBUG] 2026-08-02 01:21:57 [time 83820 ms] [JavaFX Application Thread] PlayerShip [moveRight Line: 144] - Moving Right
[DEBUG] 2026-08-02 01:21:57 [time 83828 ms] [JavaFX Application Thread] PlayerShip [moveRight Line: 144] - Moving Right
[DEBUG] 2026-08-02 01:21:57 [time 83836 ms] [JavaFX Application Thread] PlayerShip [moveRight Line: 144] - Moving Right
[DEBUG] 2026-08-02 01:21:57 [time 83845 ms] [JavaFX Application Thread] PlayerShip [moveRight Line: 144] - Moving Right
[DEBUG] 2026-08-02 01:21:57 [time 83853 ms] [JavaFX Application Thread] PlayerShip [moveRight Line: 144] - Moving Right
[DEBUG] 2026-08-02 01:21:57 [time 83861 ms] [JavaFX Application Thread] PlayerShip [moveRight Line: 144] - Moving Right
[DEBUG] 2026-08-02 01:21:57 [time 83869 ms] [JavaFX Application Thread] PlayerShip [moveRight Line: 144] - Moving Right
[DEBUG] 2026-08-02 01:21:57 [time 83878 ms] [JavaFX Application Thread] PlayerShip [moveRight Line: 144] - Moving Right
[DEBUG] 2026-08-02 01:21:57 [time 83886 ms] [JavaFX Application Thread] PlayerShip [moveRight Line: 144] - Moving Right
[DEBUG] 2026-08-02 01:21:57 [time 83894 ms] [JavaFX Application Thread] PlayerShip [moveRight Line: 144] - Moving Right
[DEBUG] 2026-08-02 01:21:57 [time 83903 ms] [JavaFX Application Thread] PlayerShip [moveRight Line: 144] - Moving Right
[DEBUG] 2026-08-02 01:21:57 [time 83906 ms] [JavaFX Application Thread] GameController [lambda$addEventListeners$0 Line: 59] - angle: 92.18025853402068, rotatedangle: 182.18025853402068
[DEBUG] 2026-08-02 01:21:57 [time 83911 ms] [JavaFX Application Thread] PlayerShip [moveRight Line: 144] - Moving Right
[DEBUG] 2026-08-02 01:21:57 [time 83914 ms] [JavaFX Application Thread] GameController [lambda$addEventListeners$0 Line: 59] - angle: 92.91330475409224, rotatedangle: 182.91330475409222
[DEBUG] 2026-08-02 01:21:57 [time 83919 ms] [JavaFX Application Thread] PlayerShip [moveRight Line: 144] - Moving Right
[DEBUG] 2026-08-02 01:21:57 [time 83922 ms] [JavaFX Application Thread] GameController [lambda$addEventListeners$0 Line: 59] - angle: 93.6584330316925, rotatedangle: 183.65843303169248
[DEBUG] 2026-08-02 01:21:57 [time 83928 ms] [JavaFX Application Thread] PlayerShip [moveRight Line: 144] - Moving Right
[DEBUG] 2026-08-02 01:21:57 [time 83930 ms] [JavaFX Application Thread] GameController [lambda$addEventListeners$0 Line: 59] - angle: 94.38749928207869, rotatedangle: 184.3874992820787
[DEBUG] 2026-08-02 01:21:57 [time 83936 ms] [JavaFX Application Thread] PlayerShip [moveRight Line: 144] - Moving Right
[DEBUG] 2026-08-02 01:21:57 [time 83938 ms] [JavaFX Application Thread] GameController [lambda$addEventListeners$0 Line: 59] - angle: 95.15448328622637, rotatedangle: 185.15448328622637
[DEBUG] 2026-08-02 01:21:57 [time 83944 ms] [JavaFX Application Thread] PlayerShip [moveRight Line: 144] - Moving Right
[DEBUG] 2026-08-02 01:21:57 [time 83947 ms] [JavaFX Application Thread] GameController [lambda$addEventListeners$0 Line: 59] - angle: 95.91626975958494, rotatedangle: 185.91626975958494
[DEBUG] 2026-08-02 01:21:57 [time 83953 ms] [JavaFX Application Thread] PlayerShip [moveRight Line: 144] - Moving Right
[DEBUG] 2026-08-02 01:21:57 [time 83955 ms] [JavaFX Application Thread] GameController [lambda$addEventListeners$0 Line: 59] - angle: 96.70115707651375, rotatedangle: 186.70115707651377
[DEBUG] 2026-08-02 01:21:57 [time 83961 ms] [JavaFX Application Thread] PlayerShip [moveRight Line: 144] - Moving Right
[DEBUG] 2026-08-02 01:21:57 [time 83964 ms] [JavaFX Application Thread] GameController [lambda$addEventListeners$0 Line: 59] - angle: 97.79207566529108, rotatedangle: 187.79207566529107
[DEBUG] 2026-08-02 01:21:57 [time 83969 ms] [JavaFX Application Thread] PlayerShip [moveRight Line: 144] - Moving Right
[DEBUG] 2026-08-02 01:21:57 [time 83972 ms] [JavaFX Application Thread] GameController [lambda$addEventListeners$0 Line: 59] - angle: 98.62016425152183, rotatedangle: 188.62016425152183
[DEBUG] 2026-08-02 01:21:57 [time 83978 ms] [JavaFX Application Thread] PlayerShip [moveRight Line: 144] - Moving Right
[DEBUG] 2026-08-02 01:21:57 [time 83980 ms] [JavaFX Application Thread] GameController [lambda$addEventListeners$0 Line: 59] - angle: 99.76177268878565, rotatedangle: 189.76177268878564
[DEBUG] 2026-08-02 01:21:57 [time 83986 ms] [JavaFX Application Thread] PlayerShip [moveRight Line: 144] - Moving Right
[DEBUG] 2026-08-02 01:21:57 [time 83988 ms] [JavaFX Application Thread] GameController [lambda$addEventListeners$0 Line: 59] - angle: 101.43196964950832, rotatedangle: 191.43196964950832
[DEBUG] 2026-08-02 01:21:57 [time 83994 ms] [JavaFX Application Thread] PlayerShip [moveRight Line: 144] - Moving Right
[DEBUG] 2026-08-02 01:21:57 [time 83996 ms] [JavaFX Application Thread] GameController [lambda$addEventListeners$0 Line: 59] - angle: 103.18576074741722, rotatedangle: 193.18576074741722
[DEBUG] 2026-08-02 01:21:57 [time 84003 ms] [JavaFX Application Thread] PlayerShip [moveRight Line: 144] - Moving Right
[DEBUG] 2026-08-02 01:21:57 [time 84005 ms] [JavaFX Application Thread] GameController [lambda$addEventListeners$0 Line: 59] - angle: 104.91031215338457, rotatedangle: 194.91031215338455
[DEBUG] 2026-08-02 01:21:57 [time 84011 ms] [JavaFX Application Thread] PlayerShip [moveRight Line: 144] - Moving Right
[DEBUG] 2026-08-02 01:21:57 [time 84013 ms] [JavaFX Application Thread] GameController [lambda$addEventListeners$0 Line: 59] - angle: 106.12757998354556, rotatedangle: 196.12757998354556
[DEBUG] 2026-08-02 01:21:57 [time 84019 ms] [JavaFX Application Thread] PlayerShip [moveRight Line: 144] - Moving Right
[DEBUG] 2026-08-02 01:21:57 [time 84021 ms] [JavaFX Application Thread] GameController [lambda$addEventListeners$0 Line: 59] - angle: 108.32643504193794, rotatedangle: 198.32643504193794
[DEBUG] 2026-08-02 01:21:57 [time 84028 ms] [JavaFX Application Thread] PlayerShip [moveRight Line: 144] - Moving Right
[DEBUG] 2026-08-02 01:21:57 [time 84029 ms] [JavaFX Application Thread] GameController [lambda$addEventListeners$0 Line: 59] - angle: 110.1638967687075, rotatedangle: 200.1638967687075
[DEBUG] 2026-08-02 01:21:57 [time 84036 ms] [JavaFX Application Thread] PlayerShip [moveRight Line: 144] - Moving Right
[DEBUG] 2026-08-02 01:21:57 [time 84044 ms] [JavaFX Application Thread] PlayerShip [moveRight Line: 144] - Moving Right
[DEBUG] 2026-08-02 01:21:57 [time 84053 ms] [JavaFX Application Thread] PlayerShip [moveRight Line: 144] - Moving Right
[DEBUG] 2026-08-02 01:21:57 [time 84053 ms] [JavaFX Application Thread] GameController [lambda$addEventListeners$0 Line: 59] - angle: 114.08936411616611, rotatedangle: 204.0893641161661
[DEBUG] 2026-08-02 01:21:57 [time 84056 ms] [JavaFX Application Thread] GameController [lambda$addEventListeners$0 Line: 59] - angle: 114.45894304932652, rotatedangle: 204.45894304932654
[DEBUG] 2026-08-02 01:21:57 [time 84061 ms] [JavaFX Application Thread] PlayerShip [moveRight Line: 144] - Moving Right
[DEBUG] 2026-08-02 01:21:57 [time 84063 ms] [JavaFX Application Thread] GameController [lambda$addEventListeners$0 Line: 59] - angle: 115.51014955192322, rotatedangle: 205.51014955192323
[DEBUG] 2026-08-02 01:21:57 [time 84069 ms] [JavaFX Application Thread] GameController [lambda$addEventListeners$0 Line: 59] - angle: 116.31630623640346, rotatedangle: 206.31630623640348
[DEBUG] 2026-08-02 01:21:57 [time 84069 ms] [JavaFX Application Thread] PlayerShip [moveRight Line: 144] - Moving Right
[DEBUG] 2026-08-02 01:21:57 [time 84078 ms] [JavaFX Application Thread] GameController [lambda$addEventListeners$0 Line: 59] - angle: 117.56721123391245, rotatedangle: 207.56721123391245
[DEBUG] 2026-08-02 01:21:57 [time 84078 ms] [JavaFX Application Thread] PlayerShip [moveRight Line: 144] - Moving Right
[DEBUG] 2026-08-02 01:21:57 [time 84086 ms] [JavaFX Application Thread] GameController [lambda$addEventListeners$0 Line: 59] - angle: 118.74509770788585, rotatedangle: 208.74509770788586
[DEBUG] 2026-08-02 01:21:57 [time 84086 ms] [JavaFX Application Thread] PlayerShip [moveRight Line: 144] - Moving Right
[DEBUG] 2026-08-02 01:21:57 [time 84094 ms] [JavaFX Application Thread] GameController [lambda$addEventListeners$0 Line: 59] - angle: 119.74487775741068, rotatedangle: 209.74487775741068
[DEBUG] 2026-08-02 01:21:57 [time 84094 ms] [JavaFX Application Thread] PlayerShip [moveRight Line: 144] - Moving Right
[DEBUG] 2026-08-02 01:21:57 [time 84102 ms] [JavaFX Application Thread] GameController [lambda$addEventListeners$0 Line: 59] - angle: 120.73982252385807, rotatedangle: 210.73982252385807
[DEBUG] 2026-08-02 01:21:57 [time 84103 ms] [JavaFX Application Thread] PlayerShip [moveRight Line: 144] - Moving Right
[DEBUG] 2026-08-02 01:21:57 [time 84110 ms] [JavaFX Application Thread] GameController [lambda$addEventListeners$0 Line: 59] - angle: 121.6318058628244, rotatedangle: 211.6318058628244
[DEBUG] 2026-08-02 01:21:57 [time 84111 ms] [JavaFX Application Thread] PlayerShip [moveRight Line: 144] - Moving Right
[DEBUG] 2026-08-02 01:21:57 [time 84119 ms] [JavaFX Application Thread] GameController [lambda$addEventListeners$0 Line: 59] - angle: 122.51362085581157, rotatedangle: 212.51362085581155
[DEBUG] 2026-08-02 01:21:57 [time 84119 ms] [JavaFX Application Thread] PlayerShip [moveRight Line: 144] - Moving Right
[DEBUG] 2026-08-02 01:21:57 [time 84127 ms] [JavaFX Application Thread] GameController [lambda$addEventListeners$0 Line: 59] - angle: 123.38503597146246, rotatedangle: 213.38503597146246
[DEBUG] 2026-08-02 01:21:57 [time 84128 ms] [JavaFX Application Thread] PlayerShip [moveRight Line: 144] - Moving Right
[DEBUG] 2026-08-02 01:21:57 [time 84135 ms] [JavaFX Application Thread] GameController [lambda$addEventListeners$0 Line: 59] - angle: 124.24582691529515, rotatedangle: 214.24582691529514
[DEBUG] 2026-08-02 01:21:57 [time 84136 ms] [JavaFX Application Thread] PlayerShip [moveRight Line: 144] - Moving Right
[DEBUG] 2026-08-02 01:21:57 [time 84143 ms] [JavaFX Application Thread] GameController [lambda$addEventListeners$0 Line: 59] - angle: 125.09581519912054, rotatedangle: 215.09581519912052
[DEBUG] 2026-08-02 01:21:57 [time 84144 ms] [JavaFX Application Thread] PlayerShip [moveRight Line: 144] - Moving Right
[DEBUG] 2026-08-02 01:21:57 [time 84151 ms] [JavaFX Application Thread] GameController [lambda$addEventListeners$0 Line: 59] - angle: 126.04062871122652, rotatedangle: 216.04062871122653
[DEBUG] 2026-08-02 01:21:57 [time 84153 ms] [JavaFX Application Thread] PlayerShip [moveRight Line: 144] - Moving Right
[DEBUG] 2026-08-02 01:21:57 [time 84160 ms] [JavaFX Application Thread] GameController [lambda$addEventListeners$0 Line: 59] - angle: 126.79764410444221, rotatedangle: 216.7976441044422
[DEBUG] 2026-08-02 01:21:57 [time 84161 ms] [JavaFX Application Thread] PlayerShip [moveRight Line: 144] - Moving Right
[DEBUG] 2026-08-02 01:21:57 [time 84168 ms] [JavaFX Application Thread] GameController [lambda$addEventListeners$0 Line: 59] - angle: 127.59056126836167, rotatedangle: 217.59056126836168
[DEBUG] 2026-08-02 01:21:57 [time 84169 ms] [JavaFX Application Thread] PlayerShip [moveRight Line: 144] - Moving Right
[DEBUG] 2026-08-02 01:21:57 [time 84177 ms] [JavaFX Application Thread] GameController [lambda$addEventListeners$0 Line: 59] - angle: 128.32011565170734, rotatedangle: 218.32011565170734
[DEBUG] 2026-08-02 01:21:57 [time 84178 ms] [JavaFX Application Thread] PlayerShip [moveRight Line: 144] - Moving Right
[DEBUG] 2026-08-02 01:21:57 [time 84178 ms] [JavaFX Application Thread] PlayerShip [moveBottom Line: 154] - Moving Bottom
[DEBUG] 2026-08-02 01:21:57 [time 84185 ms] [JavaFX Application Thread] GameController [lambda$addEventListeners$0 Line: 59] - angle: 129.90016003431865, rotatedangle: 219.90016003431865
[DEBUG] 2026-08-02 01:21:57 [time 84186 ms] [JavaFX Application Thread] PlayerShip [moveRight Line: 144] - Moving Right
[DEBUG] 2026-08-02 01:21:57 [time 84186 ms] [JavaFX Application Thread] PlayerShip [moveBottom Line: 154] - Moving Bottom
[DEBUG] 2026-08-02 01:21:57 [time 84193 ms] [JavaFX Application Thread] GameController [lambda$addEventListeners$0 Line: 59] - angle: 131.25701740702843, rotatedangle: 221.25701740702843
[DEBUG] 2026-08-02 01:21:57 [time 84194 ms] [JavaFX Application Thread] PlayerShip [moveRight Line: 144] - Moving Right
[DEBUG] 2026-08-02 01:21:57 [time 84195 ms] [JavaFX Application Thread] PlayerShip [moveBottom Line: 154] - Moving Bottom
[DEBUG] 2026-08-02 01:21:57 [time 84201 ms] [JavaFX Application Thread] GameController [lambda$addEventListeners$0 Line: 59] - angle: 132.68764796525693, rotatedangle: 222.68764796525693
[DEBUG] 2026-08-02 01:21:57 [time 84202 ms] [JavaFX Application Thread] PlayerShip [moveRight Line: 144] - Moving Right
[DEBUG] 2026-08-02 01:21:57 [time 84202 ms] [JavaFX Application Thread] PlayerShip [moveBottom Line: 154] - Moving Bottom
[DEBUG] 2026-08-02 01:21:57 [time 84210 ms] [JavaFX Application Thread] GameController [lambda$addEventListeners$0 Line: 59] - angle: 134.5817900585029, rotatedangle: 224.5817900585029
[DEBUG] 2026-08-02 01:21:57 [time 84210 ms] [JavaFX Application Thread] PlayerShip [moveRight Line: 144] - Moving Right
[DEBUG] 2026-08-02 01:21:57 [time 84210 ms] [JavaFX Application Thread] PlayerShip [moveBottom Line: 154] - Moving Bottom
[DEBUG] 2026-08-02 01:21:57 [time 84218 ms] [JavaFX Application Thread] GameController [lambda$addEventListeners$0 Line: 59] - angle: 136.14575838121075, rotatedangle: 226.14575838121075
[DEBUG] 2026-08-02 01:21:57 [time 84219 ms] [JavaFX Application Thread] PlayerShip [moveRight Line: 144] - Moving Right
[DEBUG] 2026-08-02 01:21:57 [time 84220 ms] [JavaFX Application Thread] PlayerShip [moveBottom Line: 154] - Moving Bottom
[DEBUG] 2026-08-02 01:21:57 [time 84226 ms] [JavaFX Application Thread] GameController [lambda$addEventListeners$0 Line: 59] - angle: 137.81071424173518, rotatedangle: 227.81071424173518
[DEBUG] 2026-08-02 01:21:57 [time 84227 ms] [JavaFX Application Thread] PlayerShip [moveRight Line: 144] - Moving Right
[DEBUG] 2026-08-02 01:21:57 [time 84227 ms] [JavaFX Application Thread] PlayerShip [moveBottom Line: 154] - Moving Bottom
[DEBUG] 2026-08-02 01:21:57 [time 84235 ms] [JavaFX Application Thread] GameController [lambda$addEventListeners$0 Line: 59] - angle: 139.75093159193054, rotatedangle: 229.75093159193054
[DEBUG] 2026-08-02 01:21:57 [time 84236 ms] [JavaFX Application Thread] PlayerShip [moveBottom Line: 154] - Moving Bottom
[DEBUG] 2026-08-02 01:21:57 [time 84243 ms] [JavaFX Application Thread] GameController [lambda$addEventListeners$0 Line: 59] - angle: 141.30456548108597, rotatedangle: 231.30456548108597
[DEBUG] 2026-08-02 01:21:57 [time 84244 ms] [JavaFX Application Thread] PlayerShip [moveBottom Line: 154] - Moving Bottom
[DEBUG] 2026-08-02 01:21:57 [time 84251 ms] [JavaFX Application Thread] GameController [lambda$addEventListeners$0 Line: 59] - angle: 142.31439420969397, rotatedangle: 232.31439420969397
[DEBUG] 2026-08-02 01:21:57 [time 84253 ms] [JavaFX Application Thread] PlayerShip [moveBottom Line: 154] - Moving Bottom
[DEBUG] 2026-08-02 01:21:57 [time 84260 ms] [JavaFX Application Thread] GameController [lambda$addEventListeners$0 Line: 59] - angle: 143.89740751607607, rotatedangle: 233.89740751607607
[DEBUG] 2026-08-02 01:21:57 [time 84261 ms] [JavaFX Application Thread] PlayerShip [moveBottom Line: 154] - Moving Bottom
[DEBUG] 2026-08-02 01:21:57 [time 84268 ms] [JavaFX Application Thread] GameController [lambda$addEventListeners$0 Line: 59] - angle: 145.54806541814213, rotatedangle: 235.54806541814213
[DEBUG] 2026-08-02 01:21:57 [time 84269 ms] [JavaFX Application Thread] PlayerShip [moveBottom Line: 154] - Moving Bottom
[DEBUG] 2026-08-02 01:21:57 [time 84276 ms] [JavaFX Application Thread] GameController [lambda$addEventListeners$0 Line: 59] - angle: 147.0947534520143, rotatedangle: 237.0947534520143
[DEBUG] 2026-08-02 01:21:57 [time 84278 ms] [JavaFX Application Thread] PlayerShip [moveBottom Line: 154] - Moving Bottom
[DEBUG] 2026-08-02 01:21:57 [time 84283 ms] [JavaFX Application Thread] GameController [lambda$addEventListeners$0 Line: 59] - angle: 148.6269987459317, rotatedangle: 238.6269987459317
[DEBUG] 2026-08-02 01:21:57 [time 84286 ms] [JavaFX Application Thread] PlayerShip [moveBottom Line: 154] - Moving Bottom
[DEBUG] 2026-08-02 01:21:57 [time 84293 ms] [JavaFX Application Thread] GameController [lambda$addEventListeners$0 Line: 59] - angle: 150.64225060801826, rotatedangle: 240.64225060801826
[DEBUG] 2026-08-02 01:21:57 [time 84294 ms] [JavaFX Application Thread] PlayerShip [moveBottom Line: 154] - Moving Bottom
[DEBUG] 2026-08-02 01:21:57 [time 84301 ms] [JavaFX Application Thread] GameController [lambda$addEventListeners$0 Line: 59] - angle: 152.5602720518007, rotatedangle: 242.5602720518007
[DEBUG] 2026-08-02 01:21:57 [time 84303 ms] [JavaFX Application Thread] PlayerShip [moveBottom Line: 154] - Moving Bottom
[DEBUG] 2026-08-02 01:21:57 [time 84309 ms] [JavaFX Application Thread] GameController [lambda$addEventListeners$0 Line: 59] - angle: 154.33479931360893, rotatedangle: 244.33479931360893
[DEBUG] 2026-08-02 01:21:57 [time 84311 ms] [JavaFX Application Thread] PlayerShip [moveBottom Line: 154] - Moving Bottom
[DEBUG] 2026-08-02 01:21:57 [time 84317 ms] [JavaFX Application Thread] GameController [lambda$addEventListeners$0 Line: 59] - angle: 156.66595806204245, rotatedangle: 246.66595806204245
[DEBUG] 2026-08-02 01:21:57 [time 84320 ms] [JavaFX Application Thread] PlayerShip [moveBottom Line: 154] - Moving Bottom
[DEBUG] 2026-08-02 01:21:57 [time 84325 ms] [JavaFX Application Thread] GameController [lambda$addEventListeners$0 Line: 59] - angle: 158.45902408146156, rotatedangle: 248.45902408146156
[DEBUG] 2026-08-02 01:21:57 [time 84327 ms] [JavaFX Application Thread] PlayerShip [moveBottom Line: 154] - Moving Bottom
[DEBUG] 2026-08-02 01:21:57 [time 84332 ms] [JavaFX Application Thread] GameController [lambda$addEventListeners$0 Line: 59] - angle: 160.44174846300257, rotatedangle: 250.44174846300257
[DEBUG] 2026-08-02 01:21:57 [time 84336 ms] [JavaFX Application Thread] PlayerShip [moveBottom Line: 154] - Moving Bottom
[DEBUG] 2026-08-02 01:21:57 [time 84340 ms] [JavaFX Application Thread] GameController [lambda$addEventListeners$0 Line: 59] - angle: 162.36554752494337, rotatedangle: 252.36554752494337
[DEBUG] 2026-08-02 01:21:57 [time 84344 ms] [JavaFX Application Thread] PlayerShip [moveBottom Line: 154] - Moving Bottom
[DEBUG] 2026-08-02 01:21:57 [time 84348 ms] [JavaFX Application Thread] GameController [lambda$addEventListeners$0 Line: 59] - angle: 164.10473698295215, rotatedangle: 254.10473698295215
[DEBUG] 2026-08-02 01:21:57 [time 84353 ms] [JavaFX Application Thread] PlayerShip [moveBottom Line: 154] - Moving Bottom
[DEBUG] 2026-08-02 01:21:57 [time 84356 ms] [JavaFX Application Thread] GameController [lambda$addEventListeners$0 Line: 59] - angle: 166.231909548517, rotatedangle: 256.231909548517
[DEBUG] 2026-08-02 01:21:57 [time 84361 ms] [JavaFX Application Thread] PlayerShip [moveBottom Line: 154] - Moving Bottom
[DEBUG] 2026-08-02 01:21:57 [time 84365 ms] [JavaFX Application Thread] GameController [lambda$addEventListeners$0 Line: 59] - angle: 168.32327893810614, rotatedangle: 258.3232789381061
[DEBUG] 2026-08-02 01:21:57 [time 84369 ms] [JavaFX Application Thread] PlayerShip [moveBottom Line: 154] - Moving Bottom
[DEBUG] 2026-08-02 01:21:57 [time 84373 ms] [JavaFX Application Thread] GameController [lambda$addEventListeners$0 Line: 59] - angle: 170.90971171328863, rotatedangle: 260.90971171328863
[DEBUG] 2026-08-02 01:21:57 [time 84378 ms] [JavaFX Application Thread] PlayerShip [moveBottom Line: 154] - Moving Bottom
[DEBUG] 2026-08-02 01:21:57 [time 84381 ms] [JavaFX Application Thread] GameController [lambda$addEventListeners$0 Line: 59] - angle: 173.8298365828681, rotatedangle: 263.8298365828681
[DEBUG] 2026-08-02 01:21:57 [time 84386 ms] [JavaFX Application Thread] PlayerShip [moveBottom Line: 154] - Moving Bottom
[DEBUG] 2026-08-02 01:21:57 [time 84390 ms] [JavaFX Application Thread] GameController [lambda$addEventListeners$0 Line: 59] - angle: 176.8636416316674, rotatedangle: 266.8636416316674
[DEBUG] 2026-08-02 01:21:57 [time 84394 ms] [JavaFX Application Thread] PlayerShip [moveBottom Line: 154] - Moving Bottom
[DEBUG] 2026-08-02 01:21:57 [time 84398 ms] [JavaFX Application Thread] GameController [lambda$addEventListeners$0 Line: 59] - angle: 179.60486295749251, rotatedangle: 269.6048629574925
[DEBUG] 2026-08-02 01:21:57 [time 84402 ms] [JavaFX Application Thread] PlayerShip [moveBottom Line: 154] - Moving Bottom
[DEBUG] 2026-08-02 01:21:57 [time 84406 ms] [JavaFX Application Thread] GameController [lambda$addEventListeners$0 Line: 59] - angle: -176.77547125616957, rotatedangle: -86.77547125616957
[DEBUG] 2026-08-02 01:21:57 [time 84411 ms] [JavaFX Application Thread] PlayerShip [moveBottom Line: 154] - Moving Bottom
[DEBUG] 2026-08-02 01:21:57 [time 84414 ms] [JavaFX Application Thread] GameController [lambda$addEventListeners$0 Line: 59] - angle: -173.48019208411114, rotatedangle: -83.48019208411114
[DEBUG] 2026-08-02 01:21:57 [time 84420 ms] [JavaFX Application Thread] PlayerShip [moveBottom Line: 154] - Moving Bottom
[DEBUG] 2026-08-02 01:21:57 [time 84423 ms] [JavaFX Application Thread] GameController [lambda$addEventListeners$0 Line: 59] - angle: -170.5376654639248, rotatedangle: -80.53766546392481
[DEBUG] 2026-08-02 01:21:57 [time 84428 ms] [JavaFX Application Thread] PlayerShip [moveBottom Line: 154] - Moving Bottom
[DEBUG] 2026-08-02 01:21:57 [time 84431 ms] [JavaFX Application Thread] GameController [lambda$addEventListeners$0 Line: 59] - angle: -167.15933320972343, rotatedangle: -77.15933320972343
[DEBUG] 2026-08-02 01:21:57 [time 84436 ms] [JavaFX Application Thread] PlayerShip [moveBottom Line: 154] - Moving Bottom
[DEBUG] 2026-08-02 01:21:57 [time 84439 ms] [JavaFX Application Thread] GameController [lambda$addEventListeners$0 Line: 59] - angle: -164.27908421536446, rotatedangle: -74.27908421536446
[DEBUG] 2026-08-02 01:21:57 [time 84445 ms] [JavaFX Application Thread] PlayerShip [moveBottom Line: 154] - Moving Bottom
[DEBUG] 2026-08-02 01:21:58 [time 84447 ms] [JavaFX Application Thread] GameController [lambda$addEventListeners$0 Line: 59] - angle: -161.821992980328, rotatedangle: -71.82199298032799
[DEBUG] 2026-08-02 01:21:58 [time 84452 ms] [JavaFX Application Thread] PlayerShip [moveBottom Line: 154] - Moving Bottom
[DEBUG] 2026-08-02 01:21:58 [time 84455 ms] [JavaFX Application Thread] GameController [lambda$addEventListeners$0 Line: 59] - angle: -159.39674740772273, rotatedangle: -69.39674740772273
[DEBUG] 2026-08-02 01:21:58 [time 84461 ms] [JavaFX Application Thread] PlayerShip [moveBottom Line: 154] - Moving Bottom
[DEBUG] 2026-08-02 01:21:58 [time 84464 ms] [JavaFX Application Thread] GameController [lambda$addEventListeners$0 Line: 59] - angle: -157.16634582208246, rotatedangle: -67.16634582208246
[DEBUG] 2026-08-02 01:21:58 [time 84469 ms] [JavaFX Application Thread] PlayerShip [moveBottom Line: 154] - Moving Bottom
[DEBUG] 2026-08-02 01:21:58 [time 84472 ms] [JavaFX Application Thread] GameController [lambda$addEventListeners$0 Line: 59] - angle: -154.840708936224, rotatedangle: -64.84070893622399
[DEBUG] 2026-08-02 01:21:58 [time 84478 ms] [JavaFX Application Thread] PlayerShip [moveBottom Line: 154] - Moving Bottom
[DEBUG] 2026-08-02 01:21:58 [time 84479 ms] [JavaFX Application Thread] GameController [lambda$addEventListeners$0 Line: 59] - angle: -153.0887496262544, rotatedangle: -63.08874962625441
[DEBUG] 2026-08-02 01:21:58 [time 84485 ms] [JavaFX Application Thread] PlayerShip [moveBottom Line: 154] - Moving Bottom
[DEBUG] 2026-08-02 01:21:58 [time 84488 ms] [JavaFX Application Thread] GameController [lambda$addEventListeners$0 Line: 59] - angle: -151.05606645542932, rotatedangle: -61.05606645542932
[DEBUG] 2026-08-02 01:21:58 [time 84495 ms] [JavaFX Application Thread] PlayerShip [moveBottom Line: 154] - Moving Bottom
[DEBUG] 2026-08-02 01:21:58 [time 84495 ms] [JavaFX Application Thread] GameController [lambda$addEventListeners$0 Line: 59] - angle: -149.22960754254774, rotatedangle: -59.22960754254774
[DEBUG] 2026-08-02 01:21:58 [time 84503 ms] [JavaFX Application Thread] PlayerShip [moveBottom Line: 154] - Moving Bottom
[DEBUG] 2026-08-02 01:21:58 [time 84510 ms] [JavaFX Application Thread] PlayerShip [moveBottom Line: 154] - Moving Bottom
[DEBUG] 2026-08-02 01:21:58 [time 84519 ms] [JavaFX Application Thread] GameController [lambda$setUpKeyEvents$8 Line: 86] - PlayerShip shoot bullet
[DEBUG] 2026-08-02 01:21:58 [time 84520 ms] [JavaFX Application Thread] PlayerShip [moveBottom Line: 154] - Moving Bottom
[DEBUG] 2026-08-02 01:21:58 [time 84528 ms] [JavaFX Application Thread] PlayerShip [moveBottom Line: 154] - Moving Bottom
[DEBUG] 2026-08-02 01:21:58 [time 84536 ms] [JavaFX Application Thread] PlayerShip [moveBottom Line: 154] - Moving Bottom
[DEBUG] 2026-08-02 01:21:58 [time 84544 ms] [JavaFX Application Thread] PlayerShip [moveBottom Line: 154] - Moving Bottom
[DEBUG] 2026-08-02 01:21:58 [time 84553 ms] [JavaFX Application Thread] PlayerShip [moveBottom Line: 154] - Moving Bottom
[DEBUG] 2026-08-02 01:21:58 [time 84561 ms] [JavaFX Application Thread] PlayerShip [moveBottom Line: 154] - Moving Bottom
[ INFO] 2026-08-02 01:21:58 [time 84569 ms] [JavaFX Application Thread] GameController [updateAndCollidePlayerBullet Line: 400] - Current Score: 57
[DEBUG] 2026-08-02 01:21:58 [time 84572 ms] [JavaFX Application Thread] PlayerShip [moveBottom Line: 154] - Moving Bottom
[DEBUG] 2026-08-02 01:21:58 [time 84578 ms] [JavaFX Application Thread] PlayerShip [moveBottom Line: 154] - Moving Bottom
[DEBUG] 2026-08-02 01:21:58 [time 84586 ms] [JavaFX Application Thread] PlayerShip [moveBottom Line: 154] - Moving Bottom
[DEBUG] 2026-08-02 01:21:58 [time 84594 ms] [JavaFX Application Thread] PlayerShip [moveBottom Line: 154] - Moving Bottom
[DEBUG] 2026-08-02 01:21:58 [time 84603 ms] [JavaFX Application Thread] PlayerShip [moveBottom Line: 154] - Moving Bottom
[DEBUG] 2026-08-02 01:21:58 [time 84611 ms] [JavaFX Application Thread] PlayerShip [moveBottom Line: 154] - Moving Bottom
[DEBUG] 2026-08-02 01:21:58 [time 84619 ms] [JavaFX Application Thread] PlayerShip [moveBottom Line: 154] - Moving Bottom
[DEBUG] 2026-08-02 01:21:58 [time 84628 ms] [JavaFX Application Thread] PlayerShip [moveBottom Line: 154] - Moving Bottom
[DEBUG] 2026-08-02 01:21:58 [time 84636 ms] [JavaFX Application Thread] PlayerShip [moveBottom Line: 154] - Moving Bottom
[DEBUG] 2026-08-02 01:21:58 [time 84644 ms] [JavaFX Application Thread] PlayerShip [moveBottom Line: 154] - Moving Bottom
[DEBUG] 2026-08-02 01:21:58 [time 84653 ms] [JavaFX Application Thread] PlayerShip [moveBottom Line: 154] - Moving Bottom
[DEBUG] 2026-08-02 01:21:58 [time 84661 ms] [JavaFX Application Thread] PlayerShip [moveBottom Line: 154] - Moving Bottom
[DEBUG] 2026-08-02 01:21:58 [time 84669 ms] [JavaFX Application Thread] PlayerShip [moveBottom Line: 154] - Moving Bottom
[DEBUG] 2026-08-02 01:21:58 [time 84678 ms] [JavaFX Application Thread] PlayerShip [moveBottom Line: 154] - Moving Bottom
[DEBUG] 2026-08-02 01:21:58 [time 84686 ms] [JavaFX Application Thread] PlayerShip [moveBottom Line: 154] - Moving Bottom
[DEBUG] 2026-08-02 01:21:58 [time 84694 ms] [JavaFX Application Thread] PlayerShip [moveBottom Line: 154] - Moving Bottom
[DEBUG] 2026-08-02 01:21:58 [time 84703 ms] [JavaFX Application Thread] PlayerShip [moveBottom Line: 154] - Moving Bottom
[DEBUG] 2026-08-02 01:21:58 [time 84711 ms] [JavaFX Application Thread] PlayerShip [moveBottom Line: 154] - Moving Bottom
[DEBUG] 2026-08-02 01:21:58 [time 84719 ms] [JavaFX Application Thread] PlayerShip [moveBottom Line: 154] - Moving Bottom
[DEBUG] 2026-08-02 01:21:58 [time 84728 ms] [JavaFX Application Thread] PlayerShip [moveBottom Line: 154] - Moving Bottom
[DEBUG] 2026-08-02 01:21:58 [time 84736 ms] [JavaFX Application Thread] PlayerShip [moveBottom Line: 154] - Moving Bottom
[DEBUG] 2026-08-02 01:21:58 [time 84744 ms] [JavaFX Application Thread] PlayerShip [moveBottom Line: 154] - Moving Bottom
[DEBUG] 2026-08-02 01:21:58 [time 84753 ms] [JavaFX Application Thread] PlayerShip [moveBottom Line: 154] - Moving Bottom
[DEBUG] 2026-08-02 01:21:58 [time 84761 ms] [JavaFX Application Thread] PlayerShip [moveBottom Line: 154] - Moving Bottom
[DEBUG] 2026-08-02 01:21:58 [time 84769 ms] [JavaFX Application Thread] PlayerShip [moveBottom Line: 154] - Moving Bottom
[DEBUG] 2026-08-02 01:21:58 [time 84778 ms] [JavaFX Application Thread] PlayerShip [moveBottom Line: 154] - Moving Bottom
[DEBUG] 2026-08-02 01:21:58 [time 84786 ms] [JavaFX Application Thread] PlayerShip [moveBottom Line: 154] - Moving Bottom
[DEBUG] 2026-08-02 01:21:58 [time 84794 ms] [JavaFX Application Thread] PlayerShip [moveBottom Line: 154] - Moving Bottom
[DEBUG] 2026-08-02 01:21:58 [time 84803 ms] [JavaFX Application Thread] PlayerShip [moveBottom Line: 154] - Moving Bottom
[DEBUG] 2026-08-02 01:21:58 [time 84811 ms] [JavaFX Application Thread] PlayerShip [moveBottom Line: 154] - Moving Bottom
[DEBUG] 2026-08-02 01:21:58 [time 84819 ms] [JavaFX Application Thread] PlayerShip [moveBottom Line: 154] - Moving Bottom
[DEBUG] 2026-08-02 01:21:58 [time 84828 ms] [JavaFX Application Thread] PlayerShip [moveBottom Line: 154] - Moving Bottom
[DEBUG] 2026-08-02 01:21:58 [time 84836 ms] [JavaFX Application Thread] PlayerShip [moveBottom Line: 154] - Moving Bottom
[DEBUG] 2026-08-02 01:21:58 [time 84844 ms] [JavaFX Application Thread] PlayerShip [moveBottom Line: 154] - Moving Bottom
[DEBUG] 2026-08-02 01:21:58 [time 84853 ms] [JavaFX Application Thread] PlayerShip [moveBottom Line: 154] - Moving Bottom
[DEBUG] 2026-08-02 01:21:58 [time 84861 ms] [JavaFX Application Thread] PlayerShip [moveBottom Line: 154] - Moving Bottom
[DEBUG] 2026-08-02 01:21:58 [time 84870 ms] [JavaFX Application Thread] PlayerShip [moveBottom Line: 154] - Moving Bottom
[DEBUG] 2026-08-02 01:21:58 [time 84878 ms] [JavaFX Application Thread] PlayerShip [moveBottom Line: 154] - Moving Bottom
[DEBUG] 2026-08-02 01:21:58 [time 84886 ms] [JavaFX Application Thread] PlayerShip [moveLeft Line: 139] - Moving Left
[DEBUG] 2026-08-02 01:21:58 [time 84886 ms] [JavaFX Application Thread] PlayerShip [moveBottom Line: 154] - Moving Bottom
[DEBUG] 2026-08-02 01:21:58 [time 84895 ms] [JavaFX Application Thread] PlayerShip [moveLeft Line: 139] - Moving Left
[DEBUG] 2026-08-02 01:21:58 [time 84895 ms] [JavaFX Application Thread] PlayerShip [moveBottom Line: 154] - Moving Bottom
[DEBUG] 2026-08-02 01:21:58 [time 84903 ms] [JavaFX Application Thread] PlayerShip [moveLeft Line: 139] - Moving Left
[DEBUG] 2026-08-02 01:21:58 [time 84903 ms] [JavaFX Application Thread] PlayerShip [moveBottom Line: 154] - Moving Bottom
[DEBUG] 2026-08-02 01:21:58 [time 84911 ms] [JavaFX Application Thread] PlayerShip [moveLeft Line: 139] - Moving Left
[DEBUG] 2026-08-02 01:21:58 [time 84911 ms] [JavaFX Application Thread] PlayerShip [moveBottom Line: 154] - Moving Bottom
[DEBUG] 2026-08-02 01:21:58 [time 84919 ms] [JavaFX Application Thread] PlayerShip [moveLeft Line: 139] - Moving Left
[DEBUG] 2026-08-02 01:21:58 [time 84920 ms] [JavaFX Application Thread] PlayerShip [moveBottom Line: 154] - Moving Bottom
[DEBUG] 2026-08-02 01:21:58 [time 84928 ms] [JavaFX Application Thread] PlayerShip [moveLeft Line: 139] - Moving Left
[DEBUG] 2026-08-02 01:21:58 [time 84928 ms] [JavaFX Application Thread] PlayerShip [moveBottom Line: 154] - Moving Bottom
[DEBUG] 2026-08-02 01:21:58 [time 84936 ms] [JavaFX Application Thread] PlayerShip [moveLeft Line: 139] - Moving Left
[DEBUG] 2026-08-02 01:21:58 [time 84936 ms] [JavaFX Application Thread] PlayerShip [moveBottom Line: 154] - Moving Bottom
[DEBUG] 2026-08-02 01:21:58 [time 84938 ms] [JavaFX Application Thread] GameController [lambda$setUpKeyEvents$8 Line: 86] - PlayerShip shoot bullet
[DEBUG] 2026-08-02 01:21:58 [time 84945 ms] [JavaFX Application Thread] PlayerShip [moveLeft Line: 139] - Moving Left
[DEBUG] 2026-08-02 01:21:58 [time 84945 ms] [JavaFX Application Thread] PlayerShip [moveBottom Line: 154] - Moving Bottom
[DEBUG] 2026-08-02 01:21:58 [time 84953 ms] [JavaFX Application Thread] PlayerShip [moveLeft Line: 139] - Moving Left
[DEBUG] 2026-08-02 01:21:58 [time 84953 ms] [JavaFX Application Thread] PlayerShip [moveBottom Line: 154] - Moving Bottom
[DEBUG] 2026-08-02 01:21:58 [time 84961 ms] [JavaFX Application Thread] PlayerShip [moveLeft Line: 139] - Moving Left
[DEBUG] 2026-08-02 01:21:58 [time 84961 ms] [JavaFX Application Thread] PlayerShip [moveBottom Line: 154] - Moving Bottom
[DEBUG] 2026-08-02 01:21:58 [time 84970 ms] [JavaFX Application Thread] PlayerShip [moveLeft Line: 139] - Moving Left
[DEBUG] 2026-08-02 01:21:58 [time 84970 ms] [JavaFX Application Thread] PlayerShip [moveBottom Line: 154] - Moving Bottom
[DEBUG] 2026-08-02 01:21:58 [time 84977 ms] [JavaFX Application Thread] PlayerShip [moveLeft Line: 139] - Moving Left
[DEBUG] 2026-08-02 01:21:58 [time 84977 ms] [JavaFX Application Thread] PlayerShip [moveBottom Line: 154] - Moving Bottom
[DEBUG] 2026-08-02 01:21:58 [time 84985 ms] [JavaFX Application Thread] PlayerShip [moveLeft Line: 139] - Moving Left
[DEBUG] 2026-08-02 01:21:58 [time 84985 ms] [JavaFX Application Thread] PlayerShip [moveBottom Line: 154] - Moving Bottom
[DEBUG] 2026-08-02 01:21:58 [time 84995 ms] [JavaFX Application Thread] PlayerShip [moveLeft Line: 139] - Moving Left
[DEBUG] 2026-08-02 01:21:58 [time 84995 ms] [JavaFX Application Thread] PlayerShip [moveBottom Line: 154] - Moving Bottom
[DEBUG] 2026-08-02 01:21:58 [time 85003 ms] [JavaFX Application Thread] PlayerShip [moveLeft Line: 139] - Moving Left
[DEBUG] 2026-08-02 01:21:58 [time 85010 ms] [JavaFX Application Thread] PlayerShip [moveLeft Line: 139] - Moving Left
[DEBUG] 2026-08-02 01:21:58 [time 85019 ms] [JavaFX Application Thread] PlayerShip [moveLeft Line: 139] - Moving Left
[DEBUG] 2026-08-02 01:21:58 [time 85028 ms] [JavaFX Application Thread] PlayerShip [moveLeft Line: 139] - Moving Left
[DEBUG] 2026-08-02 01:21:58 [time 85036 ms] [JavaFX Application Thread] PlayerShip [moveLeft Line: 139] - Moving Left
[DEBUG] 2026-08-02 01:21:58 [time 85044 ms] [JavaFX Application Thread] PlayerShip [moveLeft Line: 139] - Moving Left
[DEBUG] 2026-08-02 01:21:58 [time 85053 ms] [JavaFX Application Thread] PlayerShip [moveLeft Line: 139] - Moving Left
[DEBUG] 2026-08-02 01:21:58 [time 85061 ms] [JavaFX Application Thread] PlayerShip [moveLeft Line: 139] - Moving Left
[DEBUG] 2026-08-02 01:21:58 [time 85069 ms] [JavaFX Application Thread] PlayerShip [moveLeft Line: 139] - Moving Left
[DEBUG] 2026-08-02 01:21:58 [time 85078 ms] [JavaFX Application Thread] PlayerShip [moveLeft Line: 139] - Moving Left
[DEBUG] 2026-08-02 01:21:58 [time 85086 ms] [JavaFX Application Thread] PlayerShip [moveLeft Line: 139] - Moving Left
[DEBUG] 2026-08-02 01:21:58 [time 85094 ms] [JavaFX Application Thread] PlayerShip [moveLeft Line: 139] - Moving Left
[DEBUG] 2026-08-02 01:21:58 [time 85103 ms] [JavaFX Application Thread] PlayerShip [moveLeft Line: 139] - Moving Left
[DEBUG] 2026-08-02 01:21:58 [time 85111 ms] [JavaFX Application Thread] PlayerShip [moveLeft Line: 139] - Moving Left
[DEBUG] 2026-08-02 01:21:58 [time 85120 ms] [JavaFX Application Thread] PlayerShip [moveLeft Line: 139] - Moving Left
[DEBUG] 2026-08-02 01:21:58 [time 85127 ms] [JavaFX Application Thread] PlayerShip [moveLeft Line: 139] - Moving Left
[DEBUG] 2026-08-02 01:21:58 [time 85135 ms] [JavaFX Application Thread] PlayerShip [moveLeft Line: 139] - Moving Left
[DEBUG] 2026-08-02 01:21:58 [time 85144 ms] [JavaFX Application Thread] PlayerShip [moveLeft Line: 139] - Moving Left
[DEBUG] 2026-08-02 01:21:58 [time 85153 ms] [JavaFX Application Thread] PlayerShip [moveLeft Line: 139] - Moving Left
[DEBUG] 2026-08-02 01:21:58 [time 85160 ms] [JavaFX Application Thread] PlayerShip [moveLeft Line: 139] - Moving Left
[DEBUG] 2026-08-02 01:21:58 [time 85170 ms] [JavaFX Application Thread] PlayerShip [moveLeft Line: 139] - Moving Left
[DEBUG] 2026-08-02 01:21:58 [time 85177 ms] [JavaFX Application Thread] PlayerShip [moveLeft Line: 139] - Moving Left
[DEBUG] 2026-08-02 01:21:58 [time 85185 ms] [JavaFX Application Thread] PlayerShip [moveLeft Line: 139] - Moving Left
[DEBUG] 2026-08-02 01:21:58 [time 85194 ms] [JavaFX Application Thread] PlayerShip [moveLeft Line: 139] - Moving Left
[DEBUG] 2026-08-02 01:21:58 [time 85203 ms] [JavaFX Application Thread] PlayerShip [moveLeft Line: 139] - Moving Left
[DEBUG] 2026-08-02 01:21:58 [time 85211 ms] [JavaFX Application Thread] PlayerShip [moveLeft Line: 139] - Moving Left
[DEBUG] 2026-08-02 01:21:58 [time 85220 ms] [JavaFX Application Thread] PlayerShip [moveLeft Line: 139] - Moving Left
[DEBUG] 2026-08-02 01:21:58 [time 85228 ms] [JavaFX Application Thread] PlayerShip [moveLeft Line: 139] - Moving Left
[DEBUG] 2026-08-02 01:21:58 [time 85236 ms] [JavaFX Application Thread] PlayerShip [moveLeft Line: 139] - Moving Left
[DEBUG] 2026-08-02 01:21:58 [time 85245 ms] [JavaFX Application Thread] PlayerShip [moveLeft Line: 139] - Moving Left
[DEBUG] 2026-08-02 01:21:58 [time 85253 ms] [JavaFX Application Thread] PlayerShip [moveLeft Line: 139] - Moving Left
[DEBUG] 2026-08-02 01:21:58 [time 85261 ms] [JavaFX Application Thread] PlayerShip [moveLeft Line: 139] - Moving Left
[DEBUG] 2026-08-02 01:21:58 [time 85270 ms] [JavaFX Application Thread] PlayerShip [moveLeft Line: 139] - Moving Left
[DEBUG] 2026-08-02 01:21:58 [time 85278 ms] [JavaFX Application Thread] PlayerShip [moveLeft Line: 139] - Moving Left
[DEBUG] 2026-08-02 01:21:58 [time 85286 ms] [JavaFX Application Thread] PlayerShip [moveLeft Line: 139] - Moving Left
[DEBUG] 2026-08-02 01:21:58 [time 85294 ms] [JavaFX Application Thread] PlayerShip [moveLeft Line: 139] - Moving Left
[DEBUG] 2026-08-02 01:21:58 [time 85302 ms] [JavaFX Application Thread] PlayerShip [moveLeft Line: 139] - Moving Left
[DEBUG] 2026-08-02 01:21:58 [time 85311 ms] [JavaFX Application Thread] PlayerShip [moveLeft Line: 139] - Moving Left
[DEBUG] 2026-08-02 01:21:58 [time 85319 ms] [JavaFX Application Thread] PlayerShip [moveLeft Line: 139] - Moving Left
[DEBUG] 2026-08-02 01:21:58 [time 85328 ms] [JavaFX Application Thread] PlayerShip [moveLeft Line: 139] - Moving Left
[DEBUG] 2026-08-02 01:21:58 [time 85336 ms] [JavaFX Application Thread] PlayerShip [moveLeft Line: 139] - Moving Left
[DEBUG] 2026-08-02 01:21:58 [time 85344 ms] [JavaFX Application Thread] PlayerShip [moveLeft Line: 139] - Moving Left
[DEBUG] 2026-08-02 01:21:58 [time 85353 ms] [JavaFX Application Thread] PlayerShip [moveLeft Line: 139] - Moving Left
[DEBUG] 2026-08-02 01:21:58 [time 85361 ms] [JavaFX Application Thread] PlayerShip [moveLeft Line: 139] - Moving Left
[DEBUG] 2026-08-02 01:21:58 [time 85369 ms] [JavaFX Application Thread] PlayerShip [moveLeft Line: 139] - Moving Left
[DEBUG] 2026-08-02 01:21:58 [time 85378 ms] [JavaFX Application Thread] PlayerShip [moveLeft Line: 139] - Moving Left
[DEBUG] 2026-08-02 01:21:58 [time 85386 ms] [JavaFX Application Thread] PlayerShip [moveLeft Line: 139] - Moving Left
[DEBUG] 2026-08-02 01:21:58 [time 85394 ms] [JavaFX Application Thread] PlayerShip [moveLeft Line: 139] - Moving Left
[DEBUG] 2026-08-02 01:21:58 [time 85403 ms] [JavaFX Application Thread] PlayerShip [moveLeft Line: 139] - Moving Left
[DEBUG] 2026-08-02 01:21:58 [time 85411 ms] [JavaFX Application Thread] PlayerShip [moveLeft Line: 139] - Moving Left
[DEBUG] 2026-08-02 01:21:58 [time 85420 ms] [JavaFX Application Thread] PlayerShip [moveLeft Line: 139] - Moving Left
[DEBUG] 2026-08-02 01:21:58 [time 85421 ms] [JavaFX Application Thread] PlayerShip [moveTop Line: 149] - Moving Top
[DEBUG] 2026-08-02 01:21:58 [time 85428 ms] [JavaFX Application Thread] PlayerShip [moveLeft Line: 139] - Moving Left
[DEBUG] 2026-08-02 01:21:58 [time 85428 ms] [JavaFX Application Thread] PlayerShip [moveTop Line: 149] - Moving Top
[DEBUG] 2026-08-02 01:21:58 [time 85436 ms] [JavaFX Application Thread] PlayerShip [moveLeft Line: 139] - Moving Left
[DEBUG] 2026-08-02 01:21:58 [time 85436 ms] [JavaFX Application Thread] PlayerShip [moveTop Line: 149] - Moving Top
[DEBUG] 2026-08-02 01:21:58 [time 85445 ms] [JavaFX Application Thread] PlayerShip [moveLeft Line: 139] - Moving Left
[DEBUG] 2026-08-02 01:21:58 [time 85445 ms] [JavaFX Application Thread] PlayerShip [moveTop Line: 149] - Moving Top
[DEBUG] 2026-08-02 01:21:59 [time 85453 ms] [JavaFX Application Thread] PlayerShip [moveLeft Line: 139] - Moving Left
[DEBUG] 2026-08-02 01:21:59 [time 85453 ms] [JavaFX Application Thread] PlayerShip [moveTop Line: 149] - Moving Top
[DEBUG] 2026-08-02 01:21:59 [time 85461 ms] [JavaFX Application Thread] PlayerShip [moveLeft Line: 139] - Moving Left
[DEBUG] 2026-08-02 01:21:59 [time 85461 ms] [JavaFX Application Thread] PlayerShip [moveTop Line: 149] - Moving Top
[DEBUG] 2026-08-02 01:21:59 [time 85470 ms] [JavaFX Application Thread] PlayerShip [moveLeft Line: 139] - Moving Left
[DEBUG] 2026-08-02 01:21:59 [time 85470 ms] [JavaFX Application Thread] PlayerShip [moveTop Line: 149] - Moving Top
[DEBUG] 2026-08-02 01:21:59 [time 85478 ms] [JavaFX Application Thread] GameController [lambda$setUpKeyEvents$8 Line: 86] - PlayerShip shoot bullet
[DEBUG] 2026-08-02 01:21:59 [time 85479 ms] [JavaFX Application Thread] PlayerShip [moveLeft Line: 139] - Moving Left
[DEBUG] 2026-08-02 01:21:59 [time 85479 ms] [JavaFX Application Thread] PlayerShip [moveTop Line: 149] - Moving Top
[DEBUG] 2026-08-02 01:21:59 [time 85486 ms] [JavaFX Application Thread] PlayerShip [moveLeft Line: 139] - Moving Left
[DEBUG] 2026-08-02 01:21:59 [time 85486 ms] [JavaFX Application Thread] PlayerShip [moveTop Line: 149] - Moving Top
[DEBUG] 2026-08-02 01:21:59 [time 85494 ms] [JavaFX Application Thread] PlayerShip [moveLeft Line: 139] - Moving Left
[DEBUG] 2026-08-02 01:21:59 [time 85495 ms] [JavaFX Application Thread] PlayerShip [moveTop Line: 149] - Moving Top
[DEBUG] 2026-08-02 01:21:59 [time 85503 ms] [JavaFX Application Thread] PlayerShip [moveLeft Line: 139] - Moving Left
[DEBUG] 2026-08-02 01:21:59 [time 85503 ms] [JavaFX Application Thread] PlayerShip [moveTop Line: 149] - Moving Top
[DEBUG] 2026-08-02 01:21:59 [time 85511 ms] [JavaFX Application Thread] PlayerShip [moveLeft Line: 139] - Moving Left
[DEBUG] 2026-08-02 01:21:59 [time 85511 ms] [JavaFX Application Thread] PlayerShip [moveTop Line: 149] - Moving Top
[DEBUG] 2026-08-02 01:21:59 [time 85520 ms] [JavaFX Application Thread] PlayerShip [moveLeft Line: 139] - Moving Left
[DEBUG] 2026-08-02 01:21:59 [time 85520 ms] [JavaFX Application Thread] PlayerShip [moveTop Line: 149] - Moving Top
[DEBUG] 2026-08-02 01:21:59 [time 85528 ms] [JavaFX Application Thread] PlayerShip [moveLeft Line: 139] - Moving Left
[DEBUG] 2026-08-02 01:21:59 [time 85528 ms] [JavaFX Application Thread] PlayerShip [moveTop Line: 149] - Moving Top
[DEBUG] 2026-08-02 01:21:59 [time 85536 ms] [JavaFX Application Thread] PlayerShip [moveLeft Line: 139] - Moving Left
[DEBUG] 2026-08-02 01:21:59 [time 85536 ms] [JavaFX Application Thread] PlayerShip [moveTop Line: 149] - Moving Top
[DEBUG] 2026-08-02 01:21:59 [time 85544 ms] [JavaFX Application Thread] PlayerShip [moveLeft Line: 139] - Moving Left
[DEBUG] 2026-08-02 01:21:59 [time 85545 ms] [JavaFX Application Thread] PlayerShip [moveTop Line: 149] - Moving Top
[DEBUG] 2026-08-02 01:21:59 [time 85553 ms] [JavaFX Application Thread] PlayerShip [moveTop Line: 149] - Moving Top
[DEBUG] 2026-08-02 01:21:59 [time 85561 ms] [JavaFX Application Thread] PlayerShip [moveTop Line: 149] - Moving Top
[DEBUG] 2026-08-02 01:21:59 [time 85569 ms] [JavaFX Application Thread] PlayerShip [moveTop Line: 149] - Moving Top
[DEBUG] 2026-08-02 01:21:59 [time 85578 ms] [JavaFX Application Thread] PlayerShip [moveTop Line: 149] - Moving Top
[DEBUG] 2026-08-02 01:21:59 [time 85586 ms] [JavaFX Application Thread] PlayerShip [moveTop Line: 149] - Moving Top
[DEBUG] 2026-08-02 01:21:59 [time 85595 ms] [JavaFX Application Thread] PlayerShip [moveTop Line: 149] - Moving Top
[DEBUG] 2026-08-02 01:21:59 [time 85603 ms] [JavaFX Application Thread] PlayerShip [moveTop Line: 149] - Moving Top
[DEBUG] 2026-08-02 01:21:59 [time 85611 ms] [JavaFX Application Thread] PlayerShip [moveTop Line: 149] - Moving Top
[DEBUG] 2026-08-02 01:21:59 [time 85620 ms] [JavaFX Application Thread] PlayerShip [moveTop Line: 149] - Moving Top
[DEBUG] 2026-08-02 01:21:59 [time 85628 ms] [JavaFX Application Thread] PlayerShip [moveTop Line: 149] - Moving Top
[DEBUG] 2026-08-02 01:21:59 [time 85635 ms] [JavaFX Application Thread] PlayerShip [moveTop Line: 149] - Moving Top
[DEBUG] 2026-08-02 01:21:59 [time 85643 ms] [JavaFX Application Thread] GameController [lambda$addEventListeners$0 Line: 59] - angle: -41.97544252508014, rotatedangle: 48.02455747491986
[DEBUG] 2026-08-02 01:21:59 [time 85645 ms] [JavaFX Application Thread] PlayerShip [moveTop Line: 149] - Moving Top
[DEBUG] 2026-08-02 01:21:59 [time 85652 ms] [JavaFX Application Thread] GameController [lambda$addEventListeners$0 Line: 59] - angle: -40.56645366431443, rotatedangle: 49.43354633568557
[DEBUG] 2026-08-02 01:21:59 [time 85653 ms] [JavaFX Application Thread] PlayerShip [moveTop Line: 149] - Moving Top
[DEBUG] 2026-08-02 01:21:59 [time 85660 ms] [JavaFX Application Thread] GameController [lambda$addEventListeners$0 Line: 59] - angle: -38.76166731036069, rotatedangle: 51.23833268963931
[DEBUG] 2026-08-02 01:21:59 [time 85661 ms] [JavaFX Application Thread] PlayerShip [moveTop Line: 149] - Moving Top
[DEBUG] 2026-08-02 01:21:59 [time 85668 ms] [JavaFX Application Thread] GameController [lambda$addEventListeners$0 Line: 59] - angle: -36.90298213133124, rotatedangle: 53.09701786866876
[DEBUG] 2026-08-02 01:21:59 [time 85669 ms] [JavaFX Application Thread] PlayerShip [moveTop Line: 149] - Moving Top
[DEBUG] 2026-08-02 01:21:59 [time 85676 ms] [JavaFX Application Thread] GameController [lambda$addEventListeners$0 Line: 59] - angle: -34.62087139720587, rotatedangle: 55.37912860279413
[DEBUG] 2026-08-02 01:21:59 [time 85677 ms] [JavaFX Application Thread] PlayerShip [moveTop Line: 149] - Moving Top
[DEBUG] 2026-08-02 01:21:59 [time 85685 ms] [JavaFX Application Thread] GameController [lambda$addEventListeners$0 Line: 59] - angle: -32.51033726207205, rotatedangle: 57.48966273792795
[DEBUG] 2026-08-02 01:21:59 [time 85686 ms] [JavaFX Application Thread] PlayerShip [moveTop Line: 149] - Moving Top
[DEBUG] 2026-08-02 01:21:59 [time 85693 ms] [JavaFX Application Thread] GameController [lambda$addEventListeners$0 Line: 59] - angle: -30.34324888423958, rotatedangle: 59.65675111576042
[DEBUG] 2026-08-02 01:21:59 [time 85694 ms] [JavaFX Application Thread] PlayerShip [moveTop Line: 149] - Moving Top
[DEBUG] 2026-08-02 01:21:59 [time 85701 ms] [JavaFX Application Thread] GameController [lambda$addEventListeners$0 Line: 59] - angle: -29.291357536875093, rotatedangle: 60.7086424631249
[DEBUG] 2026-08-02 01:21:59 [time 85703 ms] [JavaFX Application Thread] PlayerShip [moveTop Line: 149] - Moving Top
[DEBUG] 2026-08-02 01:21:59 [time 85709 ms] [JavaFX Application Thread] GameController [lambda$addEventListeners$0 Line: 59] - angle: -26.722890390779877, rotatedangle: 63.27710960922012
[DEBUG] 2026-08-02 01:21:59 [time 85710 ms] [JavaFX Application Thread] PlayerShip [moveTop Line: 149] - Moving Top
[DEBUG] 2026-08-02 01:21:59 [time 85715 ms] [JavaFX Application Thread] GameController [lambda$addEventListeners$0 Line: 59] - angle: -25.60888215671751, rotatedangle: 64.39111784328249
[DEBUG] 2026-08-02 01:21:59 [time 85720 ms] [JavaFX Application Thread] PlayerShip [moveTop Line: 149] - Moving Top
[DEBUG] 2026-08-02 01:21:59 [time 85723 ms] [JavaFX Application Thread] GameController [lambda$addEventListeners$0 Line: 59] - angle: -23.980813423357493, rotatedangle: 66.01918657664251
[DEBUG] 2026-08-02 01:21:59 [time 85728 ms] [JavaFX Application Thread] PlayerShip [moveTop Line: 149] - Moving Top
[DEBUG] 2026-08-02 01:21:59 [time 85731 ms] [JavaFX Application Thread] GameController [lambda$addEventListeners$0 Line: 59] - angle: -22.479434397103113, rotatedangle: 67.52056560289688
[DEBUG] 2026-08-02 01:21:59 [time 85736 ms] [JavaFX Application Thread] PlayerShip [moveTop Line: 149] - Moving Top
[DEBUG] 2026-08-02 01:21:59 [time 85740 ms] [JavaFX Application Thread] GameController [lambda$addEventListeners$0 Line: 59] - angle: -21.4599607304857, rotatedangle: 68.5400392695143
[DEBUG] 2026-08-02 01:21:59 [time 85744 ms] [JavaFX Application Thread] PlayerShip [moveTop Line: 149] - Moving Top
[DEBUG] 2026-08-02 01:21:59 [time 85748 ms] [JavaFX Application Thread] GameController [lambda$addEventListeners$0 Line: 59] - angle: -20.078229477414784, rotatedangle: 69.92177052258522
[DEBUG] 2026-08-02 01:21:59 [time 85753 ms] [JavaFX Application Thread] PlayerShip [moveTop Line: 149] - Moving Top
[DEBUG] 2026-08-02 01:21:59 [time 85756 ms] [JavaFX Application Thread] GameController [lambda$addEventListeners$0 Line: 59] - angle: -19.02560153153102, rotatedangle: 70.97439846846898
[DEBUG] 2026-08-02 01:21:59 [time 85761 ms] [JavaFX Application Thread] PlayerShip [moveTop Line: 149] - Moving Top
[DEBUG] 2026-08-02 01:21:59 [time 85764 ms] [JavaFX Application Thread] GameController [lambda$addEventListeners$0 Line: 59] - angle: -17.959480624727295, rotatedangle: 72.04051937527271
[DEBUG] 2026-08-02 01:21:59 [time 85769 ms] [JavaFX Application Thread] PlayerShip [moveTop Line: 149] - Moving Top
[DEBUG] 2026-08-02 01:21:59 [time 85772 ms] [JavaFX Application Thread] GameController [lambda$addEventListeners$0 Line: 59] - angle: -17.061070372673615, rotatedangle: 72.93892962732639
[DEBUG] 2026-08-02 01:21:59 [time 85778 ms] [JavaFX Application Thread] PlayerShip [moveTop Line: 149] - Moving Top
[DEBUG] 2026-08-02 01:21:59 [time 85781 ms] [JavaFX Application Thread] GameController [lambda$addEventListeners$0 Line: 59] - angle: -16.15393186124253, rotatedangle: 73.84606813875747
[DEBUG] 2026-08-02 01:21:59 [time 85786 ms] [JavaFX Application Thread] PlayerShip [moveTop Line: 149] - Moving Top
[DEBUG] 2026-08-02 01:21:59 [time 85794 ms] [JavaFX Application Thread] PlayerShip [moveTop Line: 149] - Moving Top
[DEBUG] 2026-08-02 01:21:59 [time 85797 ms] [JavaFX Application Thread] GameController [lambda$addEventListeners$0 Line: 59] - angle: -14.314827964487797, rotatedangle: 75.68517203551221
[DEBUG] 2026-08-02 01:21:59 [time 85803 ms] [JavaFX Application Thread] PlayerShip [moveTop Line: 149] - Moving Top
[DEBUG] 2026-08-02 01:21:59 [time 85811 ms] [JavaFX Application Thread] PlayerShip [moveTop Line: 149] - Moving Top
[DEBUG] 2026-08-02 01:21:59 [time 85819 ms] [JavaFX Application Thread] PlayerShip [moveTop Line: 149] - Moving Top
[DEBUG] 2026-08-02 01:21:59 [time 85828 ms] [JavaFX Application Thread] PlayerShip [moveTop Line: 149] - Moving Top
[DEBUG] 2026-08-02 01:21:59 [time 85836 ms] [JavaFX Application Thread] PlayerShip [moveTop Line: 149] - Moving Top
[DEBUG] 2026-08-02 01:21:59 [time 85845 ms] [JavaFX Application Thread] PlayerShip [moveTop Line: 149] - Moving Top
[DEBUG] 2026-08-02 01:21:59 [time 85852 ms] [JavaFX Application Thread] PlayerShip [moveTop Line: 149] - Moving Top
[DEBUG] 2026-08-02 01:21:59 [time 85856 ms] [JavaFX Application Thread] GameController [lambda$addEventListeners$0 Line: 59] - angle: -7.685528433429283, rotatedangle: 82.31447156657072
[DEBUG] 2026-08-02 01:21:59 [time 85861 ms] [JavaFX Application Thread] PlayerShip [moveTop Line: 149] - Moving Top
[DEBUG] 2026-08-02 01:21:59 [time 85863 ms] [JavaFX Application Thread] GameController [lambda$addEventListeners$0 Line: 59] - angle: -6.70983549135826, rotatedangle: 83.29016450864174
[DEBUG] 2026-08-02 01:21:59 [time 85869 ms] [JavaFX Application Thread] PlayerShip [moveTop Line: 149] - Moving Top
[DEBUG] 2026-08-02 01:21:59 [time 85877 ms] [JavaFX Application Thread] PlayerShip [moveTop Line: 149] - Moving Top
[DEBUG] 2026-08-02 01:21:59 [time 85885 ms] [JavaFX Application Thread] PlayerShip [moveTop Line: 149] - Moving Top
[DEBUG] 2026-08-02 01:21:59 [time 85895 ms] [JavaFX Application Thread] PlayerShip [moveTop Line: 149] - Moving Top
[DEBUG] 2026-08-02 01:21:59 [time 85903 ms] [JavaFX Application Thread] PlayerShip [moveTop Line: 149] - Moving Top
[DEBUG] 2026-08-02 01:21:59 [time 85911 ms] [JavaFX Application Thread] PlayerShip [moveTop Line: 149] - Moving Top
[DEBUG] 2026-08-02 01:21:59 [time 85919 ms] [JavaFX Application Thread] PlayerShip [moveTop Line: 149] - Moving Top
[DEBUG] 2026-08-02 01:21:59 [time 85928 ms] [JavaFX Application Thread] PlayerShip [moveTop Line: 149] - Moving Top
[DEBUG] 2026-08-02 01:21:59 [time 85936 ms] [JavaFX Application Thread] PlayerShip [moveTop Line: 149] - Moving Top
[DEBUG] 2026-08-02 01:21:59 [time 85944 ms] [JavaFX Application Thread] PlayerShip [moveTop Line: 149] - Moving Top
[DEBUG] 2026-08-02 01:21:59 [time 85953 ms] [JavaFX Application Thread] PlayerShip [moveTop Line: 149] - Moving Top
[DEBUG] 2026-08-02 01:21:59 [time 85960 ms] [JavaFX Application Thread] PlayerShip [moveTop Line: 149] - Moving Top
[DEBUG] 2026-08-02 01:21:59 [time 85970 ms] [JavaFX Application Thread] PlayerShip [moveTop Line: 149] - Moving Top
[DEBUG] 2026-08-02 01:21:59 [time 85978 ms] [JavaFX Application Thread] PlayerShip [moveTop Line: 149] - Moving Top
[DEBUG] 2026-08-02 01:21:59 [time 85985 ms] [JavaFX Application Thread] PlayerShip [moveTop Line: 149] - Moving Top
[DEBUG] 2026-08-02 01:21:59 [time 85994 ms] [JavaFX Application Thread] PlayerShip [moveTop Line: 149] - Moving Top
[DEBUG] 2026-08-02 01:21:59 [time 86003 ms] [JavaFX Application Thread] PlayerShip [moveTop Line: 149] - Moving Top
[DEBUG] 2026-08-02 01:21:59 [time 86011 ms] [JavaFX Application Thread] PlayerShip [moveTop Line: 149] - Moving Top
[DEBUG] 2026-08-02 01:21:59 [time 86020 ms] [JavaFX Application Thread] PlayerShip [moveTop Line: 149] - Moving Top
[DEBUG] 2026-08-02 01:21:59 [time 86028 ms] [JavaFX Application Thread] GameController [lambda$setUpKeyEvents$8 Line: 86] - PlayerShip shoot bullet
[DEBUG] 2026-08-02 01:21:59 [time 86028 ms] [JavaFX Application Thread] PlayerShip [moveTop Line: 149] - Moving Top
[DEBUG] 2026-08-02 01:21:59 [time 86036 ms] [JavaFX Application Thread] PlayerShip [moveTop Line: 149] - Moving Top
[DEBUG] 2026-08-02 01:21:59 [time 86044 ms] [JavaFX Application Thread] PlayerShip [moveTop Line: 149] - Moving Top
[DEBUG] 2026-08-02 01:21:59 [time 86052 ms] [JavaFX Application Thread] PlayerShip [moveTop Line: 149] - Moving Top
[DEBUG] 2026-08-02 01:21:59 [time 86061 ms] [JavaFX Application Thread] PlayerShip [moveTop Line: 149] - Moving Top
[DEBUG] 2026-08-02 01:21:59 [time 86069 ms] [JavaFX Application Thread] PlayerShip [moveTop Line: 149] - Moving Top
[DEBUG] 2026-08-02 01:21:59 [time 86078 ms] [JavaFX Application Thread] PlayerShip [moveTop Line: 149] - Moving Top
[DEBUG] 2026-08-02 01:21:59 [time 86086 ms] [JavaFX Application Thread] PlayerShip [moveTop Line: 149] - Moving Top
[DEBUG] 2026-08-02 01:21:59 [time 86094 ms] [JavaFX Application Thread] PlayerShip [moveTop Line: 149] - Moving Top
[DEBUG] 2026-08-02 01:21:59 [time 86103 ms] [JavaFX Application Thread] PlayerShip [moveTop Line: 149] - Moving Top
[DEBUG] 2026-08-02 01:21:59 [time 86111 ms] [JavaFX Application Thread] PlayerShip [moveTop Line: 149] - Moving Top
[DEBUG] 2026-08-02 01:21:59 [time 86119 ms] [JavaFX Application Thread] PlayerShip [moveTop Line: 149] - Moving Top
[DEBUG] 2026-08-02 01:21:59 [time 86128 ms] [JavaFX Application Thread] PlayerShip [moveTop Line: 149] - Moving Top
[DEBUG] 2026-08-02 01:21:59 [time 86136 ms] [JavaFX Application Thread] PlayerShip [moveTop Line: 149] - Moving Top
[DEBUG] 2026-08-02 01:21:59 [time 86144 ms] [JavaFX Application Thread] PlayerShip [moveTop Line: 149] - Moving Top
[DEBUG] 2026-08-02 01:21:59 [time 86153 ms] [JavaFX Application Thread] PlayerShip [moveTop Line: 149] - Moving Top
[ INFO] 2026-08-02 01:21:59 [time 86161 ms] [JavaFX Application Thread] GameController [updateAndCollidePlayerBullet Line: 360] - Current Score: 58
[DEBUG] 2026-08-02 01:21:59 [time 86163 ms] [JavaFX Application Thread] PlayerShip [moveRight Line: 144] - Moving Right
[DEBUG] 2026-08-02 01:21:59 [time 86163 ms] [JavaFX Application Thread] PlayerShip [moveTop Line: 149] - Moving Top
[DEBUG] 2026-08-02 01:21:59 [time 86169 ms] [JavaFX Application Thread] PlayerShip [moveRight Line: 144] - Moving Right
[DEBUG] 2026-08-02 01:21:59 [time 86169 ms] [JavaFX Application Thread] PlayerShip [moveTop Line: 149] - Moving Top
[DEBUG] 2026-08-02 01:21:59 [time 86178 ms] [JavaFX Application Thread] PlayerShip [moveRight Line: 144] - Moving Right
[DEBUG] 2026-08-02 01:21:59 [time 86178 ms] [JavaFX Application Thread] PlayerShip [moveTop Line: 149] - Moving Top
[DEBUG] 2026-08-02 01:21:59 [time 86186 ms] [JavaFX Application Thread] PlayerShip [moveRight Line: 144] - Moving Right
[DEBUG] 2026-08-02 01:21:59 [time 86194 ms] [JavaFX Application Thread] PlayerShip [moveRight Line: 144] - Moving Right
[DEBUG] 2026-08-02 01:21:59 [time 86203 ms] [JavaFX Application Thread] PlayerShip [moveRight Line: 144] - Moving Right
[DEBUG] 2026-08-02 01:21:59 [time 86211 ms] [JavaFX Application Thread] PlayerShip [moveRight Line: 144] - Moving Right
[DEBUG] 2026-08-02 01:21:59 [time 86219 ms] [JavaFX Application Thread] PlayerShip [moveRight Line: 144] - Moving Right
[DEBUG] 2026-08-02 01:21:59 [time 86228 ms] [JavaFX Application Thread] PlayerShip [moveRight Line: 144] - Moving Right
[DEBUG] 2026-08-02 01:21:59 [time 86236 ms] [JavaFX Application Thread] PlayerShip [moveRight Line: 144] - Moving Right
[DEBUG] 2026-08-02 01:21:59 [time 86238 ms] [JavaFX Application Thread] GameController [lambda$setUpKeyEvents$8 Line: 86] - PlayerShip shoot bullet
[DEBUG] 2026-08-02 01:21:59 [time 86245 ms] [JavaFX Application Thread] PlayerShip [moveRight Line: 144] - Moving Right
[DEBUG] 2026-08-02 01:21:59 [time 86253 ms] [JavaFX Application Thread] PlayerShip [moveRight Line: 144] - Moving Right
[DEBUG] 2026-08-02 01:21:59 [time 86261 ms] [JavaFX Application Thread] PlayerShip [moveRight Line: 144] - Moving Right
[DEBUG] 2026-08-02 01:21:59 [time 86270 ms] [JavaFX Application Thread] PlayerShip [moveRight Line: 144] - Moving Right
[DEBUG] 2026-08-02 01:21:59 [time 86278 ms] [JavaFX Application Thread] PlayerShip [moveRight Line: 144] - Moving Right
[DEBUG] 2026-08-02 01:21:59 [time 86286 ms] [JavaFX Application Thread] PlayerShip [moveRight Line: 144] - Moving Right
[DEBUG] 2026-08-02 01:21:59 [time 86294 ms] [JavaFX Application Thread] PlayerShip [moveRight Line: 144] - Moving Right
[DEBUG] 2026-08-02 01:21:59 [time 86303 ms] [JavaFX Application Thread] PlayerShip [moveRight Line: 144] - Moving Right
[DEBUG] 2026-08-02 01:21:59 [time 86311 ms] [JavaFX Application Thread] PlayerShip [moveRight Line: 144] - Moving Right
[DEBUG] 2026-08-02 01:21:59 [time 86320 ms] [JavaFX Application Thread] PlayerShip [moveRight Line: 144] - Moving Right
[DEBUG] 2026-08-02 01:21:59 [time 86328 ms] [JavaFX Application Thread] PlayerShip [moveRight Line: 144] - Moving Right
[DEBUG] 2026-08-02 01:21:59 [time 86336 ms] [JavaFX Application Thread] PlayerShip [moveRight Line: 144] - Moving Right
[DEBUG] 2026-08-02 01:21:59 [time 86345 ms] [JavaFX Application Thread] PlayerShip [moveRight Line: 144] - Moving Right
[DEBUG] 2026-08-02 01:21:59 [time 86353 ms] [JavaFX Application Thread] PlayerShip [moveRight Line: 144] - Moving Right
[DEBUG] 2026-08-02 01:21:59 [time 86361 ms] [JavaFX Application Thread] PlayerShip [moveRight Line: 144] - Moving Right
[DEBUG] 2026-08-02 01:21:59 [time 86369 ms] [JavaFX Application Thread] PlayerShip [moveRight Line: 144] - Moving Right
[DEBUG] 2026-08-02 01:21:59 [time 86378 ms] [JavaFX Application Thread] PlayerShip [moveRight Line: 144] - Moving Right
[DEBUG] 2026-08-02 01:21:59 [time 86386 ms] [JavaFX Application Thread] PlayerShip [moveRight Line: 144] - Moving Right
[DEBUG] 2026-08-02 01:21:59 [time 86394 ms] [JavaFX Application Thread] PlayerShip [moveRight Line: 144] - Moving Right
[DEBUG] 2026-08-02 01:21:59 [time 86403 ms] [JavaFX Application Thread] PlayerShip [moveRight Line: 144] - Moving Right
[DEBUG] 2026-08-02 01:21:59 [time 86411 ms] [JavaFX Application Thread] PlayerShip [moveRight Line: 144] - Moving Right
[DEBUG] 2026-08-02 01:21:59 [time 86419 ms] [JavaFX Application Thread] PlayerShip [moveRight Line: 144] - Moving Right
[DEBUG] 2026-08-02 01:21:59 [time 86428 ms] [JavaFX Application Thread] PlayerShip [moveRight Line: 144] - Moving Right
[DEBUG] 2026-08-02 01:21:59 [time 86436 ms] [JavaFX Application Thread] PlayerShip [moveRight Line: 144] - Moving Right
[DEBUG] 2026-08-02 01:21:59 [time 86444 ms] [JavaFX Application Thread] PlayerShip [moveRight Line: 144] - Moving Right
[DEBUG] 2026-08-02 01:22:00 [time 86453 ms] [JavaFX Application Thread] PlayerShip [moveRight Line: 144] - Moving Right
[DEBUG] 2026-08-02 01:22:00 [time 86461 ms] [JavaFX Application Thread] PlayerShip [moveRight Line: 144] - Moving Right
[ INFO] 2026-08-02 01:22:00 [time 86470 ms] [JavaFX Application Thread] GameController [updateAndCollidePlayerBullet Line: 360] - Current Score: 59
[DEBUG] 2026-08-02 01:22:00 [time 86473 ms] [JavaFX Application Thread] PlayerShip [moveRight Line: 144] - Moving Right
[DEBUG] 2026-08-02 01:22:00 [time 86478 ms] [JavaFX Application Thread] PlayerShip [moveRight Line: 144] - Moving Right
[DEBUG] 2026-08-02 01:22:00 [time 86486 ms] [JavaFX Application Thread] PlayerShip [moveRight Line: 144] - Moving Right
[DEBUG] 2026-08-02 01:22:00 [time 86495 ms] [JavaFX Application Thread] PlayerShip [moveRight Line: 144] - Moving Right
[DEBUG] 2026-08-02 01:22:00 [time 86503 ms] [JavaFX Application Thread] PlayerShip [moveRight Line: 144] - Moving Right
[DEBUG] 2026-08-02 01:22:00 [time 86511 ms] [JavaFX Application Thread] PlayerShip [moveRight Line: 144] - Moving Right
[DEBUG] 2026-08-02 01:22:00 [time 86519 ms] [JavaFX Application Thread] PlayerShip [moveRight Line: 144] - Moving Right
[DEBUG] 2026-08-02 01:22:00 [time 86527 ms] [JavaFX Application Thread] PlayerShip [moveRight Line: 144] - Moving Right
[DEBUG] 2026-08-02 01:22:00 [time 86536 ms] [JavaFX Application Thread] PlayerShip [moveRight Line: 144] - Moving Right
[DEBUG] 2026-08-02 01:22:00 [time 86544 ms] [JavaFX Application Thread] PlayerShip [moveRight Line: 144] - Moving Right
[DEBUG] 2026-08-02 01:22:00 [time 86553 ms] [JavaFX Application Thread] PlayerShip [moveRight Line: 144] - Moving Right
[DEBUG] 2026-08-02 01:22:00 [time 86561 ms] [JavaFX Application Thread] PlayerShip [moveRight Line: 144] - Moving Right
[DEBUG] 2026-08-02 01:22:00 [time 86570 ms] [JavaFX Application Thread] PlayerShip [moveRight Line: 144] - Moving Right
[DEBUG] 2026-08-02 01:22:00 [time 86578 ms] [JavaFX Application Thread] PlayerShip [moveRight Line: 144] - Moving Right
[DEBUG] 2026-08-02 01:22:00 [time 86586 ms] [JavaFX Application Thread] PlayerShip [moveRight Line: 144] - Moving Right
[DEBUG] 2026-08-02 01:22:00 [time 86594 ms] [JavaFX Application Thread] PlayerShip [moveRight Line: 144] - Moving Right
[DEBUG] 2026-08-02 01:22:00 [time 86603 ms] [JavaFX Application Thread] PlayerShip [moveRight Line: 144] - Moving Right
[DEBUG] 2026-08-02 01:22:00 [time 86611 ms] [JavaFX Application Thread] PlayerShip [moveRight Line: 144] - Moving Right
[DEBUG] 2026-08-02 01:22:00 [time 86619 ms] [JavaFX Application Thread] PlayerShip [moveRight Line: 144] - Moving Right
[DEBUG] 2026-08-02 01:22:00 [time 86628 ms] [JavaFX Application Thread] PlayerShip [moveRight Line: 144] - Moving Right
[DEBUG] 2026-08-02 01:22:00 [time 86636 ms] [JavaFX Application Thread] PlayerShip [moveRight Line: 144] - Moving Right
[DEBUG] 2026-08-02 01:22:00 [time 86644 ms] [JavaFX Application Thread] PlayerShip [moveRight Line: 144] - Moving Right
[DEBUG] 2026-08-02 01:22:00 [time 86652 ms] [JavaFX Application Thread] PlayerShip [moveRight Line: 144] - Moving Right
[DEBUG] 2026-08-02 01:22:00 [time 86661 ms] [JavaFX Application Thread] PlayerShip [moveRight Line: 144] - Moving Right
[DEBUG] 2026-08-02 01:22:00 [time 86669 ms] [JavaFX Application Thread] PlayerShip [moveRight Line: 144] - Moving Right
[DEBUG] 2026-08-02 01:22:00 [time 86678 ms] [JavaFX Application Thread] PlayerShip [moveRight Line: 144] - Moving Right
[DEBUG] 2026-08-02 01:22:00 [time 86686 ms] [JavaFX Application Thread] PlayerShip [moveRight Line: 144] - Moving Right
[DEBUG] 2026-08-02 01:22:00 [time 86694 ms] [JavaFX Application Thread] PlayerShip [moveRight Line: 144] - Moving Right
[DEBUG] 2026-08-02 01:22:00 [time 86703 ms] [JavaFX Application Thread] PlayerShip [moveRight Line: 144] - Moving Right
[DEBUG] 2026-08-02 01:22:00 [time 86711 ms] [JavaFX Application Thread] PlayerShip [moveRight Line: 144] - Moving Right
[DEBUG] 2026-08-02 01:22:00 [time 86720 ms] [JavaFX Application Thread] PlayerShip [moveRight Line: 144] - Moving Right
[DEBUG] 2026-08-02 01:22:00 [time 86728 ms] [JavaFX Application Thread] PlayerShip [moveRight Line: 144] - Moving Right
[DEBUG] 2026-08-02 01:22:00 [time 86736 ms] [JavaFX Application Thread] PlayerShip [moveRight Line: 144] - Moving Right
[DEBUG] 2026-08-02 01:22:00 [time 86744 ms] [JavaFX Application Thread] PlayerShip [moveRight Line: 144] - Moving Right
[DEBUG] 2026-08-02 01:22:00 [time 86753 ms] [JavaFX Application Thread] PlayerShip [moveRight Line: 144] - Moving Right
[DEBUG] 2026-08-02 01:22:00 [time 86761 ms] [JavaFX Application Thread] PlayerShip [moveRight Line: 144] - Moving Right
[DEBUG] 2026-08-02 01:22:00 [time 86770 ms] [JavaFX Application Thread] PlayerShip [moveRight Line: 144] - Moving Right
[DEBUG] 2026-08-02 01:22:00 [time 86777 ms] [JavaFX Application Thread] PlayerShip [moveRight Line: 144] - Moving Right
[DEBUG] 2026-08-02 01:22:00 [time 86786 ms] [JavaFX Application Thread] PlayerShip [moveRight Line: 144] - Moving Right
[DEBUG] 2026-08-02 01:22:00 [time 86794 ms] [JavaFX Application Thread] PlayerShip [moveRight Line: 144] - Moving Right
[DEBUG] 2026-08-02 01:22:00 [time 86803 ms] [JavaFX Application Thread] PlayerShip [moveRight Line: 144] - Moving Right
[ INFO] 2026-08-02 01:22:00 [time 86803 ms] [JavaFX Application Thread] PlayerShip [updateAndCollidePlayerShip Line: 581] - PlayerShip collided with asteroid
[ INFO] 2026-08-02 01:22:00 [time 86808 ms] [JavaFX Application Thread] PlayerShip [updateAndCollidePlayerShip Line: 673] - Remaining Life: 0
[DEBUG] 2026-08-02 01:22:00 [time 86811 ms] [JavaFX Application Thread] PlayerShip [moveRight Line: 144] - Moving Right
[DEBUG] 2026-08-02 01:22:00 [time 86811 ms] [JavaFX Application Thread] PlayerShip [moveBottom Line: 154] - Moving Bottom
[DEBUG] 2026-08-02 01:22:00 [time 86819 ms] [JavaFX Application Thread] PlayerShip [moveRight Line: 144] - Moving Right
[DEBUG] 2026-08-02 01:22:00 [time 86820 ms] [JavaFX Application Thread] PlayerShip [moveBottom Line: 154] - Moving Bottom
[DEBUG] 2026-08-02 01:22:00 [time 86828 ms] [JavaFX Application Thread] PlayerShip [moveRight Line: 144] - Moving Right
[DEBUG] 2026-08-02 01:22:00 [time 86828 ms] [JavaFX Application Thread] PlayerShip [moveBottom Line: 154] - Moving Bottom
[DEBUG] 2026-08-02 01:22:00 [time 86830 ms] [JavaFX Application Thread] GameController [lambda$addEventListeners$0 Line: 59] - angle: -65.5560518730385, rotatedangle: 24.4439481269615
[DEBUG] 2026-08-02 01:22:00 [time 86836 ms] [JavaFX Application Thread] PlayerShip [moveBottom Line: 154] - Moving Bottom
[DEBUG] 2026-08-02 01:22:00 [time 86836 ms] [JavaFX Application Thread] GameController [lambda$addEventListeners$0 Line: 59] - angle: -65.51331906828398, rotatedangle: 24.486680931716023
[DEBUG] 2026-08-02 01:22:00 [time 86844 ms] [JavaFX Application Thread] PlayerShip [moveBottom Line: 154] - Moving Bottom
[DEBUG] 2026-08-02 01:22:00 [time 86845 ms] [JavaFX Application Thread] GameController [lambda$addEventListeners$0 Line: 59] - angle: -65.01356029561624, rotatedangle: 24.986439704383756
[DEBUG] 2026-08-02 01:22:00 [time 86853 ms] [JavaFX Application Thread] PlayerShip [moveBottom Line: 154] - Moving Bottom
[DEBUG] 2026-08-02 01:22:00 [time 86853 ms] [JavaFX Application Thread] GameController [lambda$addEventListeners$0 Line: 59] - angle: -63.43494882292201, rotatedangle: 26.56505117707799
[DEBUG] 2026-08-02 01:22:00 [time 86861 ms] [JavaFX Application Thread] PlayerShip [moveBottom Line: 154] - Moving Bottom
[DEBUG] 2026-08-02 01:22:00 [time 86861 ms] [JavaFX Application Thread] GameController [lambda$addEventListeners$0 Line: 59] - angle: -63.653633942344996, rotatedangle: 26.346366057655004
[DEBUG] 2026-08-02 01:22:00 [time 86870 ms] [JavaFX Application Thread] GameController [lambda$addEventListeners$0 Line: 59] - angle: -62.102736057679486, rotatedangle: 27.897263942320514
[DEBUG] 2026-08-02 01:22:00 [time 86870 ms] [JavaFX Application Thread] PlayerShip [moveBottom Line: 154] - Moving Bottom
[DEBUG] 2026-08-02 01:22:00 [time 86878 ms] [JavaFX Application Thread] GameController [lambda$addEventListeners$0 Line: 59] - angle: -62.560261992541044, rotatedangle: 27.439738007458956
[DEBUG] 2026-08-02 01:22:00 [time 86878 ms] [JavaFX Application Thread] PlayerShip [moveBottom Line: 154] - Moving Bottom
[DEBUG] 2026-08-02 01:22:00 [time 86886 ms] [JavaFX Application Thread] GameController [lambda$addEventListeners$0 Line: 59] - angle: -62.35401779148656, rotatedangle: 27.645982208513438
[DEBUG] 2026-08-02 01:22:00 [time 86886 ms] [JavaFX Application Thread] PlayerShip [moveBottom Line: 154] - Moving Bottom
[DEBUG] 2026-08-02 01:22:00 [time 86894 ms] [JavaFX Application Thread] GameController [lambda$addEventListeners$0 Line: 59] - angle: -63.01210941825152, rotatedangle: 26.98789058174848
[DEBUG] 2026-08-02 01:22:00 [time 86894 ms] [JavaFX Application Thread] PlayerShip [moveBottom Line: 154] - Moving Bottom
[DEBUG] 2026-08-02 01:22:00 [time 86902 ms] [JavaFX Application Thread] GameController [lambda$addEventListeners$0 Line: 59] - angle: -63.641785626979356, rotatedangle: 26.358214373020644
[DEBUG] 2026-08-02 01:22:00 [time 86903 ms] [JavaFX Application Thread] PlayerShip [moveBottom Line: 154] - Moving Bottom
[DEBUG] 2026-08-02 01:22:00 [time 86910 ms] [JavaFX Application Thread] GameController [lambda$addEventListeners$0 Line: 59] - angle: -64.44002568202698, rotatedangle: 25.559974317973015
[DEBUG] 2026-08-02 01:22:00 [time 86911 ms] [JavaFX Application Thread] PlayerShip [moveBottom Line: 154] - Moving Bottom
[DEBUG] 2026-08-02 01:22:00 [time 86918 ms] [JavaFX Application Thread] GameController [lambda$addEventListeners$0 Line: 59] - angle: -65.00970848639221, rotatedangle: 24.990291513607787
[DEBUG] 2026-08-02 01:22:00 [time 86919 ms] [JavaFX Application Thread] PlayerShip [moveBottom Line: 154] - Moving Bottom
[DEBUG] 2026-08-02 01:22:00 [time 86927 ms] [JavaFX Application Thread] GameController [lambda$addEventListeners$0 Line: 59] - angle: -65.90797189884711, rotatedangle: 24.09202810115289
[DEBUG] 2026-08-02 01:22:00 [time 86928 ms] [JavaFX Application Thread] PlayerShip [moveBottom Line: 154] - Moving Bottom
[DEBUG] 2026-08-02 01:22:00 [time 86935 ms] [JavaFX Application Thread] GameController [lambda$addEventListeners$0 Line: 59] - angle: -66.58396422093409, rotatedangle: 23.416035779065908
[DEBUG] 2026-08-02 01:22:00 [time 86936 ms] [JavaFX Application Thread] PlayerShip [moveBottom Line: 154] - Moving Bottom
[DEBUG] 2026-08-02 01:22:00 [time 86943 ms] [JavaFX Application Thread] GameController [lambda$addEventListeners$0 Line: 59] - angle: -67.22503374270623, rotatedangle: 22.77496625729377
[DEBUG] 2026-08-02 01:22:00 [time 86944 ms] [JavaFX Application Thread] PlayerShip [moveBottom Line: 154] - Moving Bottom
[DEBUG] 2026-08-02 01:22:00 [time 86951 ms] [JavaFX Application Thread] GameController [lambda$addEventListeners$0 Line: 59] - angle: -67.98101264998063, rotatedangle: 22.018987350019373
[DEBUG] 2026-08-02 01:22:00 [time 86953 ms] [JavaFX Application Thread] PlayerShip [moveBottom Line: 154] - Moving Bottom
[DEBUG] 2026-08-02 01:22:00 [time 86959 ms] [JavaFX Application Thread] GameController [lambda$addEventListeners$0 Line: 59] - angle: -68.69068940282739, rotatedangle: 21.309310597172612
[DEBUG] 2026-08-02 01:22:00 [time 86961 ms] [JavaFX Application Thread] PlayerShip [moveBottom Line: 154] - Moving Bottom
[DEBUG] 2026-08-02 01:22:00 [time 86967 ms] [JavaFX Application Thread] GameController [lambda$addEventListeners$0 Line: 59] - angle: -69.22774204627977, rotatedangle: 20.772257953720228
[DEBUG] 2026-08-02 01:22:00 [time 86969 ms] [JavaFX Application Thread] PlayerShip [moveBottom Line: 154] - Moving Bottom
[DEBUG] 2026-08-02 01:22:00 [time 86978 ms] [JavaFX Application Thread] PlayerShip [moveBottom Line: 154] - Moving Bottom
[DEBUG] 2026-08-02 01:22:00 [time 86986 ms] [JavaFX Application Thread] PlayerShip [moveBottom Line: 154] - Moving Bottom
[DEBUG] 2026-08-02 01:22:00 [time 86994 ms] [JavaFX Application Thread] PlayerShip [moveBottom Line: 154] - Moving Bottom
[DEBUG] 2026-08-02 01:22:00 [time 87002 ms] [JavaFX Application Thread] PlayerShip [moveBottom Line: 154] - Moving Bottom
[DEBUG] 2026-08-02 01:22:00 [time 87010 ms] [JavaFX Application Thread] PlayerShip [moveBottom Line: 154] - Moving Bottom
[DEBUG] 2026-08-02 01:22:00 [time 87020 ms] [JavaFX Application Thread] PlayerShip [moveBottom Line: 154] - Moving Bottom
[DEBUG] 2026-08-02 01:22:00 [time 87028 ms] [JavaFX Application Thread] PlayerShip [moveBottom Line: 154] - Moving Bottom
[DEBUG] 2026-08-02 01:22:00 [time 87036 ms] [JavaFX Application Thread] PlayerShip [moveBottom Line: 154] - Moving Bottom
[DEBUG] 2026-08-02 01:22:00 [time 87044 ms] [JavaFX Application Thread] PlayerShip [moveBottom Line: 154] - Moving Bottom
[DEBUG] 2026-08-02 01:22:00 [time 87053 ms] [JavaFX Application Thread] PlayerShip [moveBottom Line: 154] - Moving Bottom
[DEBUG] 2026-08-02 01:22:00 [time 87061 ms] [JavaFX Application Thread] PlayerShip [moveBottom Line: 154] - Moving Bottom
[DEBUG] 2026-08-02 01:22:00 [time 87069 ms] [JavaFX Application Thread] PlayerShip [moveBottom Line: 154] - Moving Bottom
[DEBUG] 2026-08-02 01:22:00 [time 87077 ms] [JavaFX Application Thread] PlayerShip [moveBottom Line: 154] - Moving Bottom
[DEBUG] 2026-08-02 01:22:00 [time 87086 ms] [JavaFX Application Thread] PlayerShip [moveBottom Line: 154] - Moving Bottom
[DEBUG] 2026-08-02 01:22:00 [time 87095 ms] [JavaFX Application Thread] PlayerShip [moveBottom Line: 154] - Moving Bottom
[DEBUG] 2026-08-02 01:22:00 [time 87103 ms] [JavaFX Application Thread] PlayerShip [moveBottom Line: 154] - Moving Bottom
[DEBUG] 2026-08-02 01:22:00 [time 87111 ms] [JavaFX Application Thread] PlayerShip [moveBottom Line: 154] - Moving Bottom
[DEBUG] 2026-08-02 01:22:00 [time 87119 ms] [JavaFX Application Thread] PlayerShip [moveBottom Line: 154] - Moving Bottom
[DEBUG] 2026-08-02 01:22:00 [time 87127 ms] [JavaFX Application Thread] PlayerShip [moveBottom Line: 154] - Moving Bottom
[DEBUG] 2026-08-02 01:22:00 [time 87136 ms] [JavaFX Application Thread] PlayerShip [moveBottom Line: 154] - Moving Bottom
[DEBUG] 2026-08-02 01:22:00 [time 87145 ms] [JavaFX Application Thread] PlayerShip [moveBottom Line: 154] - Moving Bottom
[DEBUG] 2026-08-02 01:22:00 [time 87153 ms] [JavaFX Application Thread] PlayerShip [moveBottom Line: 154] - Moving Bottom
[DEBUG] 2026-08-02 01:22:00 [time 87161 ms] [JavaFX Application Thread] PlayerShip [moveBottom Line: 154] - Moving Bottom
[DEBUG] 2026-08-02 01:22:00 [time 87170 ms] [JavaFX Application Thread] PlayerShip [moveBottom Line: 154] - Moving Bottom
[DEBUG] 2026-08-02 01:22:00 [time 87178 ms] [JavaFX Application Thread] PlayerShip [moveBottom Line: 154] - Moving Bottom
[DEBUG] 2026-08-02 01:22:00 [time 87186 ms] [JavaFX Application Thread] PlayerShip [moveBottom Line: 154] - Moving Bottom
[DEBUG] 2026-08-02 01:22:00 [time 87194 ms] [JavaFX Application Thread] PlayerShip [moveBottom Line: 154] - Moving Bottom
[DEBUG] 2026-08-02 01:22:00 [time 87203 ms] [JavaFX Application Thread] PlayerShip [moveBottom Line: 154] - Moving Bottom
[DEBUG] 2026-08-02 01:22:00 [time 87211 ms] [JavaFX Application Thread] PlayerShip [moveBottom Line: 154] - Moving Bottom
[DEBUG] 2026-08-02 01:22:00 [time 87219 ms] [JavaFX Application Thread] PlayerShip [moveBottom Line: 154] - Moving Bottom
[DEBUG] 2026-08-02 01:22:00 [time 87228 ms] [JavaFX Application Thread] PlayerShip [moveBottom Line: 154] - Moving Bottom
[DEBUG] 2026-08-02 01:22:00 [time 87236 ms] [JavaFX Application Thread] PlayerShip [moveBottom Line: 154] - Moving Bottom
[DEBUG] 2026-08-02 01:22:00 [time 87244 ms] [JavaFX Application Thread] PlayerShip [moveBottom Line: 154] - Moving Bottom
[DEBUG] 2026-08-02 01:22:01 [time 87861 ms] [JavaFX Application Thread] PlayerShip [moveTop Line: 149] - Moving Top
[DEBUG] 2026-08-02 01:22:01 [time 87869 ms] [JavaFX Application Thread] PlayerShip [moveTop Line: 149] - Moving Top
[DEBUG] 2026-08-02 01:22:01 [time 87878 ms] [JavaFX Application Thread] PlayerShip [moveTop Line: 149] - Moving Top
[DEBUG] 2026-08-02 01:22:01 [time 87886 ms] [JavaFX Application Thread] PlayerShip [moveTop Line: 149] - Moving Top
[DEBUG] 2026-08-02 01:22:01 [time 87894 ms] [JavaFX Application Thread] PlayerShip [moveTop Line: 149] - Moving Top
[DEBUG] 2026-08-02 01:22:01 [time 87903 ms] [JavaFX Application Thread] PlayerShip [moveTop Line: 149] - Moving Top
[DEBUG] 2026-08-02 01:22:01 [time 87911 ms] [JavaFX Application Thread] PlayerShip [moveTop Line: 149] - Moving Top
[DEBUG] 2026-08-02 01:22:01 [time 87919 ms] [JavaFX Application Thread] PlayerShip [moveTop Line: 149] - Moving Top
[DEBUG] 2026-08-02 01:22:01 [time 87927 ms] [JavaFX Application Thread] PlayerShip [moveTop Line: 149] - Moving Top
[DEBUG] 2026-08-02 01:22:01 [time 87936 ms] [JavaFX Application Thread] PlayerShip [moveTop Line: 149] - Moving Top
[DEBUG] 2026-08-02 01:22:01 [time 87944 ms] [JavaFX Application Thread] PlayerShip [moveTop Line: 149] - Moving Top
[DEBUG] 2026-08-02 01:22:01 [time 87953 ms] [JavaFX Application Thread] PlayerShip [moveTop Line: 149] - Moving Top
[DEBUG] 2026-08-02 01:22:01 [time 87961 ms] [JavaFX Application Thread] PlayerShip [moveRight Line: 144] - Moving Right
[DEBUG] 2026-08-02 01:22:01 [time 87961 ms] [JavaFX Application Thread] PlayerShip [moveTop Line: 149] - Moving Top
[DEBUG] 2026-08-02 01:22:01 [time 87969 ms] [JavaFX Application Thread] PlayerShip [moveRight Line: 144] - Moving Right
[DEBUG] 2026-08-02 01:22:01 [time 87969 ms] [JavaFX Application Thread] PlayerShip [moveTop Line: 149] - Moving Top
[DEBUG] 2026-08-02 01:22:01 [time 87978 ms] [JavaFX Application Thread] PlayerShip [moveRight Line: 144] - Moving Right
[DEBUG] 2026-08-02 01:22:01 [time 87978 ms] [JavaFX Application Thread] PlayerShip [moveTop Line: 149] - Moving Top
[DEBUG] 2026-08-02 01:22:01 [time 87986 ms] [JavaFX Application Thread] PlayerShip [moveRight Line: 144] - Moving Right
[DEBUG] 2026-08-02 01:22:01 [time 87994 ms] [JavaFX Application Thread] PlayerShip [moveRight Line: 144] - Moving Right
[DEBUG] 2026-08-02 01:22:01 [time 88003 ms] [JavaFX Application Thread] PlayerShip [moveRight Line: 144] - Moving Right
[DEBUG] 2026-08-02 01:22:01 [time 88011 ms] [JavaFX Application Thread] PlayerShip [moveRight Line: 144] - Moving Right
[DEBUG] 2026-08-02 01:22:01 [time 88019 ms] [JavaFX Application Thread] PlayerShip [moveRight Line: 144] - Moving Right
[DEBUG] 2026-08-02 01:22:01 [time 88028 ms] [JavaFX Application Thread] PlayerShip [moveRight Line: 144] - Moving Right
[DEBUG] 2026-08-02 01:22:01 [time 88036 ms] [JavaFX Application Thread] PlayerShip [moveRight Line: 144] - Moving Right
[DEBUG] 2026-08-02 01:22:01 [time 88044 ms] [JavaFX Application Thread] PlayerShip [moveRight Line: 144] - Moving Right
[DEBUG] 2026-08-02 01:22:01 [time 88053 ms] [JavaFX Application Thread] PlayerShip [moveRight Line: 144] - Moving Right
[DEBUG] 2026-08-02 01:22:01 [time 88060 ms] [JavaFX Application Thread] PlayerShip [moveRight Line: 144] - Moving Right
[DEBUG] 2026-08-02 01:22:01 [time 88070 ms] [JavaFX Application Thread] PlayerShip [moveRight Line: 144] - Moving Right
[DEBUG] 2026-08-02 01:22:01 [time 88078 ms] [JavaFX Application Thread] PlayerShip [moveRight Line: 144] - Moving Right
[DEBUG] 2026-08-02 01:22:01 [time 88086 ms] [JavaFX Application Thread] PlayerShip [moveRight Line: 144] - Moving Right
[DEBUG] 2026-08-02 01:22:01 [time 88094 ms] [JavaFX Application Thread] PlayerShip [moveRight Line: 144] - Moving Right
[DEBUG] 2026-08-02 01:22:01 [time 88103 ms] [JavaFX Application Thread] PlayerShip [moveRight Line: 144] - Moving Right
[DEBUG] 2026-08-02 01:22:01 [time 88111 ms] [JavaFX Application Thread] PlayerShip [moveRight Line: 144] - Moving Right
[DEBUG] 2026-08-02 01:22:01 [time 88119 ms] [JavaFX Application Thread] PlayerShip [moveRight Line: 144] - Moving Right
[DEBUG] 2026-08-02 01:22:01 [time 88128 ms] [JavaFX Application Thread] PlayerShip [moveRight Line: 144] - Moving Right
[DEBUG] 2026-08-02 01:22:01 [time 88136 ms] [JavaFX Application Thread] PlayerShip [moveRight Line: 144] - Moving Right
[DEBUG] 2026-08-02 01:22:01 [time 88145 ms] [JavaFX Application Thread] PlayerShip [moveRight Line: 144] - Moving Right
[DEBUG] 2026-08-02 01:22:01 [time 88152 ms] [JavaFX Application Thread] PlayerShip [moveRight Line: 144] - Moving Right
[DEBUG] 2026-08-02 01:22:01 [time 88161 ms] [JavaFX Application Thread] PlayerShip [moveRight Line: 144] - Moving Right
[DEBUG] 2026-08-02 01:22:01 [time 88169 ms] [JavaFX Application Thread] PlayerShip [moveRight Line: 144] - Moving Right
[DEBUG] 2026-08-02 01:22:01 [time 88178 ms] [JavaFX Application Thread] PlayerShip [moveRight Line: 144] - Moving Right
[DEBUG] 2026-08-02 01:22:01 [time 88185 ms] [JavaFX Application Thread] PlayerShip [moveRight Line: 144] - Moving Right
[DEBUG] 2026-08-02 01:22:01 [time 88195 ms] [JavaFX Application Thread] PlayerShip [moveRight Line: 144] - Moving Right
[DEBUG] 2026-08-02 01:22:01 [time 88203 ms] [JavaFX Application Thread] PlayerShip [moveRight Line: 144] - Moving Right
[DEBUG] 2026-08-02 01:22:01 [time 88211 ms] [JavaFX Application Thread] GameController [lambda$setUpKeyEvents$8 Line: 86] - PlayerShip shoot bullet
[DEBUG] 2026-08-02 01:22:01 [time 88212 ms] [JavaFX Application Thread] PlayerShip [moveRight Line: 144] - Moving Right
[DEBUG] 2026-08-02 01:22:01 [time 88219 ms] [JavaFX Application Thread] PlayerShip [moveRight Line: 144] - Moving Right
[DEBUG] 2026-08-02 01:22:01 [time 88228 ms] [JavaFX Application Thread] PlayerShip [moveRight Line: 144] - Moving Right
[DEBUG] 2026-08-02 01:22:01 [time 88236 ms] [JavaFX Application Thread] PlayerShip [moveRight Line: 144] - Moving Right
[DEBUG] 2026-08-02 01:22:01 [time 88245 ms] [JavaFX Application Thread] PlayerShip [moveRight Line: 144] - Moving Right
[DEBUG] 2026-08-02 01:22:01 [time 88253 ms] [JavaFX Application Thread] PlayerShip [moveRight Line: 144] - Moving Right
[DEBUG] 2026-08-02 01:22:01 [time 88261 ms] [JavaFX Application Thread] PlayerShip [moveRight Line: 144] - Moving Right
[DEBUG] 2026-08-02 01:22:01 [time 88269 ms] [JavaFX Application Thread] PlayerShip [moveRight Line: 144] - Moving Right
[DEBUG] 2026-08-02 01:22:01 [time 88278 ms] [JavaFX Application Thread] PlayerShip [moveRight Line: 144] - Moving Right
[DEBUG] 2026-08-02 01:22:01 [time 88286 ms] [JavaFX Application Thread] PlayerShip [moveRight Line: 144] - Moving Right
[DEBUG] 2026-08-02 01:22:01 [time 88294 ms] [JavaFX Application Thread] PlayerShip [moveRight Line: 144] - Moving Right
[DEBUG] 2026-08-02 01:22:01 [time 88303 ms] [JavaFX Application Thread] PlayerShip [moveRight Line: 144] - Moving Right
[DEBUG] 2026-08-02 01:22:01 [time 88311 ms] [JavaFX Application Thread] PlayerShip [moveRight Line: 144] - Moving Right
[DEBUG] 2026-08-02 01:22:01 [time 88320 ms] [JavaFX Application Thread] PlayerShip [moveRight Line: 144] - Moving Right
[DEBUG] 2026-08-02 01:22:01 [time 88328 ms] [JavaFX Application Thread] PlayerShip [moveRight Line: 144] - Moving Right
[DEBUG] 2026-08-02 01:22:01 [time 88336 ms] [JavaFX Application Thread] PlayerShip [moveRight Line: 144] - Moving Right
[DEBUG] 2026-08-02 01:22:01 [time 88345 ms] [JavaFX Application Thread] PlayerShip [moveRight Line: 144] - Moving Right
[DEBUG] 2026-08-02 01:22:01 [time 88352 ms] [JavaFX Application Thread] PlayerShip [moveRight Line: 144] - Moving Right
[DEBUG] 2026-08-02 01:22:01 [time 88361 ms] [JavaFX Application Thread] PlayerShip [moveRight Line: 144] - Moving Right
[DEBUG] 2026-08-02 01:22:01 [time 88370 ms] [JavaFX Application Thread] PlayerShip [moveRight Line: 144] - Moving Right
[ INFO] 2026-08-02 01:22:01 [time 88378 ms] [JavaFX Application Thread] GameController [updateAndCollidePlayerBullet Line: 353] - Current Score: 61
[DEBUG] 2026-08-02 01:22:01 [time 88383 ms] [JavaFX Application Thread] PlayerShip [moveRight Line: 144] - Moving Right
[DEBUG] 2026-08-02 01:22:01 [time 88386 ms] [JavaFX Application Thread] PlayerShip [moveRight Line: 144] - Moving Right
[DEBUG] 2026-08-02 01:22:01 [time 88394 ms] [JavaFX Application Thread] PlayerShip [moveRight Line: 144] - Moving Right
[DEBUG] 2026-08-02 01:22:01 [time 88399 ms] [JavaFX Application Thread] GameController [lambda$setUpKeyEvents$8 Line: 86] - PlayerShip shoot bullet
[DEBUG] 2026-08-02 01:22:01 [time 88403 ms] [JavaFX Application Thread] PlayerShip [moveRight Line: 144] - Moving Right
[DEBUG] 2026-08-02 01:22:01 [time 88411 ms] [JavaFX Application Thread] PlayerShip [moveRight Line: 144] - Moving Right
[DEBUG] 2026-08-02 01:22:01 [time 88419 ms] [JavaFX Application Thread] PlayerShip [moveRight Line: 144] - Moving Right
[DEBUG] 2026-08-02 01:22:01 [time 88428 ms] [JavaFX Application Thread] PlayerShip [moveRight Line: 144] - Moving Right
[DEBUG] 2026-08-02 01:22:01 [time 88436 ms] [JavaFX Application Thread] PlayerShip [moveRight Line: 144] - Moving Right
[DEBUG] 2026-08-02 01:22:01 [time 88444 ms] [JavaFX Application Thread] PlayerShip [moveRight Line: 144] - Moving Right
[DEBUG] 2026-08-02 01:22:02 [time 88453 ms] [JavaFX Application Thread] PlayerShip [moveRight Line: 144] - Moving Right
[DEBUG] 2026-08-02 01:22:02 [time 88461 ms] [JavaFX Application Thread] PlayerShip [moveRight Line: 144] - Moving Right
[DEBUG] 2026-08-02 01:22:02 [time 88469 ms] [JavaFX Application Thread] PlayerShip [moveRight Line: 144] - Moving Right
[DEBUG] 2026-08-02 01:22:02 [time 88477 ms] [JavaFX Application Thread] PlayerShip [moveRight Line: 144] - Moving Right
[DEBUG] 2026-08-02 01:22:02 [time 88486 ms] [JavaFX Application Thread] PlayerShip [moveRight Line: 144] - Moving Right
[DEBUG] 2026-08-02 01:22:02 [time 88494 ms] [JavaFX Application Thread] PlayerShip [moveRight Line: 144] - Moving Right
[DEBUG] 2026-08-02 01:22:02 [time 88503 ms] [JavaFX Application Thread] PlayerShip [moveRight Line: 144] - Moving Right
[DEBUG] 2026-08-02 01:22:02 [time 88511 ms] [JavaFX Application Thread] PlayerShip [moveRight Line: 144] - Moving Right
[DEBUG] 2026-08-02 01:22:02 [time 88520 ms] [JavaFX Application Thread] PlayerShip [moveRight Line: 144] - Moving Right
[DEBUG] 2026-08-02 01:22:02 [time 88528 ms] [JavaFX Application Thread] PlayerShip [moveRight Line: 144] - Moving Right
[DEBUG] 2026-08-02 01:22:02 [time 88536 ms] [JavaFX Application Thread] PlayerShip [moveRight Line: 144] - Moving Right
[DEBUG] 2026-08-02 01:22:02 [time 88545 ms] [JavaFX Application Thread] PlayerShip [moveRight Line: 144] - Moving Right
[DEBUG] 2026-08-02 01:22:02 [time 88553 ms] [JavaFX Application Thread] PlayerShip [moveRight Line: 144] - Moving Right
[ INFO] 2026-08-02 01:22:02 [time 88561 ms] [JavaFX Application Thread] GameController [updateAndCollidePlayerBullet Line: 360] - Current Score: 62
[DEBUG] 2026-08-02 01:22:02 [time 88565 ms] [JavaFX Application Thread] PlayerShip [moveRight Line: 144] - Moving Right
[DEBUG] 2026-08-02 01:22:02 [time 88570 ms] [JavaFX Application Thread] PlayerShip [moveRight Line: 144] - Moving Right
[DEBUG] 2026-08-02 01:22:02 [time 88578 ms] [JavaFX Application Thread] PlayerShip [moveRight Line: 144] - Moving Right
[DEBUG] 2026-08-02 01:22:02 [time 88586 ms] [JavaFX Application Thread] PlayerShip [moveRight Line: 144] - Moving Right
[DEBUG] 2026-08-02 01:22:02 [time 88669 ms] [JavaFX Application Thread] PlayerShip [moveBottom Line: 154] - Moving Bottom
[DEBUG] 2026-08-02 01:22:02 [time 88678 ms] [JavaFX Application Thread] PlayerShip [moveBottom Line: 154] - Moving Bottom
[DEBUG] 2026-08-02 01:22:02 [time 88686 ms] [JavaFX Application Thread] PlayerShip [moveBottom Line: 154] - Moving Bottom
[DEBUG] 2026-08-02 01:22:02 [time 88694 ms] [JavaFX Application Thread] PlayerShip [moveBottom Line: 154] - Moving Bottom
[DEBUG] 2026-08-02 01:22:02 [time 88703 ms] [JavaFX Application Thread] PlayerShip [moveBottom Line: 154] - Moving Bottom
[DEBUG] 2026-08-02 01:22:02 [time 88711 ms] [JavaFX Application Thread] PlayerShip [moveBottom Line: 154] - Moving Bottom
[DEBUG] 2026-08-02 01:22:02 [time 88719 ms] [JavaFX Application Thread] PlayerShip [moveBottom Line: 154] - Moving Bottom
[DEBUG] 2026-08-02 01:22:02 [time 88728 ms] [JavaFX Application Thread] PlayerShip [moveBottom Line: 154] - Moving Bottom
[DEBUG] 2026-08-02 01:22:02 [time 88736 ms] [JavaFX Application Thread] PlayerShip [moveBottom Line: 154] - Moving Bottom
[DEBUG] 2026-08-02 01:22:02 [time 88745 ms] [JavaFX Application Thread] PlayerShip [moveBottom Line: 154] - Moving Bottom
[DEBUG] 2026-08-02 01:22:02 [time 88753 ms] [JavaFX Application Thread] PlayerShip [moveBottom Line: 154] - Moving Bottom
[DEBUG] 2026-08-02 01:22:02 [time 88761 ms] [JavaFX Application Thread] PlayerShip [moveBottom Line: 154] - Moving Bottom
[DEBUG] 2026-08-02 01:22:02 [time 88769 ms] [JavaFX Application Thread] PlayerShip [moveBottom Line: 154] - Moving Bottom
[DEBUG] 2026-08-02 01:22:02 [time 88778 ms] [JavaFX Application Thread] PlayerShip [moveBottom Line: 154] - Moving Bottom
[DEBUG] 2026-08-02 01:22:02 [time 88786 ms] [JavaFX Application Thread] PlayerShip [moveBottom Line: 154] - Moving Bottom
[DEBUG] 2026-08-02 01:22:02 [time 88794 ms] [JavaFX Application Thread] PlayerShip [moveBottom Line: 154] - Moving Bottom
[DEBUG] 2026-08-02 01:22:02 [time 88803 ms] [JavaFX Application Thread] PlayerShip [moveBottom Line: 154] - Moving Bottom
[DEBUG] 2026-08-02 01:22:02 [time 88810 ms] [JavaFX Application Thread] PlayerShip [moveBottom Line: 154] - Moving Bottom
[DEBUG] 2026-08-02 01:22:02 [time 88819 ms] [JavaFX Application Thread] PlayerShip [moveBottom Line: 154] - Moving Bottom
[DEBUG] 2026-08-02 01:22:02 [time 88828 ms] [JavaFX Application Thread] PlayerShip [moveBottom Line: 154] - Moving Bottom
[DEBUG] 2026-08-02 01:22:02 [time 88835 ms] [JavaFX Application Thread] PlayerShip [moveBottom Line: 154] - Moving Bottom
[DEBUG] 2026-08-02 01:22:02 [time 88844 ms] [JavaFX Application Thread] PlayerShip [moveBottom Line: 154] - Moving Bottom
[DEBUG] 2026-08-02 01:22:02 [time 88852 ms] [JavaFX Application Thread] PlayerShip [moveBottom Line: 154] - Moving Bottom
[DEBUG] 2026-08-02 01:22:02 [time 88861 ms] [JavaFX Application Thread] PlayerShip [moveBottom Line: 154] - Moving Bottom
[DEBUG] 2026-08-02 01:22:02 [time 88869 ms] [JavaFX Application Thread] PlayerShip [moveBottom Line: 154] - Moving Bottom
[DEBUG] 2026-08-02 01:22:02 [time 88878 ms] [JavaFX Application Thread] PlayerShip [moveBottom Line: 154] - Moving Bottom
[DEBUG] 2026-08-02 01:22:02 [time 88886 ms] [JavaFX Application Thread] PlayerShip [moveBottom Line: 154] - Moving Bottom
[DEBUG] 2026-08-02 01:22:02 [time 88894 ms] [JavaFX Application Thread] PlayerShip [moveBottom Line: 154] - Moving Bottom
[DEBUG] 2026-08-02 01:22:02 [time 88903 ms] [JavaFX Application Thread] PlayerShip [moveBottom Line: 154] - Moving Bottom
[DEBUG] 2026-08-02 01:22:02 [time 88911 ms] [JavaFX Application Thread] PlayerShip [moveBottom Line: 154] - Moving Bottom
[DEBUG] 2026-08-02 01:22:02 [time 88920 ms] [JavaFX Application Thread] PlayerShip [moveBottom Line: 154] - Moving Bottom
[DEBUG] 2026-08-02 01:22:02 [time 88927 ms] [JavaFX Application Thread] PlayerShip [moveBottom Line: 154] - Moving Bottom
[DEBUG] 2026-08-02 01:22:02 [time 88936 ms] [JavaFX Application Thread] PlayerShip [moveBottom Line: 154] - Moving Bottom
[DEBUG] 2026-08-02 01:22:02 [time 88945 ms] [JavaFX Application Thread] PlayerShip [moveBottom Line: 154] - Moving Bottom
[DEBUG] 2026-08-02 01:22:02 [time 88953 ms] [JavaFX Application Thread] PlayerShip [moveBottom Line: 154] - Moving Bottom
[DEBUG] 2026-08-02 01:22:02 [time 88961 ms] [JavaFX Application Thread] PlayerShip [moveBottom Line: 154] - Moving Bottom
[DEBUG] 2026-08-02 01:22:02 [time 88970 ms] [JavaFX Application Thread] PlayerShip [moveBottom Line: 154] - Moving Bottom
[DEBUG] 2026-08-02 01:22:02 [time 88978 ms] [JavaFX Application Thread] PlayerShip [moveBottom Line: 154] - Moving Bottom
[DEBUG] 2026-08-02 01:22:02 [time 88986 ms] [JavaFX Application Thread] PlayerShip [moveBottom Line: 154] - Moving Bottom
[DEBUG] 2026-08-02 01:22:02 [time 88995 ms] [JavaFX Application Thread] PlayerShip [moveBottom Line: 154] - Moving Bottom
[DEBUG] 2026-08-02 01:22:02 [time 89003 ms] [JavaFX Application Thread] PlayerShip [moveLeft Line: 139] - Moving Left
[DEBUG] 2026-08-02 01:22:02 [time 89003 ms] [JavaFX Application Thread] PlayerShip [moveBottom Line: 154] - Moving Bottom
[DEBUG] 2026-08-02 01:22:02 [time 89011 ms] [JavaFX Application Thread] PlayerShip [moveLeft Line: 139] - Moving Left
[DEBUG] 2026-08-02 01:22:02 [time 89011 ms] [JavaFX Application Thread] PlayerShip [moveBottom Line: 154] - Moving Bottom
[DEBUG] 2026-08-02 01:22:02 [time 89019 ms] [JavaFX Application Thread] PlayerShip [moveLeft Line: 139] - Moving Left
[DEBUG] 2026-08-02 01:22:02 [time 89020 ms] [JavaFX Application Thread] PlayerShip [moveBottom Line: 154] - Moving Bottom
[DEBUG] 2026-08-02 01:22:02 [time 89028 ms] [JavaFX Application Thread] PlayerShip [moveLeft Line: 139] - Moving Left
[DEBUG] 2026-08-02 01:22:02 [time 89028 ms] [JavaFX Application Thread] PlayerShip [moveBottom Line: 154] - Moving Bottom
[DEBUG] 2026-08-02 01:22:02 [time 89036 ms] [JavaFX Application Thread] PlayerShip [moveLeft Line: 139] - Moving Left
[DEBUG] 2026-08-02 01:22:02 [time 89044 ms] [JavaFX Application Thread] PlayerShip [moveLeft Line: 139] - Moving Left
[DEBUG] 2026-08-02 01:22:02 [time 89053 ms] [JavaFX Application Thread] PlayerShip [moveLeft Line: 139] - Moving Left
[DEBUG] 2026-08-02 01:22:02 [time 89061 ms] [JavaFX Application Thread] PlayerShip [moveLeft Line: 139] - Moving Left
[DEBUG] 2026-08-02 01:22:02 [time 89069 ms] [JavaFX Application Thread] PlayerShip [moveLeft Line: 139] - Moving Left
[DEBUG] 2026-08-02 01:22:02 [time 89078 ms] [JavaFX Application Thread] PlayerShip [moveLeft Line: 139] - Moving Left
[DEBUG] 2026-08-02 01:22:02 [time 89086 ms] [JavaFX Application Thread] PlayerShip [moveLeft Line: 139] - Moving Left
[DEBUG] 2026-08-02 01:22:02 [time 89094 ms] [JavaFX Application Thread] PlayerShip [moveLeft Line: 139] - Moving Left
[DEBUG] 2026-08-02 01:22:02 [time 89103 ms] [JavaFX Application Thread] PlayerShip [moveLeft Line: 139] - Moving Left
[DEBUG] 2026-08-02 01:22:02 [time 89111 ms] [JavaFX Application Thread] PlayerShip [moveLeft Line: 139] - Moving Left
[DEBUG] 2026-08-02 01:22:02 [time 89120 ms] [JavaFX Application Thread] PlayerShip [moveLeft Line: 139] - Moving Left
[DEBUG] 2026-08-02 01:22:02 [time 89128 ms] [JavaFX Application Thread] PlayerShip [moveLeft Line: 139] - Moving Left
[DEBUG] 2026-08-02 01:22:02 [time 89136 ms] [JavaFX Application Thread] PlayerShip [moveLeft Line: 139] - Moving Left
[DEBUG] 2026-08-02 01:22:02 [time 89145 ms] [JavaFX Application Thread] PlayerShip [moveLeft Line: 139] - Moving Left
[DEBUG] 2026-08-02 01:22:02 [time 89153 ms] [JavaFX Application Thread] PlayerShip [moveLeft Line: 139] - Moving Left
[DEBUG] 2026-08-02 01:22:02 [time 89161 ms] [JavaFX Application Thread] PlayerShip [moveLeft Line: 139] - Moving Left
[DEBUG] 2026-08-02 01:22:02 [time 89169 ms] [JavaFX Application Thread] PlayerShip [moveLeft Line: 139] - Moving Left
[DEBUG] 2026-08-02 01:22:02 [time 89178 ms] [JavaFX Application Thread] PlayerShip [moveLeft Line: 139] - Moving Left
[DEBUG] 2026-08-02 01:22:02 [time 89186 ms] [JavaFX Application Thread] PlayerShip [moveLeft Line: 139] - Moving Left
[DEBUG] 2026-08-02 01:22:02 [time 89195 ms] [JavaFX Application Thread] PlayerShip [moveLeft Line: 139] - Moving Left
[DEBUG] 2026-08-02 01:22:02 [time 89202 ms] [JavaFX Application Thread] PlayerShip [moveLeft Line: 139] - Moving Left
[DEBUG] 2026-08-02 01:22:02 [time 89211 ms] [JavaFX Application Thread] PlayerShip [moveLeft Line: 139] - Moving Left
[DEBUG] 2026-08-02 01:22:02 [time 89219 ms] [JavaFX Application Thread] PlayerShip [moveLeft Line: 139] - Moving Left
[DEBUG] 2026-08-02 01:22:02 [time 89228 ms] [JavaFX Application Thread] PlayerShip [moveLeft Line: 139] - Moving Left
[DEBUG] 2026-08-02 01:22:02 [time 89236 ms] [JavaFX Application Thread] PlayerShip [moveLeft Line: 139] - Moving Left
[DEBUG] 2026-08-02 01:22:02 [time 89244 ms] [JavaFX Application Thread] PlayerShip [moveLeft Line: 139] - Moving Left
[DEBUG] 2026-08-02 01:22:02 [time 89253 ms] [JavaFX Application Thread] PlayerShip [moveLeft Line: 139] - Moving Left
[DEBUG] 2026-08-02 01:22:02 [time 89261 ms] [JavaFX Application Thread] PlayerShip [moveLeft Line: 139] - Moving Left
[DEBUG] 2026-08-02 01:22:02 [time 89269 ms] [JavaFX Application Thread] PlayerShip [moveLeft Line: 139] - Moving Left
[DEBUG] 2026-08-02 01:22:02 [time 89278 ms] [JavaFX Application Thread] PlayerShip [moveLeft Line: 139] - Moving Left
[DEBUG] 2026-08-02 01:22:02 [time 89286 ms] [JavaFX Application Thread] PlayerShip [moveLeft Line: 139] - Moving Left
[DEBUG] 2026-08-02 01:22:02 [time 89294 ms] [JavaFX Application Thread] PlayerShip [moveLeft Line: 139] - Moving Left
[DEBUG] 2026-08-02 01:22:02 [time 89302 ms] [JavaFX Application Thread] PlayerShip [moveLeft Line: 139] - Moving Left
[DEBUG] 2026-08-02 01:22:02 [time 89311 ms] [JavaFX Application Thread] PlayerShip [moveLeft Line: 139] - Moving Left
[DEBUG] 2026-08-02 01:22:02 [time 89319 ms] [JavaFX Application Thread] PlayerShip [moveLeft Line: 139] - Moving Left
[DEBUG] 2026-08-02 01:22:02 [time 89328 ms] [JavaFX Application Thread] PlayerShip [moveLeft Line: 139] - Moving Left
[DEBUG] 2026-08-02 01:22:02 [time 89336 ms] [JavaFX Application Thread] PlayerShip [moveLeft Line: 139] - Moving Left
[DEBUG] 2026-08-02 01:22:02 [time 89344 ms] [JavaFX Application Thread] PlayerShip [moveLeft Line: 139] - Moving Left
[DEBUG] 2026-08-02 01:22:02 [time 89353 ms] [JavaFX Application Thread] PlayerShip [moveLeft Line: 139] - Moving Left
[DEBUG] 2026-08-02 01:22:02 [time 89361 ms] [JavaFX Application Thread] PlayerShip [moveLeft Line: 139] - Moving Left
[DEBUG] 2026-08-02 01:22:02 [time 89369 ms] [JavaFX Application Thread] PlayerShip [moveLeft Line: 139] - Moving Left
[DEBUG] 2026-08-02 01:22:02 [time 89377 ms] [JavaFX Application Thread] PlayerShip [moveLeft Line: 139] - Moving Left
[DEBUG] 2026-08-02 01:22:02 [time 89386 ms] [JavaFX Application Thread] PlayerShip [moveLeft Line: 139] - Moving Left
[DEBUG] 2026-08-02 01:22:02 [time 89395 ms] [JavaFX Application Thread] PlayerShip [moveLeft Line: 139] - Moving Left
[DEBUG] 2026-08-02 01:22:02 [time 89403 ms] [JavaFX Application Thread] PlayerShip [moveLeft Line: 139] - Moving Left
[DEBUG] 2026-08-02 01:22:02 [time 89411 ms] [JavaFX Application Thread] PlayerShip [moveLeft Line: 139] - Moving Left
[DEBUG] 2026-08-02 01:22:02 [time 89419 ms] [JavaFX Application Thread] GameController [lambda$addEventListeners$0 Line: 59] - angle: -99.56668598971441, rotatedangle: -9.566685989714415
[DEBUG] 2026-08-02 01:22:02 [time 89419 ms] [JavaFX Application Thread] PlayerShip [moveLeft Line: 139] - Moving Left
[DEBUG] 2026-08-02 01:22:02 [time 89424 ms] [JavaFX Application Thread] GameController [lambda$addEventListeners$0 Line: 59] - angle: -99.56669045440793, rotatedangle: -9.566690454407933
[DEBUG] 2026-08-02 01:22:02 [time 89428 ms] [JavaFX Application Thread] PlayerShip [moveLeft Line: 139] - Moving Left
[DEBUG] 2026-08-02 01:22:02 [time 89432 ms] [JavaFX Application Thread] GameController [lambda$addEventListeners$0 Line: 59] - angle: -99.56668152502142, rotatedangle: -9.566681525021423
[DEBUG] 2026-08-02 01:22:02 [time 89436 ms] [JavaFX Application Thread] PlayerShip [moveLeft Line: 139] - Moving Left
[DEBUG] 2026-08-02 01:22:02 [time 89440 ms] [JavaFX Application Thread] GameController [lambda$addEventListeners$0 Line: 59] - angle: -99.81689658641538, rotatedangle: -9.816896586415382
[DEBUG] 2026-08-02 01:22:02 [time 89444 ms] [JavaFX Application Thread] PlayerShip [moveLeft Line: 139] - Moving Left
[DEBUG] 2026-08-02 01:22:03 [time 89448 ms] [JavaFX Application Thread] GameController [lambda$addEventListeners$0 Line: 59] - angle: -100.11124505131015, rotatedangle: -10.11124505131015
[DEBUG] 2026-08-02 01:22:03 [time 89453 ms] [JavaFX Application Thread] PlayerShip [moveLeft Line: 139] - Moving Left
[DEBUG] 2026-08-02 01:22:03 [time 89456 ms] [JavaFX Application Thread] GameController [lambda$addEventListeners$0 Line: 59] - angle: -100.63530461837364, rotatedangle: -10.635304618373638
[DEBUG] 2026-08-02 01:22:03 [time 89461 ms] [JavaFX Application Thread] PlayerShip [moveLeft Line: 139] - Moving Left
[DEBUG] 2026-08-02 01:22:03 [time 89464 ms] [JavaFX Application Thread] GameController [lambda$addEventListeners$0 Line: 59] - angle: -101.15994386503277, rotatedangle: -11.159943865032773
[DEBUG] 2026-08-02 01:22:03 [time 89469 ms] [JavaFX Application Thread] PlayerShip [moveLeft Line: 139] - Moving Left
[DEBUG] 2026-08-02 01:22:03 [time 89473 ms] [JavaFX Application Thread] GameController [lambda$addEventListeners$0 Line: 59] - angle: -101.96099285424971, rotatedangle: -11.96099285424971
[DEBUG] 2026-08-02 01:22:03 [time 89478 ms] [JavaFX Application Thread] PlayerShip [moveLeft Line: 139] - Moving Left
[DEBUG] 2026-08-02 01:22:03 [time 89481 ms] [JavaFX Application Thread] GameController [lambda$addEventListeners$0 Line: 59] - angle: -102.61188514659909, rotatedangle: -12.611885146599093
[DEBUG] 2026-08-02 01:22:03 [time 89486 ms] [JavaFX Application Thread] PlayerShip [moveLeft Line: 139] - Moving Left
[DEBUG] 2026-08-02 01:22:03 [time 89489 ms] [JavaFX Application Thread] GameController [lambda$addEventListeners$0 Line: 59] - angle: -103.41617878224456, rotatedangle: -13.416178782244558
[DEBUG] 2026-08-02 01:22:03 [time 89494 ms] [JavaFX Application Thread] PlayerShip [moveLeft Line: 139] - Moving Left
[DEBUG] 2026-08-02 01:22:03 [time 89497 ms] [JavaFX Application Thread] GameController [lambda$addEventListeners$0 Line: 59] - angle: -104.34645321068787, rotatedangle: -14.34645321068787
[DEBUG] 2026-08-02 01:22:03 [time 89503 ms] [JavaFX Application Thread] PlayerShip [moveLeft Line: 139] - Moving Left
[DEBUG] 2026-08-02 01:22:03 [time 89506 ms] [JavaFX Application Thread] GameController [lambda$addEventListeners$0 Line: 59] - angle: -105.12067644818598, rotatedangle: -15.120676448185975
[DEBUG] 2026-08-02 01:22:03 [time 89511 ms] [JavaFX Application Thread] PlayerShip [moveLeft Line: 139] - Moving Left
[DEBUG] 2026-08-02 01:22:03 [time 89514 ms] [JavaFX Application Thread] GameController [lambda$addEventListeners$0 Line: 59] - angle: -105.92784148975416, rotatedangle: -15.927841489754158
[DEBUG] 2026-08-02 01:22:03 [time 89519 ms] [JavaFX Application Thread] PlayerShip [moveLeft Line: 139] - Moving Left
[DEBUG] 2026-08-02 01:22:03 [time 89522 ms] [JavaFX Application Thread] GameController [lambda$addEventListeners$0 Line: 59] - angle: -106.57691946610116, rotatedangle: -16.57691946610116
[DEBUG] 2026-08-02 01:22:03 [time 89528 ms] [JavaFX Application Thread] PlayerShip [moveLeft Line: 139] - Moving Left
[DEBUG] 2026-08-02 01:22:03 [time 89530 ms] [JavaFX Application Thread] GameController [lambda$addEventListeners$0 Line: 59] - angle: -107.38450921945186, rotatedangle: -17.384509219451857
[DEBUG] 2026-08-02 01:22:03 [time 89536 ms] [JavaFX Application Thread] PlayerShip [moveLeft Line: 139] - Moving Left
[DEBUG] 2026-08-02 01:22:03 [time 89539 ms] [JavaFX Application Thread] GameController [lambda$addEventListeners$0 Line: 59] - angle: -108.11079195660821, rotatedangle: -18.11079195660821
[DEBUG] 2026-08-02 01:22:03 [time 89544 ms] [JavaFX Application Thread] PlayerShip [moveLeft Line: 139] - Moving Left
[DEBUG] 2026-08-02 01:22:03 [time 89547 ms] [JavaFX Application Thread] GameController [lambda$addEventListeners$0 Line: 59] - angle: -108.67841384273834, rotatedangle: -18.678413842738337
[DEBUG] 2026-08-02 01:22:03 [time 89553 ms] [JavaFX Application Thread] PlayerShip [moveLeft Line: 139] - Moving Left
[DEBUG] 2026-08-02 01:22:03 [time 89555 ms] [JavaFX Application Thread] GameController [lambda$addEventListeners$0 Line: 59] - angle: -109.20532898344597, rotatedangle: -19.205328983445966
[DEBUG] 2026-08-02 01:22:03 [time 89561 ms] [JavaFX Application Thread] PlayerShip [moveLeft Line: 139] - Moving Left
[DEBUG] 2026-08-02 01:22:03 [time 89563 ms] [JavaFX Application Thread] GameController [lambda$addEventListeners$0 Line: 59] - angle: -108.9246394135657, rotatedangle: -18.9246394135657
[DEBUG] 2026-08-02 01:22:03 [time 89569 ms] [JavaFX Application Thread] PlayerShip [moveLeft Line: 139] - Moving Left
[DEBUG] 2026-08-02 01:22:03 [time 89571 ms] [JavaFX Application Thread] GameController [lambda$addEventListeners$0 Line: 59] - angle: -109.08879266074968, rotatedangle: -19.088792660749675
[DEBUG] 2026-08-02 01:22:03 [time 89578 ms] [JavaFX Application Thread] PlayerShip [moveLeft Line: 139] - Moving Left
[DEBUG] 2026-08-02 01:22:03 [time 89579 ms] [JavaFX Application Thread] GameController [lambda$addEventListeners$0 Line: 59] - angle: -109.05100873132125, rotatedangle: -19.051008731321247
[DEBUG] 2026-08-02 01:22:03 [time 89586 ms] [JavaFX Application Thread] PlayerShip [moveLeft Line: 139] - Moving Left
[DEBUG] 2026-08-02 01:22:03 [time 89588 ms] [JavaFX Application Thread] GameController [lambda$addEventListeners$0 Line: 59] - angle: -108.84714156432435, rotatedangle: -18.847141564324346
[DEBUG] 2026-08-02 01:22:03 [time 89594 ms] [JavaFX Application Thread] PlayerShip [moveLeft Line: 139] - Moving Left
[DEBUG] 2026-08-02 01:22:03 [time 89595 ms] [JavaFX Application Thread] GameController [lambda$addEventListeners$0 Line: 59] - angle: -108.68370137122754, rotatedangle: -18.683701371227542
[DEBUG] 2026-08-02 01:22:03 [time 89603 ms] [JavaFX Application Thread] PlayerShip [moveLeft Line: 139] - Moving Left
[DEBUG] 2026-08-02 01:22:03 [time 89603 ms] [JavaFX Application Thread] GameController [lambda$addEventListeners$0 Line: 59] - angle: -108.06046940498672, rotatedangle: -18.06046940498672
[DEBUG] 2026-08-02 01:22:03 [time 89611 ms] [JavaFX Application Thread] PlayerShip [moveLeft Line: 139] - Moving Left
[DEBUG] 2026-08-02 01:22:03 [time 89612 ms] [JavaFX Application Thread] GameController [lambda$addEventListeners$0 Line: 59] - angle: -107.59857603092391, rotatedangle: -17.59857603092391
[DEBUG] 2026-08-02 01:22:03 [time 89619 ms] [JavaFX Application Thread] PlayerShip [moveLeft Line: 139] - Moving Left
[DEBUG] 2026-08-02 01:22:03 [time 89620 ms] [JavaFX Application Thread] GameController [lambda$addEventListeners$0 Line: 59] - angle: -107.13204380364596, rotatedangle: -17.132043803645956
[DEBUG] 2026-08-02 01:22:03 [time 89628 ms] [JavaFX Application Thread] GameController [lambda$addEventListeners$0 Line: 59] - angle: -107.17127881303169, rotatedangle: -17.17127881303169
[DEBUG] 2026-08-02 01:22:03 [time 89628 ms] [JavaFX Application Thread] PlayerShip [moveLeft Line: 139] - Moving Left
[DEBUG] 2026-08-02 01:22:03 [time 89636 ms] [JavaFX Application Thread] GameController [lambda$addEventListeners$0 Line: 59] - angle: -106.57094608331596, rotatedangle: -16.57094608331596
[DEBUG] 2026-08-02 01:22:03 [time 89636 ms] [JavaFX Application Thread] PlayerShip [moveLeft Line: 139] - Moving Left
[DEBUG] 2026-08-02 01:22:03 [time 89644 ms] [JavaFX Application Thread] GameController [lambda$addEventListeners$0 Line: 59] - angle: -105.96389631342589, rotatedangle: -15.963896313425892
[DEBUG] 2026-08-02 01:22:03 [time 89644 ms] [JavaFX Application Thread] PlayerShip [moveLeft Line: 139] - Moving Left
[DEBUG] 2026-08-02 01:22:03 [time 89652 ms] [JavaFX Application Thread] GameController [lambda$addEventListeners$0 Line: 59] - angle: -105.38606665179888, rotatedangle: -15.386066651798885
[DEBUG] 2026-08-02 01:22:03 [time 89653 ms] [JavaFX Application Thread] PlayerShip [moveLeft Line: 139] - Moving Left
[DEBUG] 2026-08-02 01:22:03 [time 89661 ms] [JavaFX Application Thread] GameController [lambda$addEventListeners$0 Line: 59] - angle: -104.56890286956316, rotatedangle: -14.56890286956316
[DEBUG] 2026-08-02 01:22:03 [time 89661 ms] [JavaFX Application Thread] PlayerShip [moveLeft Line: 139] - Moving Left
[DEBUG] 2026-08-02 01:22:03 [time 89669 ms] [JavaFX Application Thread] GameController [lambda$addEventListeners$0 Line: 59] - angle: -103.21632406379061, rotatedangle: -13.216324063790609
[DEBUG] 2026-08-02 01:22:03 [time 89669 ms] [JavaFX Application Thread] PlayerShip [moveLeft Line: 139] - Moving Left
[DEBUG] 2026-08-02 01:22:03 [time 89677 ms] [JavaFX Application Thread] GameController [lambda$addEventListeners$0 Line: 59] - angle: -101.96324954415844, rotatedangle: -11.963249544158444
[DEBUG] 2026-08-02 01:22:03 [time 89678 ms] [JavaFX Application Thread] PlayerShip [moveLeft Line: 139] - Moving Left
[DEBUG] 2026-08-02 01:22:03 [time 89685 ms] [JavaFX Application Thread] GameController [lambda$addEventListeners$0 Line: 59] - angle: -100.70134545546105, rotatedangle: -10.701345455461052
[DEBUG] 2026-08-02 01:22:03 [time 89686 ms] [JavaFX Application Thread] PlayerShip [moveLeft Line: 139] - Moving Left
[DEBUG] 2026-08-02 01:22:03 [time 89693 ms] [JavaFX Application Thread] GameController [lambda$addEventListeners$0 Line: 59] - angle: -98.30680427508617, rotatedangle: -8.306804275086165
[DEBUG] 2026-08-02 01:22:03 [time 89694 ms] [JavaFX Application Thread] PlayerShip [moveLeft Line: 139] - Moving Left
[DEBUG] 2026-08-02 01:22:03 [time 89702 ms] [JavaFX Application Thread] GameController [lambda$addEventListeners$0 Line: 59] - angle: -96.05173210879403, rotatedangle: -6.0517321087940275
[DEBUG] 2026-08-02 01:22:03 [time 89703 ms] [JavaFX Application Thread] PlayerShip [moveLeft Line: 139] - Moving Left
[DEBUG] 2026-08-02 01:22:03 [time 89703 ms] [JavaFX Application Thread] PlayerShip [moveTop Line: 149] - Moving Top
[DEBUG] 2026-08-02 01:22:03 [time 89710 ms] [JavaFX Application Thread] GameController [lambda$addEventListeners$0 Line: 59] - angle: -94.2426573172887, rotatedangle: -4.242657317288703
[DEBUG] 2026-08-02 01:22:03 [time 89711 ms] [JavaFX Application Thread] PlayerShip [moveLeft Line: 139] - Moving Left
[DEBUG] 2026-08-02 01:22:03 [time 89711 ms] [JavaFX Application Thread] PlayerShip [moveTop Line: 149] - Moving Top
[DEBUG] 2026-08-02 01:22:03 [time 89718 ms] [JavaFX Application Thread] GameController [lambda$addEventListeners$0 Line: 59] - angle: -91.08776112723471, rotatedangle: -1.0877611272347139
[DEBUG] 2026-08-02 01:22:03 [time 89719 ms] [JavaFX Application Thread] PlayerShip [moveLeft Line: 139] - Moving Left
[DEBUG] 2026-08-02 01:22:03 [time 89719 ms] [JavaFX Application Thread] PlayerShip [moveTop Line: 149] - Moving Top
[DEBUG] 2026-08-02 01:22:03 [time 89726 ms] [JavaFX Application Thread] GameController [lambda$addEventListeners$0 Line: 59] - angle: -87.8860118697704, rotatedangle: 2.1139881302296004
[DEBUG] 2026-08-02 01:22:03 [time 89728 ms] [JavaFX Application Thread] PlayerShip [moveLeft Line: 139] - Moving Left
[DEBUG] 2026-08-02 01:22:03 [time 89728 ms] [JavaFX Application Thread] PlayerShip [moveTop Line: 149] - Moving Top
[DEBUG] 2026-08-02 01:22:03 [time 89735 ms] [JavaFX Application Thread] GameController [lambda$addEventListeners$0 Line: 59] - angle: -83.8408362999286, rotatedangle: 6.159163700071403
[DEBUG] 2026-08-02 01:22:03 [time 89736 ms] [JavaFX Application Thread] PlayerShip [moveLeft Line: 139] - Moving Left
[DEBUG] 2026-08-02 01:22:03 [time 89736 ms] [JavaFX Application Thread] PlayerShip [moveTop Line: 149] - Moving Top
[DEBUG] 2026-08-02 01:22:03 [time 89743 ms] [JavaFX Application Thread] GameController [lambda$addEventListeners$0 Line: 59] - angle: -79.75334150667241, rotatedangle: 10.246658493327587
[DEBUG] 2026-08-02 01:22:03 [time 89744 ms] [JavaFX Application Thread] PlayerShip [moveLeft Line: 139] - Moving Left
[DEBUG] 2026-08-02 01:22:03 [time 89744 ms] [JavaFX Application Thread] PlayerShip [moveTop Line: 149] - Moving Top
[DEBUG] 2026-08-02 01:22:03 [time 89751 ms] [JavaFX Application Thread] GameController [lambda$addEventListeners$0 Line: 59] - angle: -75.12778974603836, rotatedangle: 14.87221025396164
[DEBUG] 2026-08-02 01:22:03 [time 89753 ms] [JavaFX Application Thread] PlayerShip [moveLeft Line: 139] - Moving Left
[DEBUG] 2026-08-02 01:22:03 [time 89753 ms] [JavaFX Application Thread] PlayerShip [moveTop Line: 149] - Moving Top
[DEBUG] 2026-08-02 01:22:03 [time 89759 ms] [JavaFX Application Thread] GameController [lambda$addEventListeners$0 Line: 59] - angle: -71.18561912265571, rotatedangle: 18.81438087734429
[DEBUG] 2026-08-02 01:22:03 [time 89761 ms] [JavaFX Application Thread] PlayerShip [moveLeft Line: 139] - Moving Left
[DEBUG] 2026-08-02 01:22:03 [time 89761 ms] [JavaFX Application Thread] PlayerShip [moveTop Line: 149] - Moving Top
[DEBUG] 2026-08-02 01:22:03 [time 89768 ms] [JavaFX Application Thread] GameController [lambda$addEventListeners$0 Line: 59] - angle: -69.01510268851413, rotatedangle: 20.984897311485867
[DEBUG] 2026-08-02 01:22:03 [time 89769 ms] [JavaFX Application Thread] PlayerShip [moveLeft Line: 139] - Moving Left
[DEBUG] 2026-08-02 01:22:03 [time 89769 ms] [JavaFX Application Thread] PlayerShip [moveTop Line: 149] - Moving Top
[DEBUG] 2026-08-02 01:22:03 [time 89776 ms] [JavaFX Application Thread] GameController [lambda$addEventListeners$0 Line: 59] - angle: -65.57690280130248, rotatedangle: 24.42309719869752
[DEBUG] 2026-08-02 01:22:03 [time 89778 ms] [JavaFX Application Thread] PlayerShip [moveLeft Line: 139] - Moving Left
[DEBUG] 2026-08-02 01:22:03 [time 89778 ms] [JavaFX Application Thread] PlayerShip [moveTop Line: 149] - Moving Top
[DEBUG] 2026-08-02 01:22:03 [time 89784 ms] [JavaFX Application Thread] GameController [lambda$addEventListeners$0 Line: 59] - angle: -62.86201369187942, rotatedangle: 27.13798630812058
[DEBUG] 2026-08-02 01:22:03 [time 89786 ms] [JavaFX Application Thread] PlayerShip [moveLeft Line: 139] - Moving Left
[DEBUG] 2026-08-02 01:22:03 [time 89786 ms] [JavaFX Application Thread] PlayerShip [moveTop Line: 149] - Moving Top
[DEBUG] 2026-08-02 01:22:03 [time 89793 ms] [JavaFX Application Thread] GameController [lambda$addEventListeners$0 Line: 59] - angle: -60.28743048322056, rotatedangle: 29.71256951677944
[DEBUG] 2026-08-02 01:22:03 [time 89794 ms] [JavaFX Application Thread] PlayerShip [moveLeft Line: 139] - Moving Left
[DEBUG] 2026-08-02 01:22:03 [time 89794 ms] [JavaFX Application Thread] PlayerShip [moveTop Line: 149] - Moving Top
[DEBUG] 2026-08-02 01:22:03 [time 89801 ms] [JavaFX Application Thread] GameController [lambda$addEventListeners$0 Line: 59] - angle: -58.134022306396325, rotatedangle: 31.865977693603675
[DEBUG] 2026-08-02 01:22:03 [time 89803 ms] [JavaFX Application Thread] PlayerShip [moveLeft Line: 139] - Moving Left
[DEBUG] 2026-08-02 01:22:03 [time 89803 ms] [JavaFX Application Thread] PlayerShip [moveTop Line: 149] - Moving Top
[DEBUG] 2026-08-02 01:22:03 [time 89809 ms] [JavaFX Application Thread] GameController [lambda$addEventListeners$0 Line: 59] - angle: -56.162453315780674, rotatedangle: 33.837546684219326
[DEBUG] 2026-08-02 01:22:03 [time 89811 ms] [JavaFX Application Thread] PlayerShip [moveLeft Line: 139] - Moving Left
[DEBUG] 2026-08-02 01:22:03 [time 89811 ms] [JavaFX Application Thread] PlayerShip [moveTop Line: 149] - Moving Top
[DEBUG] 2026-08-02 01:22:03 [time 89818 ms] [JavaFX Application Thread] GameController [lambda$addEventListeners$0 Line: 59] - angle: -54.090281694495324, rotatedangle: 35.909718305504676
[DEBUG] 2026-08-02 01:22:03 [time 89819 ms] [JavaFX Application Thread] PlayerShip [moveLeft Line: 139] - Moving Left
[DEBUG] 2026-08-02 01:22:03 [time 89820 ms] [JavaFX Application Thread] PlayerShip [moveTop Line: 149] - Moving Top
[DEBUG] 2026-08-02 01:22:03 [time 89826 ms] [JavaFX Application Thread] GameController [lambda$addEventListeners$0 Line: 59] - angle: -52.05425678034495, rotatedangle: 37.94574321965505
[DEBUG] 2026-08-02 01:22:03 [time 89828 ms] [JavaFX Application Thread] PlayerShip [moveLeft Line: 139] - Moving Left
[DEBUG] 2026-08-02 01:22:03 [time 89828 ms] [JavaFX Application Thread] PlayerShip [moveTop Line: 149] - Moving Top
[DEBUG] 2026-08-02 01:22:03 [time 89836 ms] [JavaFX Application Thread] PlayerShip [moveLeft Line: 139] - Moving Left
[DEBUG] 2026-08-02 01:22:03 [time 89836 ms] [JavaFX Application Thread] PlayerShip [moveTop Line: 149] - Moving Top
[DEBUG] 2026-08-02 01:22:03 [time 89845 ms] [JavaFX Application Thread] PlayerShip [moveLeft Line: 139] - Moving Left
[DEBUG] 2026-08-02 01:22:03 [time 89845 ms] [JavaFX Application Thread] PlayerShip [moveTop Line: 149] - Moving Top
[DEBUG] 2026-08-02 01:22:03 [time 89853 ms] [JavaFX Application Thread] PlayerShip [moveLeft Line: 139] - Moving Left
[DEBUG] 2026-08-02 01:22:03 [time 89853 ms] [JavaFX Application Thread] PlayerShip [moveTop Line: 149] - Moving Top
[DEBUG] 2026-08-02 01:22:03 [time 89859 ms] [JavaFX Application Thread] GameController [lambda$addEventListeners$0 Line: 59] - angle: -44.618033795270975, rotatedangle: 45.381966204729025
[DEBUG] 2026-08-02 01:22:03 [time 89861 ms] [JavaFX Application Thread] PlayerShip [moveLeft Line: 139] - Moving Left
[DEBUG] 2026-08-02 01:22:03 [time 89861 ms] [JavaFX Application Thread] PlayerShip [moveTop Line: 149] - Moving Top
[DEBUG] 2026-08-02 01:22:03 [time 89869 ms] [JavaFX Application Thread] PlayerShip [moveLeft Line: 139] - Moving Left
[DEBUG] 2026-08-02 01:22:03 [time 89870 ms] [JavaFX Application Thread] PlayerShip [moveTop Line: 149] - Moving Top
[DEBUG] 2026-08-02 01:22:03 [time 89878 ms] [JavaFX Application Thread] PlayerShip [moveLeft Line: 139] - Moving Left
[DEBUG] 2026-08-02 01:22:03 [time 89878 ms] [JavaFX Application Thread] PlayerShip [moveTop Line: 149] - Moving Top
[DEBUG] 2026-08-02 01:22:03 [time 89886 ms] [JavaFX Application Thread] PlayerShip [moveLeft Line: 139] - Moving Left
[DEBUG] 2026-08-02 01:22:03 [time 89886 ms] [JavaFX Application Thread] PlayerShip [moveTop Line: 149] - Moving Top
[DEBUG] 2026-08-02 01:22:03 [time 89894 ms] [JavaFX Application Thread] PlayerShip [moveLeft Line: 139] - Moving Left
[DEBUG] 2026-08-02 01:22:03 [time 89895 ms] [JavaFX Application Thread] PlayerShip [moveTop Line: 149] - Moving Top
[DEBUG] 2026-08-02 01:22:03 [time 89903 ms] [JavaFX Application Thread] PlayerShip [moveLeft Line: 139] - Moving Left
[DEBUG] 2026-08-02 01:22:03 [time 89903 ms] [JavaFX Application Thread] PlayerShip [moveTop Line: 149] - Moving Top
[DEBUG] 2026-08-02 01:22:03 [time 89911 ms] [JavaFX Application Thread] PlayerShip [moveLeft Line: 139] - Moving Left
[DEBUG] 2026-08-02 01:22:03 [time 89911 ms] [JavaFX Application Thread] PlayerShip [moveTop Line: 149] - Moving Top
[DEBUG] 2026-08-02 01:22:03 [time 89919 ms] [JavaFX Application Thread] PlayerShip [moveLeft Line: 139] - Moving Left
[DEBUG] 2026-08-02 01:22:03 [time 89919 ms] [JavaFX Application Thread] PlayerShip [moveTop Line: 149] - Moving Top
[DEBUG] 2026-08-02 01:22:03 [time 89928 ms] [JavaFX Application Thread] PlayerShip [moveLeft Line: 139] - Moving Left
[DEBUG] 2026-08-02 01:22:03 [time 89928 ms] [JavaFX Application Thread] PlayerShip [moveTop Line: 149] - Moving Top
[DEBUG] 2026-08-02 01:22:03 [time 89936 ms] [JavaFX Application Thread] PlayerShip [moveLeft Line: 139] - Moving Left
[DEBUG] 2026-08-02 01:22:03 [time 89936 ms] [JavaFX Application Thread] PlayerShip [moveTop Line: 149] - Moving Top
[DEBUG] 2026-08-02 01:22:03 [time 89944 ms] [JavaFX Application Thread] PlayerShip [moveLeft Line: 139] - Moving Left
[DEBUG] 2026-08-02 01:22:03 [time 89944 ms] [JavaFX Application Thread] PlayerShip [moveTop Line: 149] - Moving Top
[DEBUG] 2026-08-02 01:22:03 [time 89952 ms] [JavaFX Application Thread] PlayerShip [moveLeft Line: 139] - Moving Left
[DEBUG] 2026-08-02 01:22:03 [time 89952 ms] [JavaFX Application Thread] PlayerShip [moveTop Line: 149] - Moving Top
[DEBUG] 2026-08-02 01:22:03 [time 89961 ms] [JavaFX Application Thread] PlayerShip [moveLeft Line: 139] - Moving Left
[DEBUG] 2026-08-02 01:22:03 [time 89961 ms] [JavaFX Application Thread] PlayerShip [moveTop Line: 149] - Moving Top
[DEBUG] 2026-08-02 01:22:03 [time 89969 ms] [JavaFX Application Thread] PlayerShip [moveLeft Line: 139] - Moving Left
[DEBUG] 2026-08-02 01:22:03 [time 89970 ms] [JavaFX Application Thread] PlayerShip [moveTop Line: 149] - Moving Top
[DEBUG] 2026-08-02 01:22:03 [time 89978 ms] [JavaFX Application Thread] PlayerShip [moveLeft Line: 139] - Moving Left
[DEBUG] 2026-08-02 01:22:03 [time 89978 ms] [JavaFX Application Thread] PlayerShip [moveTop Line: 149] - Moving Top
[DEBUG] 2026-08-02 01:22:03 [time 89985 ms] [JavaFX Application Thread] PlayerShip [moveLeft Line: 139] - Moving Left
[DEBUG] 2026-08-02 01:22:03 [time 89985 ms] [JavaFX Application Thread] PlayerShip [moveTop Line: 149] - Moving Top
[DEBUG] 2026-08-02 01:22:03 [time 89995 ms] [JavaFX Application Thread] PlayerShip [moveLeft Line: 139] - Moving Left
[DEBUG] 2026-08-02 01:22:03 [time 89995 ms] [JavaFX Application Thread] PlayerShip [moveTop Line: 149] - Moving Top
[DEBUG] 2026-08-02 01:22:03 [time 90003 ms] [JavaFX Application Thread] PlayerShip [moveLeft Line: 139] - Moving Left
[DEBUG] 2026-08-02 01:22:03 [time 90003 ms] [JavaFX Application Thread] PlayerShip [moveTop Line: 149] - Moving Top
[DEBUG] 2026-08-02 01:22:03 [time 90011 ms] [JavaFX Application Thread] PlayerShip [moveLeft Line: 139] - Moving Left
[DEBUG] 2026-08-02 01:22:03 [time 90011 ms] [JavaFX Application Thread] PlayerShip [moveTop Line: 149] - Moving Top
[ INFO] 2026-08-02 01:22:03 [time 90011 ms] [JavaFX Application Thread] PlayerShip [updateAndCollidePlayerShip Line: 581] - PlayerShip collided with asteroid
[ INFO] 2026-08-02 01:22:03 [time 90015 ms] [JavaFX Application Thread] PlayerShip [updateAndCollidePlayerShip Line: 677] - Game Over
